specObjID,plate,mjd,fiberID,ra,dec,z,h_alpha_flux,h_alpha_flux_err,h_beta_flux,h_beta_flux_err,oiii_5007_flux,oiii_5007_flux_err,nii_6584_flux,nii_6584_flux_err,lgm_tot_p50,lgm_tot_p16,lgm_tot_p84,sfr_tot_p50,N2,log_OH
304063925375232000,270,51909,258,152.31119,-1.0453774,0.07119782,350.802,5.680297,91.15741,3.740744,20.89183,3.364567,152.8503,4.338308,10.44979,10.36006,10.54624,0.3069846,-0.36079576525545803,8.69434641380439
300620799662909440,267,51608,20,148.72704,-1.1209844,0.08433501,255.8474,3.203324,62.44374,2.522492,12.67478,2.276222,98.81001,2.212105,10.07819,9.975739,10.1838,0.2422513,-0.4131800646493245,8.664487363149885
300786001284982784,267,51608,621,148.92474,0.22252607,0.03546179,420.5194,4.622836,106.9028,2.950669,202.5237,4.078989,88.06135,2.256118,9.520961,9.435987,9.618425,-0.3285406,-0.6790006970826604,8.512969602662883
299565818625157120,266,51630,278,145.51958,-0.2775546,0.09826267,210.204,3.037643,52.01683,2.339695,34.71779,2.353605,61.65749,2.018251,10.28323,10.20209,10.3812,0.3088091,-0.5326551348583343,8.59638657313075
302984479851440128,269,51910,427,150.91499,0.39097085,0.04454955,448.1151,5.811275,106.5143,3.668913,27.09401,3.191468,196.9852,4.179543,10.00337,9.927868,10.09716,0.1677826,-0.3569559807141078,8.69653509099296
303015541054924800,269,51910,540,151.17115,0.91421799,0.04583271,88.36258,3.008585,27.10824,2.536206,35.92679,2.626376,12.72569,1.599127,9.104479,9.047264,9.187401,-0.3146882,-0.841587048321964,8.42029538245648
300760437639636992,267,51608,528,148.16127,1.1031797,0.06287378,93.78834,2.199248,27.30935,1.820855,22.63283,1.943323,20.37842,1.333207,9.542772,9.471795,9.635749,-0.1874999,-0.6629783403410383,8.522102346005608
300754115447777280,267,51608,505,148.33526,0.72067232,0.02078303,282.2596,3.608432,94.89962,3.100027,114.8077,3.430614,53.88492,1.957381,8.857337,8.789945,8.955684,-0.8698019,-0.7191814793233042,8.490066556785717
300771157878007808,267,51608,567,148.32598,0.88944426,0.09498237,258.3044,3.310326,56.68415,2.169563,38.59486,2.262063,105.9083,2.231333,10.17574,10.08394,10.2738,0.1972916,-0.3872018071180517,8.679294969942712
300782427872192512,267,51608,608,148.63264,1.0879794,0.1247545,248.6414,3.321208,61.9308,2.218984,21.10355,2.227959,76.84927,2.218026,10.25037,10.15856,10.40684,0.6984149,-0.5099336960233163,8.609337793266711
304054304648488960,270,51909,223,152.40433,-0.3270286,0.06670682,386.8065,5.151794,77.2675,2.861842,21.32518,2.491591,128.2007,3.110373,10.18353,10.0895,10.27739,0.2143672,-0.4796033669539976,8.626626080836221
299658727357704192,266,51630,616,146.84222,0.74084309,0.02013125,473.6742,4.980221,116.5431,3.381064,105.9001,3.362133,128.7748,2.614155,9.300351,9.197773,9.401096,-0.991119,-0.5656488462486029,8.577580157638296
301762642907785216,268,51633,78,150.34506,-0.1570532,0.09086309,182.9527,2.839248,39.43608,2.04968,23.87024,2.8085,55.98114,2.025812,10.18891,10.10198,10.28587,0.3159702,-0.5142970849565021,8.606850661574795
302921807688656896,269,51910,199,151.12586,-0.15564361,0.1226908,978.9601,9.54037,219.2803,4.224236,85.29597,3.232491,424.3368,5.027249,10.33172,10.23625,10.45623,0.9084492,-0.3630542944259987,8.693059052177182
299588083735619584,266,51630,359,145.28856,0.34651307,0.06460119,155.0861,2.713421,32.05624,2.166479,12.76922,2.183434,46.9244,1.971767,9.92829,9.843597,10.02864,0.03468393,-0.51917414655982,8.604070736460903
300740646430337024,267,51608,456,147.99331,0.93640433,0.0880089,258.7148,3.512493,56.74957,2.61239,25.94346,2.54135,79.41491,2.277211,10.19501,10.10859,10.29358,0.2724679,-0.512919225557533,8.607636041432206
301880840407771136,268,51633,508,149.96206,0.18050882,0.1246748,223.1318,3.404991,39.80885,2.207309,12.86048,2.105783,93.75179,2.740507,10.4879,10.38721,10.59034,0.7617589,-0.37658190044603673,8.68534831674576
299664774671656960,266,51630,638,147.19292,0.27191843,0.02016207,2891.112,21.44574,794.5548,9.272701,626.6895,9.35099,740.2675,7.623108,9.370326,9.296456,9.50381,-0.07398286,-0.5916762333635731,8.562744546982763
299517714991441920,266,51630,103,146.59449,-0.13317431,0.0456523,76.40859,2.839703,15.31487,2.407868,12.30203,2.256964,17.57924,1.596452,9.605663,9.505731,9.714461,-0.4948,-0.6381420901662485,8.536259008605239
301892660157769728,268,51633,551,150.19313,0.20806812,0.1338845,609.3261,5.704637,157.4212,3.125852,82.82269,2.874016,198.5035,2.934815,10.27163,10.20468,10.36924,0.7894861,-0.48708161256547244,8.62236348083768
301903380396140544,268,51633,590,150.28953,0.58652514,0.03422084,176.7913,2.365292,50.38275,1.946481,38.52822,1.9879,40.77235,1.397027,9.189971,9.133575,9.256885,-0.3095871,-0.6370951456775908,8.536855766963773
301907778442651648,268,51633,606,150.16656,1.0684998,0.09363134,134.4062,2.276971,32.0603,1.906245,11.14184,1.635126,42.97071,1.598669,10.09927,10.00724,10.20589,0.1104978,-0.4952467731338221,8.617709339313722
303039455432828928,269,51910,627,152.00348,0.35649896,0.0315523,515.8463,5.890508,166.0813,4.051845,374.4175,6.067232,47.48361,2.053334,8.779552,8.703516,8.859195,-0.3199299,-1.0359765905226717,8.309493343402078
299623817863522304,266,51630,489,146.08981,0.65983497,0.03610206,56.51643,1.956962,15.24712,2.175401,15.74001,2.28521,20.85264,1.516511,9.533856,9.428717,9.642643,-1.197285,-0.4330136751248741,8.653182205178823
300739821796616192,267,51608,453,147.96838,0.76446076,0.1427079,234.954,3.251319,53.53412,2.471125,14.18542,2.209085,80.6431,2.562717,10.48629,10.40199,10.58005,0.6909093,-0.4644156289867456,8.635283091477556
301761818274064384,268,51633,75,150.29487,-0.10716579,0.09199978,710.4791,6.351629,200.2337,3.369928,211.9003,3.825894,169.5144,2.66513,9.797049,9.743414,9.872291,0.4707875,-0.6223447101243482,8.545263515229122
300745594232662016,267,51608,474,147.89718,0.43473978,0.02063313,1615.863,12.72154,491.2562,5.860299,465.3918,5.990117,311.3021,3.726539,9.396223,9.303869,9.498045,-0.390406,-0.7152224862139777,8.492323182858033
303043028845619200,269,51910,640,152.08589,0.25061994,0.0314129,159.1111,2.958854,57.57797,2.620919,24.14566,2.318363,50.82046,2.051662,9.596257,9.53397,9.684463,-0.04162476,-0.4956618864679496,8.617472724713268
301851978227542016,268,51633,403,149.33768,0.81491532,0.03853054,55.71701,1.701216,16.44392,1.609426,12.32566,2.290007,18.66358,1.584349,9.466243,9.385607,9.559876,-0.6646209,-0.47499284972591505,8.62925407565623
301870395047307264,268,51633,470,149.38738,0.66816848,0.08699062,1377.372,9.744637,342.5907,4.609422,251.1261,4.344864,473.4592,4.38168,10.59458,10.06758,10.94466,0.3315616,-0.46376869021159317,8.635651846579393
300713708395456512,267,51608,358,147.30934,0.3442723,0.07294767,277.6913,3.502074,81.46915,2.689712,77.41117,2.920129,69.25172,2.054905,9.863623,9.790909,9.982266,0.4332767,-0.6031317092129742,8.556214925748606
301860224564750336,268,51633,433,149.33858,0.7064551,0.08737121,2461.139,17.06004,438.9782,5.567213,288.1552,5.042964,912.5567,7.222582,10.62297,10.51959,10.72881,1.240488,-0.43087628440202896,8.654400517890844
302870405520058368,269,51910,12,151.67706,-0.89263129,0.0955369,512.6663,6.178103,116.3495,4.222839,33.1859,3.761493,231.0068,4.019228,10.4195,10.3231,10.51112,0.6230878,-0.34621000600161395,8.702660296579081
300659557447788544,267,51608,161,148.10352,-0.46224293,0.106981,283.6448,3.75158,70.57777,2.381278,23.34986,2.239243,106.8202,2.771751,10.23378,10.15535,10.32833,0.3965435,-0.42412143937938135,8.658250779553754
304068598299650048,270,51909,275,152.261,-0.26415103,0.06932157,195.4794,3.13563,52.80693,2.279799,16.60409,2.000443,62.0428,2.015683,9.694052,9.624944,9.785484,-0.01891555,-0.4984096079917586,8.615906523444698
300631794779187200,267,51608,60,148.45399,-0.79593592,0.08940861,875.5927,7.129237,196.5765,3.698131,56.91388,2.927918,352.4027,4.041708,10.33737,10.2452,10.43735,0.5681639,-0.39526290492464927,8.67470014419295
301787107041503232,268,51633,167,149.84503,-0.016458094,0.07280485,296.3441,3.555487,54.81047,2.210435,25.32078,2.14309,109.7421,2.335342,10.21284,10.12389,10.31049,0.3410714,-0.43142301866670474,8.654088879359978
302964413764233216,269,51910,354,150.63229,0.26111798,0.04374476,91.79169,2.44801,25.00294,2.15801,12.42565,2.143021,26.42874,2.321699,9.547469,9.472671,9.64017,-0.3064653,-0.5407269073618364,8.591785662803753
302903665746798592,269,51910,133,150.82352,-0.83311427,0.1176201,278.742,4.621794,77.54935,2.955865,56.85552,2.965671,74.33155,3.104519,9.91403,9.827067,10.04031,0.3887289,-0.5740292227895126,8.572803343009978
304069697811277824,270,51909,279,152.25671,-0.34889085,0.0711996,235.755,3.636511,58.93829,2.415901,15.8679,2.045458,75.03331,2.268048,9.666656,9.599413,9.757042,0.08444676,-0.49720680699626824,8.616592120012127
301807722884524032,268,51633,242,148.96589,-0.99283568,0.08443944,160.1712,2.497444,41.82759,2.020365,21.72045,2.122846,52.5919,1.708253,9.782548,9.712235,9.877737,0.04763459,-0.4836655683606245,8.624310626034445
300748617889638400,267,51608,485,148.18812,0.75165767,0.02616739,2008.508,14.68418,652.4969,7.216549,2147.528,17.18211,139.4422,2.398625,8.485353,8.36093,8.651177,-0.2876188,-1.1584793398068123,8.239666776310118
300632619412908032,267,51608,63,149.09028,-0.25137208,0.02139691,1253.103,10.34363,293.0078,4.646025,109.8257,3.454516,380.4087,4.460206,9.548556,9.4619,9.646119,-0.3263336,-0.51773632895747,8.604890292494243
300615576982677504,267,51608,1,148.59859,-0.73222758,0.04655848,212.5971,3.508145,74.67915,2.687029,104.2611,3.149531,42.20855,1.772798,9.622324,9.530331,9.738407,-0.2669785,-0.7021569030996112,8.499770565233222
299577088619341824,266,51630,319,145.16739,-0.4823431,0.06237372,118.0372,2.249772,35.12086,1.940183,21.07775,2.098637,32.00217,1.619299,9.530203,9.459841,9.624979,-0.2674824,-0.5668394709891356,8.576901501536193
300698040354760704,267,51608,301,146.78847,-0.31065752,0.05661373,86.15946,2.05165,21.42213,1.931363,20.60324,1.93604,15.16521,1.368317,9.405702,9.318319,9.504146,-0.3492937,-0.7544545398059169,8.469960912310627
301915475024046080,268,51633,634,150.52855,0.25767815,0.04574162,93.14961,2.723551,26.42593,2.035096,16.0966,1.697796,26.37182,1.441878,9.364898,9.301609,9.450599,-0.1959998,-0.5480409381073613,8.587616665278805
300631245023373312,267,51608,58,148.50439,-0.7917225,0.0891128,228.8008,2.936457,60.60601,2.051957,58.85229,2.196884,53.63553,1.645658,9.847684,9.788057,9.929645,0.376092,-0.630004962165821,8.540897171565483
303010318374692864,269,51910,521,151.15529,0.82931967,0.06594614,1550.91,13.13206,331.4507,5.578319,128.002,4.21933,640.8735,6.582103,9.977845,9.846353,10.11915,0.6480117,-0.3838142822827647,8.681225859098824
303011692764227584,269,51910,526,150.9942,0.73665141,0.04659506,335.0702,4.974041,99.25793,2.939908,22.25117,2.369515,128.5562,2.975832,9.944843,9.870419,10.03902,0.01608802,-0.41604277827394515,8.662855616383851
299531733764696064,266,51630,154,146.39902,-0.35038267,0.05354775,376.7933,4.230413,83.58832,2.909524,70.26048,2.801459,107.1019,2.328439,9.64341,9.552347,9.743503,-0.1013138,-0.5463059963904554,8.588605582057442
304049631724070912,270,51909,206,152.49254,-1.1817654,0.03176129,240.4107,3.522474,72.23491,2.516813,34.66051,2.292989,62.36785,1.988459,9.395621,9.32303,9.488191,-0.4072894,-0.5859930200558816,8.565983978568148
301771164122900480,268,51633,109,150.20822,-0.14916317,0.04281429,305.8771,3.961233,75.59972,2.640663,12.83736,2.253856,117.3492,3.245783,10.24981,10.16092,10.33467,-0.002765471,-0.4160668307736094,8.662841906459043
299491051834468352,266,51630,6,146.63167,-0.98827781,0.05265425,127.3058,2.640886,38.33226,2.279489,35.46671,2.388157,25.78963,1.602235,9.363875,9.29432,9.457402,-0.4110092,-0.6934030789586952,8.504760244993545
299536681567021056,266,51630,172,146.28301,0.064056069,0.0215799,136.375,2.585506,28.29921,2.410678,28.87652,2.287023,38.69307,1.757945,8.997279,8.9031,9.090311,-1.1372,-0.5471015745532334,8.588152102504658
301889361622886400,268,51633,539,149.65731,0.87075168,0.03902926,633.8989,5.792587,162.0747,3.043153,174.2333,3.514477,128.8082,2.338598,9.614254,9.54467,9.701806,-0.09166654,-0.6920764868181295,8.505516402513667
301902555762419712,268,51633,587,150.22255,0.55250011,0.04627055,166.8309,3.157361,39.89712,2.379163,9.594817,1.732352,50.62418,1.773959,9.750198,9.659886,9.840364,-0.4568921,-0.5179184910169303,8.60478646012035
299625742008870912,266,51630,496,146.17224,0.57064832,0.1443569,173.359,3.039831,41.44617,2.804401,15.18344,2.650295,63.29676,2.475496,10.52166,10.43293,10.6166,0.5626905,-0.43756491298744,8.65058799959716
300777480069867520,267,51608,590,148.86002,0.74859553,0.08944283,158.5138,2.67717,40.13844,2.189026,14.58842,2.167369,77.83401,2.174662,10.26641,10.17104,10.36053,0.08431192,-0.30889767146685176,8.723928327263895
300644164284999680,267,51608,105,148.87361,-0.29058415,0.1354369,164.0225,3.250294,45.68753,2.303758,13.09859,2.553002,74.49374,2.697261,10.79502,10.71426,10.88966,0.8989325,-0.3427836482255805,8.70461332051142
301760718762436608,268,51633,71,150.301,-0.006601762,0.03264355,128.2808,2.394579,27.99174,1.952725,22.77008,1.986404,32.7762,1.698053,9.28467,9.200379,9.384112,-0.7312996,-0.5926030586506443,8.562216256569133
302867656740988928,269,51910,2,151.50262,-0.94281438,0.04359543,289.3204,3.970433,87.80264,3.02493,216.2337,4.350788,29.04395,1.879849,8.895643,8.834828,8.970867,-0.2440129,-0.9983233764241616,8.33095567543823
300633444046628864,267,51608,66,149.06268,-0.029201504,0.06383968,497.6858,5.561821,112.1052,3.298527,20.10443,2.90599,207.3628,3.694206,10.2292,10.1399,10.32755,0.3829436,-0.3802244011387178,8.683272091350931
300655434279184384,267,51608,146,148.58493,-0.31146803,0.02968988,39.28343,1.473909,15.30469,1.505966,21.22053,1.851103,6.298053,1.095224,8.576424,8.513987,8.649391,-0.808125,-0.7950030897978854,8.446848238815205
302991076921206784,269,51910,451,150.89163,0.91992167,0.09782924,223.886,3.609516,59.36614,2.52725,14.30808,2.253624,90.58877,2.557127,10.28656,10.19605,10.38569,0.2296936,-0.39295257428577857,8.676017032657107
299552349607716864,266,51630,229,145.68939,-0.011335705,0.09768173,270.9315,3.600594,57.52115,2.602858,25.31132,2.533188,88.04391,2.432146,10.28719,10.19302,10.38187,0.3071693,-0.4881601802764152,8.621748697242444
304002902479890432,270,51909,36,153.78413,-0.2442526,0.1435468,369.441,4.90417,80.5034,3.089376,26.17229,2.93495,131.5571,3.577817,10.54264,10.45524,10.64,0.8777559,-0.44843079964341076,8.644394444203256
300788750064052224,267,51608,631,149.07411,0.57468091,0.0650007,1948.772,14.13681,404.4327,5.153185,413.2411,5.431853,634.2519,5.488029,10.08703,9.923734,10.22604,0.7592734,-0.48749925415247014,8.622125425133092
300783252505913344,267,51608,611,148.76194,0.75748407,0.04713756,302.2073,4.23329,86.11896,3.127371,59.23248,2.909816,78.71181,2.27281,9.616385,9.552298,9.706693,0.05454562,-0.5842650515417731,8.56696892062119
299594680805386240,266,51630,383,145.59403,0.30938427,0.04570889,586.3332,6.867763,113.9731,3.847119,37.4241,3.757887,269.3496,4.707122,10.50634,10.40837,10.60452,0.220492,-0.33782815104878255,8.707437953902195
301741477308950528,268,51633,1,150.0698,-0.97445885,0.06874236,878.3365,7.679183,256.4054,4.280243,610.9689,6.511196,114.4482,2.177,9.106053,8.998894,9.293658,0.09032455,-0.8850519639563184,8.395520380544898
304059527328720896,270,51909,242,152.34263,-1.2271187,0.03180367,141.9135,2.707897,45.04219,2.280948,15.84112,2.053817,42.75322,1.815946,9.337989,9.27388,9.43108,-0.3382277,-0.5210548815452081,8.602998717519231
300674125976856576,267,51608,214,147.80929,-0.72849148,0.03680692,323.2633,3.871348,70.00838,2.275418,27.10915,2.110068,108.3483,2.333258,10.06454,9.97729,10.15662,-0.200828,-0.47473430050033866,8.629401448714807
303015815932831744,269,51910,541,151.73365,0.50181922,0.06864624,102.4856,2.769458,27.43907,2.291876,13.21965,2.326146,36.32287,1.898326,9.793453,9.71104,9.895664,-0.1217073,-0.45048269166048654,8.643224865753522
304063375619418112,270,51909,256,152.31747,-0.74041129,0.06713399,153.5001,2.727412,45.76846,2.083831,52.59118,2.226362,27.1839,1.4703,9.505971,9.447799,9.59241,-0.03648188,-0.7517968988297429,8.471475767667046
301890461134514176,268,51633,543,150.12978,0.7589614,0.03323909,1103.616,8.513324,266.4868,3.893509,379.8548,4.786723,195.0518,2.612698,9.316263,9.231856,9.421415,-0.1814937,-0.7526680256919321,8.470979225355599
299546852049577984,266,51630,209,145.59655,-1.2053233,0.1473114,1584.278,12.58163,472.8501,31.42236,1647.43,13.33863,230.83,3.172207,9.402138,9.246933,9.635912,1.436788,-0.8365391398695817,8.423172690274338
299604851287943168,266,51630,420,145.89356,1.0284222,0.05329375,267.5282,3.874518,61.06378,2.786848,21.92434,2.540144,86.58644,2.464135,10.00599,9.924275,10.09746,0.04179282,-0.48991968351171905,8.62074578039832
301904205029861376,268,51633,593,150.24791,0.30667754,0.04573169,334.7697,3.918788,101.8651,2.579432,110.3737,2.549902,69.59578,1.668594,9.365784,9.289688,9.477444,-0.2935231,-0.6821632365242939,8.511166955181153
300691993040807936,267,51608,279,147.4905,-0.31634141,0.06365392,205.4111,3.441482,49.79659,2.463042,14.78505,2.39604,72.0042,2.355003,10.14175,10.06406,10.23778,0.2553846,-0.45526607875279906,8.640498335110905
300660382081509376,267,51608,164,148.18303,-0.058259826,0.04565335,559.7024,7.05019,129.3916,3.96503,24.06569,3.557712,199.7853,4.817954,10.62687,10.54474,10.72119,0.62,-0.447393639044986,8.644985625744358
303014991299110912,269,51910,538,151.12788,0.88949037,0.06168771,127.697,2.593755,39.78613,2.151832,29.5645,2.225812,28.92682,1.656132,9.615306,9.551813,9.701432,-0.002853245,-0.6448800012956133,8.5324183992615
299627941032126464,266,51630,504,146.40623,0.6041419,0.05756393,159.557,3.218228,36.79979,2.853023,22.10358,2.902605,44.34494,2.140167,9.735383,9.649574,9.832218,-0.2059492,-0.5560717904634559,8.58303907943583
300707935959410688,267,51608,337,147.20183,0.92040828,0.02855049,43.80646,1.709719,14.86939,2.184654,17.43116,2.150306,7.199251,1.244774,9.082833,9.013775,9.17522,-0.655131,-0.784250843868034,8.45297701899522
299550150584461312,266,51630,221,145.74475,-0.076351718,0.06259136,724.7258,6.389958,194.5769,3.490486,107.4063,3.052692,229.4589,3.151566,10.07151,9.993697,10.17097,0.327821,-0.4994688150390013,8.61530277542777
299532558398416896,266,51630,157,146.30086,0.035479627,0.021758,2292.528,16.9811,638.0527,8.117599,780.1143,9.821332,465.8451,5.742815,9.370238,9.286871,9.486657,-0.2561884,-0.6920731169550349,8.50551832333563
299649656386775040,266,51630,583,146.8769,0.36161608,0.1258487,1001.9,8.549173,234.3673,4.26445,152.4512,4.071981,407.2336,4.751184,10.70791,10.61581,10.82463,1.084822,-0.39098077306132006,8.677140959355048
300727452290803712,267,51608,408,147.72594,1.1926648,0.02833657,403.5322,4.124889,133.7764,3.078757,352.6557,4.84404,33.18724,1.488544,8.596456,8.530986,8.68104,-0.68762,-1.0849070590985443,8.281602976313831
304041385386862592,270,51909,176,152.63433,-0.30866519,0.06913372,195.8297,3.033099,59.81295,2.1217,69.71578,2.433748,40.21154,1.58393,9.481328,9.430409,9.555505,0.06624375,-0.6875278528020439,8.508109123902836
299569392037947392,266,51630,291,145.36211,-0.71402013,0.1315616,179.5962,2.84467,50.89903,2.28608,15.69489,2.10017,58.15033,1.837542,10.24234,10.17335,10.33113,0.5304826,-0.48974495970600307,8.620845372967578
300646913064069120,267,51608,115,148.84264,-0.078736738,0.08793307,72.34141,2.107149,18.22849,1.813968,12.8526,2.011326,28.66508,1.839836,10.2766,10.18959,10.36892,0.2371759,-0.40203381113921455,8.670840727650647
301912176489162752,268,51633,622,150.39058,0.44874703,0.0332075,269.974,3.37635,93.7084,2.569785,71.48046,2.526275,63.82867,1.871688,9.344182,9.28956,9.427427,-0.1389764,-0.6263061460788115,8.543005496735077
300774456412891136,267,51608,579,148.44052,0.78675317,0.02051127,386.9496,3.878381,111.6566,2.686309,230.4097,3.674206,42.9607,1.392396,8.584379,8.516062,8.679173,-1.120883,-0.954583052927496,8.355887659831328
301818443122894848,268,51633,281,148.82384,-1.2450237,0.02067165,57.00282,1.6882,21.05913,1.990714,25.44332,1.940134,10.254,1.118869,8.469623,8.409707,8.553521,-1.080132,-0.7450030281846811,8.475348273934733
304058977572907008,270,51909,240,152.36122,-0.36432869,0.09554072,658.9089,7.130632,166.6342,3.496251,131.7635,3.437734,183.7893,3.124511,10.06177,9.943986,10.24575,0.6757044,-0.5545051500153968,8.583932064491224
301905029663582208,268,51633,596,150.29948,0.32932078,0.03448851,1162.312,9.816885,245.3313,4.376595,44.59954,3.289293,477.29,5.492077,10.41178,10.30761,10.51313,0.5374109,-0.3865403863043756,8.679671979806507
302926205735168000,269,51910,215,150.59451,-0.91320393,0.09436264,222.838,3.723564,55.8471,2.846374,18.26258,2.608754,68.62834,2.50904,10.10874,10.03491,10.20681,0.4276711,-0.5114857577647984,8.608453118074065
302905040136333312,269,51910,138,150.63976,-0.9092971,0.04725183,563.6133,6.97497,200.3605,4.677447,432.1139,6.800812,76.72157,2.717018,8.943782,8.855702,9.027184,0.09058984,-0.8660637514416007,8.406343661678289
299503421340280832,266,51630,51,146.51283,-0.84576492,0.06490172,1151.211,9.593594,257.9409,4.88587,95.84792,4.246964,563.4586,6.08935,10.87028,10.76188,10.96667,0.8837754,-0.31029291883936705,8.723133036261562
299602927142594560,266,51630,413,146.01225,0.76563817,0.0374546,725.4607,6.299401,214.1368,3.881145,197.4061,3.864455,161.5144,2.73844,9.420765,9.328526,9.548104,-0.3197586,-0.652402642193314,8.528130493949812
301804424349640704,268,51633,230,149.45614,-0.26945756,0.08184298,997.2265,7.995161,227.9782,3.824137,66.70953,2.879372,338.4266,3.877125,10.28082,10.19443,10.40896,0.7228743,-0.46932931996692134,8.632482287618854
302934177194469376,269,51910,244,150.39231,-0.90711758,0.04718106,110.4406,2.918484,28.6416,2.186178,36.85067,2.376289,26.33488,1.823732,9.686858,9.624001,9.774826,0.03838542,-0.6225974136512653,8.54511947421878
303000422770042880,269,51910,485,151.30126,0.63218725,0.0624475,166.9756,3.315911,31.84736,2.32645,13.78317,2.266559,69.66644,2.426162,10.50057,10.40526,10.61193,0.09182053,-0.3796293943334891,8.683611245229912
302961390107256832,269,51910,343,150.62006,0.33323868,0.03270039,1919.12,17.48914,485.9553,6.809026,374.6314,6.454805,549.1483,6.433821,9.424104,9.325755,9.581282,-0.09206761,-0.5434124879434731,8.590254881872221
299532008642603008,266,51630,155,146.32316,-0.029989881,0.02170876,2255.693,15.7854,663.3409,7.208734,2956.007,23.91256,85.94353,1.881054,8.618754,8.544708,8.684018,-0.276271,-1.4190668041183963,8.091131921652515
304017745886865408,270,51909,90,153.30632,-0.89682588,0.06230282,582.8629,6.524456,188.4396,3.748413,206.9862,4.090914,113.8957,2.322581,9.242379,9.119692,9.44778,0.06771169,-0.7090590846725408,8.495836321736652
300726077901268992,267,51608,403,147.8556,0.93210938,0.1164241,320.3292,4.8383,73.24532,3.136828,17.83123,3.171563,127.1261,3.684787,10.60441,10.50897,10.70076,0.6489584,-0.4013618052913985,8.671223770983904
302882500147963904,269,51910,56,151.44636,-1.1805702,0.03225636,545.075,6.08659,152.6431,3.758352,163.6821,4.067122,114.4559,2.563276,9.119048,9.056254,9.215247,-0.342147,-0.6778180787573987,8.513643695108284
299494075491444736,266,51630,17,146.59272,-0.76025604,0.06495924,206.2126,3.444913,46.94843,2.55519,14.43169,2.63401,74.37387,2.565654,10.13885,10.05214,10.23553,0.0820602,-0.4428948176848784,8.64754995391962
299535582055393280,266,51630,168,146.22225,-0.3758881,0.06740563,311.4394,4.491274,64.8153,2.882532,15.68244,2.852173,91.55006,3.216102,10.60537,10.5131,10.69602,0.4338767,-0.5317149207605095,8.59692249516651
303021863246784512,269,51910,563,151.29783,0.83577785,0.09841955,312.1128,4.084883,72.37771,2.538928,16.22292,2.282579,105.1095,2.623625,10.16033,10.09206,10.25154,0.5744289,-0.47266960962294624,8.630578322514921
299634263223986176,266,51630,527,146.39189,0.97823298,0.06153553,77.01791,2.155873,15.91509,2.291965,26.32885,2.273408,14.35056,1.414333,9.539064,9.466505,9.635831,-0.03008004,-0.7297228803780855,8.484057958184492
302996574479345664,269,51910,471,151.14406,0.54171062,0.06592298,204.5621,2.885601,62.22377,2.189395,73.77646,2.456995,36.83607,1.516436,9.392156,9.336177,9.475135,0.1267956,-0.744551883841754,8.475605426210201
304027091735701504,270,51909,124,152.69799,-0.95983421,0.09223709,323.1991,4.396208,93.02721,2.899069,51.20788,2.881699,105.3562,2.652479,10.03887,9.965438,10.13106,0.240568,-0.4868100446902446,8.622518274526561
299638386392590336,266,51630,542,146.78188,0.70441663,0.08525799,111.7934,2.556624,33.0836,2.810834,13.6483,2.66028,33.79543,1.974431,9.944739,9.85008,10.0592,-0.4007896,-0.519558188047895,8.6038518328127
300682372314064896,267,51608,244,147.40154,-0.83309354,0.08136618,354.9441,4.05916,77.33115,2.755032,24.42945,2.396262,113.7861,2.519552,10.13407,10.04639,10.22901,0.2234096,-0.49407074927640504,8.61837967291245
301882764553119744,268,51633,515,149.90931,0.51314307,0.06493151,366.7948,5.015512,78.03177,3.016332,21.85851,2.852493,151.1927,3.460617,10.49264,10.41454,10.59212,0.63583,-0.38489234737022815,8.68061136199897
301771988756621312,268,51633,112,150.23171,0.086507759,0.03274609,361.5466,4.882787,59.74278,2.846905,21.22882,2.70054,163.9825,3.77909,10.24053,10.14958,10.33739,0.1189493,-0.3433667785888426,8.704280936204361
299562245212366848,266,51630,265,145.39106,-0.41559587,0.03587863,150.1607,2.613316,33.75164,2.055372,17.00939,2.137769,54.15761,1.884659,9.719369,9.627297,9.820531,-0.6342857,-0.442896793669989,8.647548827608107
302904490380519424,269,51910,136,150.6535,-1.0030934,0.04144953,210.7864,4.039564,64.18628,3.247206,100.6266,3.762649,45.84227,2.155802,9.412816,9.352407,9.491264,-0.2469333,-0.6625764719178833,8.522331411006807
301778585826387968,268,51633,136,149.3282,-0.47076727,0.08837859,275.9362,3.460713,62.26284,2.279772,16.22207,2.130393,92.25349,2.305222,10.34083,10.25812,10.4381,0.4361416,-0.4758258744598289,8.628779251557898
301790955332200448,268,51633,181,149.61426,-0.42008804,0.03307227,383.0684,4.039808,82.12549,2.234496,64.20728,2.251056,86.59921,1.871896,9.600967,9.515525,9.717206,-0.1756673,-0.6457623975387119,8.531915433402935
299552624485623808,266,51630,230,145.70269,-0.048527481,0.09832241,486.8309,5.050817,103.9028,2.861259,27.63784,2.452554,155.741,2.850807,10.38063,10.30156,10.47236,0.7173395,-0.4949751769176643,8.617864149156931
299509193776326656,266,51630,72,146.85676,-0.27404021,0.02196459,168.5709,2.579092,53.58604,2.570964,111.6831,3.207255,16.38062,1.387947,8.460274,8.395155,8.551243,-1.112155,-1.012452269908727,8.322902206152026
304040010997327872,270,51909,171,152.71702,-0.1342654,0.06864782,189.6835,4.87909,42.38734,3.179845,20.73258,3.345203,66.74867,3.804311,10.81706,10.72428,10.91268,0.5798429,-0.4535869379622084,8.641455445361542
304000703456634880,270,51909,28,153.63083,-0.25946474,0.03351018,126.0464,3.427157,35.67765,2.767699,13.58903,2.714929,48.29744,2.969362,9.773625,9.681965,9.868114,-0.7484972,-0.41660633470881575,8.662534389215976
300678798901274624,267,51608,231,147.8548,-0.36901139,0.07910439,367.6431,4.601235,76.19621,2.945373,21.31556,2.582665,138.4123,3.062431,10.49521,10.41067,10.5903,0.6323105,-0.42425173407122335,8.658176511579404
300668353540810752,267,51608,193,147.85775,-0.04388436,0.07448252,113.5525,2.372455,29.64138,1.916025,10.94909,1.784128,37.02156,1.673235,9.783442,9.709517,9.875787,-0.07528552,-0.4867419852627303,8.622557068400244
304018570520586240,270,51909,93,153.34029,-0.78142128,0.04874733,175.5219,3.298093,52.51843,2.456384,68.80053,2.801116,21.18895,1.747634,9.110654,9.057436,9.185404,-0.3322991,-0.9182218752746195,8.376613531093467
304031489782212608,270,51909,140,153.0517,-1.208791,0.08534282,166.3083,2.830355,54.39218,2.341809,27.93638,2.200484,46.38241,1.770098,9.836771,9.766408,9.938403,0.2235634,-0.5545606136816421,8.583900450201464
300699139866388480,267,51608,305,147.36287,-0.32793275,0.036578,190.5719,2.972147,49.47713,2.046206,51.20166,2.374477,43.35619,1.888904,9.297723,9.220586,9.399889,-0.5551799,-0.6430077530764026,8.53348558074645
300695291575691264,267,51608,291,147.07152,-1.2306963,0.06696795,213.6567,3.545455,57.40089,2.835768,49.01106,3.024706,69.56985,2.487296,10.08787,9.997892,10.18643,-0.06720676,-0.48729544931098767,8.622241593892737
300736248383825920,267,51608,440,147.86458,0.25588937,0.0858379,522.236,4.921081,99.44359,2.754525,113.2058,3.001092,164.933,2.662507,10.84727,10.74851,10.94945,0.6696789,-0.5005592478080124,8.614681228749433
302899542578194432,269,51910,118,151.72383,0.0069680745,0.04628231,546.3054,6.740446,121.7685,3.63515,29.49181,2.810577,189.0152,3.648417,9.522001,9.440937,9.616567,-0.1480145,-0.46093876319906507,8.637264904976533
301904479907768320,268,51633,594,150.29836,0.25289339,0.1046337,81.96252,3.564373,24.22712,2.17732,11.59108,2.209046,34.06715,3.038332,10.51525,10.41927,10.61528,0.2957485,-0.3812794999008682,8.682670685056506
300761262273357824,267,51608,531,148.07488,0.88948517,0.04655245,70.88,2.088715,19.00775,1.633041,16.89259,1.695655,20.00998,1.388493,9.58652,9.509115,9.682005,-0.3586956,-0.549277054320443,8.586912079037347
303027085927016448,269,51910,582,151.89223,0.27724718,0.03345294,530.6071,6.840851,134.492,4.060663,59.30315,3.759037,252.5382,5.015322,10.25977,10.17734,10.35812,0.1348,-0.3224459762854351,8.716205793517302
303012792275855360,269,51910,530,150.99962,0.80691492,0.0463645,760.1377,8.223203,160.614,3.745108,64.59436,3.19307,243.8329,4.063597,9.990602,9.916728,10.09295,0.2429134,-0.4937999685302725,8.618534017937746
304052105625233408,270,51909,215,152.53222,-0.8823301,0.06662225,292.5649,3.966439,70.2589,2.646896,22.52198,2.343052,95.50285,2.429305,9.69402,9.613661,9.793775,-0.1078643,-0.48620588912652785,8.62286264319788
300758238616381440,267,51608,520,148.44366,0.49440186,0.02076184,627.834,5.328325,223.9737,3.956278,625.7214,7.005453,48.6262,1.57941,8.802424,8.759869,8.855371,-0.5913914,-1.1109744989674675,8.266744535588543
300787375674517504,267,51608,626,149.06013,0.50943641,0.08021554,391.5531,4.375581,99.94367,2.916342,34.20815,2.691606,152.1624,2.828011,10.08694,10.00045,10.17871,0.1726641,-0.41048331709869396,8.666024509253745
300679073779181568,267,51608,232,147.7359,-0.31801106,0.05252608,257.3629,3.982412,65.85088,2.673676,24.48704,2.558568,95.99925,2.815305,9.910865,9.82613,10.00735,-0.1872817,-0.4282781015098287,8.655881482139398
303007294717716480,269,51910,510,151.66204,0.48060997,0.09634899,63.42082,2.31157,16.43652,2.202581,17.14678,2.433857,23.44185,1.956526,10.58602,10.48225,10.69107,0.01801477,-0.4322399702929408,8.653623216933024
301762368029878272,268,51633,77,150.31918,-0.030709698,0.03270648,325.8842,3.751862,86.29787,2.600488,155.9731,3.666002,48.87628,1.723623,8.880196,8.826972,8.955033,-1.090852,-0.8239651607625014,8.430339858365375
302964963520047104,269,51910,356,150.59746,0.25431433,0.04373935,1180.117,10.99944,344.7312,4.820952,807.1531,8.402064,123.6687,2.791708,9.115841,9.037005,9.251307,-0.09029616,-0.9796652710458393,8.341590795503873
304038911485700096,270,51909,167,152.62193,-0.33270749,0.06901301,604.633,5.897862,179.647,3.798949,200.4234,3.858458,157.4926,2.612931,9.551288,9.454826,9.705399,0.1598235,-0.5842316939580388,8.566987934443919
300646363308255232,267,51608,113,148.9724,0.094808663,0.08464247,129.9941,2.417264,32.22066,1.996921,21.52588,1.999836,46.02188,1.820856,10.14994,10.05614,10.24455,0.05300877,-0.450959285888419,8.642953207043602
301853077739169792,268,51633,407,149.33862,1.0036655,0.08696617,478.8426,4.423282,108.8445,2.654052,36.95453,2.3273,163.6765,2.554667,9.938395,9.860806,10.02806,0.275069,-0.4662064505825726,8.634262323167935
301792879477549056,268,51633,188,149.75431,-0.32729451,0.06236521,245.2484,3.476918,71.41164,2.200413,51.98675,2.288727,73.50429,2.139085,9.811068,9.736313,9.903575,-0.09636353,-0.5232934957638662,8.601722707414597
300617501128026112,267,51608,8,148.73288,-0.76115921,0.08627161,266.537,5.180221,64.29639,4.022976,27.43689,3.998506,123.455,4.317158,10.97769,10.884,11.07403,0.4647422,-0.3342488214160091,8.709478171792876
301779410460108800,268,51633,139,149.55485,-0.67151591,0.03282471,75.67236,1.861429,19.92695,1.788812,23.07946,1.809614,13.61429,1.255922,9.05108,8.975402,9.149763,-0.7039508,-0.7449422812178962,8.4753828997058
300760162761730048,267,51608,527,148.23259,1.0715144,0.09863139,295.8098,3.395192,90.64887,2.481857,92.23936,2.748619,73.01641,1.967893,9.838661,9.780648,9.923796,0.3127707,-0.6075920816441482,8.553672513462836
300700239378016256,267,51608,309,147.39152,-0.24981181,0.03620402,181.898,2.998813,41.81347,2.17581,16.31828,2.09271,59.38943,2.069721,9.793032,9.703703,9.886352,-0.4782557,-0.4861187668637166,8.622912302887682
301817893367080960,268,51633,279,149.255,-0.1600397,0.08886553,202.9576,2.839118,46.39075,2.054942,10.0248,1.832622,75.33525,1.979458,10.05734,9.967677,10.14985,0.2086849,-0.4304070848404167,8.654667961640962
301860774320564224,268,51633,435,149.30677,0.19869727,0.06574579,270.1679,3.579543,54.12619,2.211305,14.43031,2.131951,95.41296,2.432599,10.26718,10.18042,10.36587,0.2561404,-0.4520263778581569,8.64234496462085
302943523043305472,269,51910,278,150.71701,0.068748223,0.03245946,254.2883,5.316249,74.3531,4.052472,40.42921,4.107084,105.9064,4.177352,10.00071,9.909976,10.09657,-0.4147799,-0.38040417278397726,8.683169621513134
301842082622892032,268,51633,367,148.90653,1.0012438,0.08058519,234.3424,2.895898,74.17245,2.243213,37.82019,2.076787,81.0615,1.862278,9.951585,9.888047,10.03342,0.2565097,-0.46103623753439754,8.637209344605393
302975683758417920,269,51910,395,150.75101,0.15890057,0.09882391,241.406,3.37154,71.27544,2.607628,62.42987,2.680106,49.36507,2.005204,9.873017,9.794663,9.985804,0.3122582,-0.6893283028389536,8.507082867381797
304065849520580608,270,51909,265,152.26345,-0.22709347,0.04466367,1504.464,12.89241,343.3907,6.067719,128.9936,4.606103,712.5635,7.081159,10.22737,10.12675,10.37633,1.043412,-0.32455822756070124,8.715001810290401
300778854459402240,267,51608,595,148.72043,0.38881386,0.09474451,310.0363,3.695294,61.87346,2.450828,16.26287,2.270177,154.3787,2.744055,10.53776,10.44273,10.64042,0.6403877,-0.30282516585958685,8.727389655460035
304059802206627840,270,51909,243,152.26984,-1.1812437,0.09453765,233.242,4.08931,55.93951,3.046219,25.07827,2.869623,97.428,3.000533,10.3302,10.23615,10.42275,0.3378352,-0.3791229692937363,8.683899907502571
302953418647955456,269,51910,314,150.54143,-0.18924419,0.04470943,694.8866,7.660854,167.3249,4.032068,101.3435,3.8767,227.4367,4.17865,9.693502,9.624361,9.789804,0.1313462,-0.4850533916275892,8.623519566772275
299581211787945984,266,51630,334,145.34769,1.0774531,0.08884182,403.3705,4.359007,103.2128,3.061851,59.81681,2.790186,97.73875,2.382014,9.841748,9.747566,9.999209,0.3352649,-0.6156373530005889,8.549086708789664
300739272040802304,267,51608,451,147.99447,0.98467764,0.0466621,563.0275,5.93625,206.2887,3.679489,316.7859,4.590294,116.5738,2.399572,9.149796,9.06491,9.284305,-0.4352404,-0.6839286540896686,8.51016066716889
302889372095637504,269,51910,81,151.06646,-1.2134722,0.06609736,1105.474,10.98858,259.5634,5.552082,134.3046,5.268162,349.632,5.70039,10.23203,10.16802,10.32393,0.6278261,-0.49993735822421015,8.6150357058122
302947646211909632,269,51910,293,150.31844,-1.0126476,0.06834973,871.2832,8.789484,202.3544,4.079006,254.8139,4.979282,170.8294,3.289074,9.863636,9.799586,9.956543,0.5023352,-0.7075967245624298,8.496669866999415
301873968460097536,268,51633,483,149.64744,0.57001104,0.04577184,119.7877,3.049032,23.77363,2.235779,14.76306,1.956515,42.52533,1.903759,10.28094,10.18501,10.37879,-0.3145831,-0.4497645338058944,8.643634215730641
301820367268243456,268,51633,288,148.26568,-0.96023619,0.04852381,406.2286,4.350405,102.6798,2.777889,64.60162,2.619144,124.5739,2.684778,9.357174,9.290154,9.451093,-0.3116689,-0.5133434350910395,8.607394241998108
299630140055382016,266,51630,512,146.51535,0.16677959,0.04892132,507.958,5.551169,128.0497,3.680076,45.90336,3.107361,182.7587,3.413367,9.786887,9.721808,9.876781,0.08696627,-0.443949744393623,8.646948645695636
300685670848948224,267,51608,256,147.60714,-0.75427855,0.1256663,178.9259,3.338372,48.07443,2.419599,29.85422,2.328833,78.98722,2.500422,11.07409,11.04677,11.13667,0.7976806,-0.3551163815451871,8.697583662519243
302896518921218048,269,51910,107,151.65839,-0.21810678,0.09585693,405.8592,5.208263,92.30167,3.289191,27.28093,2.825984,124.4903,2.948637,10.25215,10.16629,10.35729,0.5235189,-0.5132398814691634,8.607453267562578
302898717944473600,269,51910,115,151.69436,-0.60463461,0.0874864,167.3583,3.237306,43.65201,2.596506,20.97337,2.531537,58.09896,2.336334,10.05874,9.973888,10.14905,0.06802453,-0.4594788973379233,8.638097028517384
299507544508884992,266,51630,66,146.86432,-0.46407191,0.06510994,435.4091,5.183943,104.5165,3.677787,16.89602,3.199192,149.0907,3.430533,10.14619,10.05422,10.24702,0.2748753,-0.46544694768702194,8.634695239818399
302885248927033344,269,51910,66,151.82384,-0.26039293,0.0668576,363.477,5.244451,85.41187,3.379651,45.29875,3.451801,163.1321,3.735089,10.42712,10.34105,10.52173,0.3748908,-0.34793750799816364,8.701675620441048
301915200146139136,268,51633,633,150.31873,0.12098792,0.03218562,293.8237,3.482139,68.25063,2.264468,14.5841,1.881633,86.83197,2.197969,9.93179,9.842037,10.02194,-0.2895998,-0.5294071691376842,8.59823791359152
300761537151264768,267,51608,532,148.18634,1.0591506,0.04833083,183.4266,2.86227,53.02825,2.264342,33.23087,2.341923,42.86845,1.901507,9.638206,9.556543,9.742972,-0.2069229,-0.6313245350888392,8.540145014999363
300750816912893952,267,51608,493,148.14636,0.24905748,0.08185273,1902.939,12.50428,328.7025,4.390118,429.9758,5.213962,548.7486,4.649296,10.12967,10.09712,10.30201,1.242481,-0.540051441652312,8.592170678258183
299518814503069696,266,51630,107,146.49052,-0.36931044,0.1231987,555.7532,6.709946,111.3009,4.588033,34.62197,3.919865,256.0729,4.786215,11.05481,10.9602,11.15189,1.085434,-0.3365183521788353,8.708184539258065
301811846053128192,268,51633,257,148.96402,-1.1999843,0.1065858,452.1491,4.77065,106.6274,2.865864,19.50641,2.19816,152.4541,3.387944,10.2208,10.13201,10.33565,0.5850331,-0.47214256222980994,8.630878739529008
300672751587321856,267,51608,209,147.90662,-1.1703902,0.06287614,151.5709,2.673202,39.58074,1.982732,15.4572,1.973304,51.24837,1.807892,9.807639,9.731225,9.899595,-0.1488666,-0.4709357725545546,8.631566609643905
300639491360581632,267,51608,88,148.24551,-0.97315015,0.04863385,821.1564,7.370894,185.9286,3.838354,130.6652,3.709748,218.9889,3.542726,9.94955,9.874758,10.04868,0.183914,-0.5740037799782882,8.572817845412375
301848129936844800,268,51633,389,149.1391,0.59698579,0.03467486,657.4047,5.936278,188.054,3.366102,357.9294,4.65586,87.45662,2.037751,9.077127,9.009353,9.1739,-0.4128677,-0.876040115832714,8.400657133975354
302962764496791552,269,51910,348,150.70317,0.63562404,0.04552755,73.33451,3.797849,22.63126,2.432613,15.78755,2.2503,14.53533,1.681046,9.369876,9.291347,9.466368,-0.5137228,-0.7028834983614544,8.499356405933971
300773082023356416,267,51608,574,148.55166,0.80530386,0.02883614,375.5454,4.486389,88.90245,2.86814,21.49068,2.522044,139.5597,3.081744,9.670417,9.580297,9.762299,-0.45968,-0.42990241953002495,8.654955620867886
304033963683375104,270,51909,149,152.79113,-0.39943123,0.04664793,496.3665,5.895012,145.5637,3.496611,52.03775,2.686918,200.8448,3.368238,9.780275,9.709089,9.870203,0.01244594,-0.39294187103231826,8.67602313351158
302941324020049920,269,51910,270,150.67113,-0.4238992,0.06376865,252.241,4.7675,58.73394,3.137128,16.68364,3.027432,118.3687,3.64881,10.58231,10.48781,10.67293,0.404604,-0.3285788015462258,8.712710083118651
301858300419401728,268,51633,426,149.2576,0.3565249,0.08850689,212.0866,2.925153,45.535,2.081806,14.40767,1.91958,86.69861,2.104566,10.44149,10.35259,10.54148,0.4771882,-0.38850109522015375,8.678554375724513
301761268518250496,268,51633,73,150.359,0.082449834,0.03266715,154.1149,2.555123,31.06005,1.878894,19.06136,1.786409,45.89472,1.740022,9.630978,9.543975,9.728466,-0.5311669,-0.5260819042163956,8.600133314596654
302972660101441536,269,51910,384,150.7797,0.54773925,0.04719725,297.3049,5.432585,53.86118,2.830106,24.49157,2.692466,119.6362,3.384267,10.45184,10.35655,10.5603,0.2296001,-0.3953394569440703,8.67465650954188
300654334767556608,267,51608,142,148.54937,-0.066125284,0.0475889,158.4125,2.595488,42.71885,2.001095,43.8336,1.999932,27.02734,1.431815,9.488363,9.427135,9.571453,0.01522352,-0.7679861428434474,8.462247898579236
301810196785686528,268,51633,251,148.8667,-1.0917401,0.03175354,116.0829,2.273707,41.83756,2.203376,59.95945,2.493159,13.21246,1.299782,8.727359,8.677828,8.7924,-0.5804279,-0.9437845636588413,8.36204279871446
300766484953589760,267,51608,550,148.64297,0.69178339,0.03460572,30.74401,1.404338,12.34943,1.697297,15.28888,1.80099,5.731369,1.06876,8.854539,8.782349,8.955226,-0.7284839,-0.7295021423851854,8.484183778840444
301793978989176832,268,51633,192,149.76349,0.037069675,0.07287358,246.3837,3.548798,51.47771,2.417543,17.00955,2.254285,79.05904,2.421192,10.19546,10.1175,10.28374,0.3767516,-0.4936604363565007,8.618613551276795
300748068133824512,267,51608,483,148.24725,0.50288721,0.03552244,1489.198,11.72215,435.304,6.524838,1136.897,11.18169,132.2474,2.88816,9.228323,9.173508,9.309336,-0.02136666,-1.051565301778475,8.30060777798627
299493250857723904,266,51630,14,146.94999,-0.59220225,0.06477907,229.1325,3.449572,60.80691,2.776852,29.73346,2.717081,73.87218,2.368429,9.767632,9.688359,9.858889,-0.2007935,-0.491605778168069,8.6197847064442
300658732814067712,267,51608,158,148.69239,0.042002604,0.103538,733.8729,6.793257,209.273,3.613756,366.8779,4.95212,126.7331,2.517758,9.73715,9.612437,9.908228,0.5010959,-0.7627307924266921,8.465243448316786
299654054433286144,266,51630,599,146.95764,0.39340648,0.06987419,604.0031,6.696008,120.2294,3.531661,43.16371,3.142366,192.3833,3.382054,10.26434,10.19475,10.35321,0.6089147,-0.4968717975832564,8.616783075377544
301856101396146176,268,51633,418,149.32459,0.98264229,0.08670224,325.6521,5.380428,65.85503,3.530589,20.03752,3.463978,128.7699,4.379025,11.16263,11.06851,11.26581,0.8379464,-0.4029395246797948,8.670324470932517
300705462058248192,267,51608,328,147.24571,1.1384966,0.02552898,318.014,3.685425,82.50459,3.035689,113.5187,3.009628,61.67018,1.792972,9.284393,9.167809,9.409682,-1.020794,-0.7123710234201028,8.493948516650542
300662855982671872,267,51608,173,148.24054,0.11791934,0.08234423,205.8799,3.045944,46.9252,2.253267,16.82545,2.152422,71.37787,2.146207,10.16364,10.08866,10.25352,0.3407368,-0.4600503646802479,8.637771292132259
