phase,rv_keplerian_m_s,rv_circular_m_s
0.0,205.0,205.0
0.001669449081803005,204.98872215879658,204.98872215879658
0.00333889816360601,204.95488987606143,204.95488987606143
0.005008347245409015,204.89850687428344,204.89850687428344
0.00667779632721202,204.81957935715576,204.81957935715576
0.008347245409015025,204.718116008893,204.718116008893
0.01001669449081803,204.59412799327595,204.59412799327595
0.011686143572621035,204.44762895242317,204.44762895242317
0.01335559265442404,204.27863500528997,204.27863500528997
0.015025041736227046,204.08716474589488,204.08716474589488
0.01669449081803005,203.8732392412738,203.8732392412738
0.018363939899833055,203.6368820291621,203.6368820291621
0.02003338898163606,203.37811911540467,203.37811911540467
0.021702838063439065,203.09697897109467,203.09697897109467
0.02337228714524207,202.79349252944098,202.79349252944098
0.025041736227045076,202.46769318236446,202.46769318236446
0.02671118530884808,202.1196167768242,202.1196167768242
0.028380634390651086,201.74930161087312,201.74930161087312
0.03005008347245409,201.35678842944426,201.35678842944426
0.03171953255425709,200.94212041986773,200.94212041986773
0.0333889816360601,200.50534320711876,200.50534320711876
0.035058430717863104,200.04650484879775,200.04650484879775
0.03672787979966611,199.5656558298428,199.5656558298428
0.038397328881469114,199.06284905697456,199.06284905697456
0.04006677796327212,198.5381398528754,198.5381398528754
0.041736227045075125,197.99158595010226,197.99158595010226
0.04340567612687813,197.4232474847344,197.4232474847344
0.045075125208681135,196.83318698975677,196.83318698975677
0.04674457429048414,196.2214693881798,196.2214693881798
0.048414023372287146,195.58816198589585,195.58816198589585
0.05008347245409015,194.93333446427386,194.93333446427386
0.05175292153589316,194.25705887249245,194.25705887249245
0.05342237061769616,193.55940961961238,193.55940961961238
0.05509181969949917,192.8404634663897,192.8404634663897
0.05676126878130217,192.10029951682975,192.10029951682975
0.05843071786310518,191.33899920948363,191.33899920948363
0.06010016694490818,190.55664630848767,190.55664630848767
0.06176961602671119,189.75332689434708,189.75332689434708
0.06343906510851419,188.92912935446466,188.92912935446466
0.0651085141903172,188.08414437341577,188.0841443734158
0.0667779632721202,187.21846492297053,187.21846492297053
0.06844741235392321,186.3321862518643,186.3321862518643
0.07011686143572621,185.42540587531775,185.42540587531775
0.07178631051752922,184.49822356430732,184.49822356430732
0.07345575959933222,183.5507413345879,183.5507413345879
0.07512520868113523,182.58306343546803,182.58306343546803
0.07679465776293823,181.5952963383398,181.5952963383398
0.07846410684474124,180.5875487249638,180.5875487249638
0.08013355592654424,179.55993147551132,179.55993147551132
0.08180300500834725,178.51255765636446,178.51255765636446
0.08347245409015025,177.44554250767544,177.44554250767547
0.08514190317195326,176.35900343068735,176.35900343068735
0.08681135225375626,175.25305997481644,175.25305997481644
0.08848080133555927,174.12783382449857,174.1278338244986
0.09015025041736227,172.98344878580056,172.98344878580056
0.09181969949916528,171.82003077279785,171.82003077279785
0.09348914858096828,170.63770779372078,170.63770779372078
0.0951585976627713,169.43660993686987,169.43660993686987
0.09682804674457429,168.21686935630274,168.21686935630274
0.0984974958263773,166.97862025729327,166.97862025729327
0.1001669449081803,165.72199888156547,165.72199888156547
0.10183639398998331,164.447143492303,164.447143492303
0.10350584307178631,163.1541943589365,163.1541943589365
0.10517529215358933,161.84329374171,161.84329374171
0.10684474123539232,160.51458587602826,160.51458587602826
0.10851419031719532,159.16821695658703,159.16821695658703
0.11018363939899833,157.8043351212876,157.8043351212876
0.11185308848080133,156.42309043493734,156.42309043493734
0.11352253756260434,155.02463487273852,155.02463487273852
0.11519198664440734,153.6091223035669,153.6091223035669
0.11686143572621036,152.1767084730417,152.1767084730417
0.11853088480801335,150.72755098638953,150.7275509863895
0.12020033388981637,149.26180929110308,149.26180929110308
0.12186978297161936,147.77964465939795,147.77964465939795
0.12353923205342238,146.28122017046772,146.28122017046772
0.12520868113522537,144.76670069254115,144.76670069254115
0.12687813021702837,143.23625286474186,143.23625286474186
0.1285475792988314,141.69004507875343,141.69004507875343
0.1302170283806344,140.12824746029182,140.12824746029182
0.1318864774624374,138.55103185038655,138.55103185038655
0.1335559265442404,136.95857178647367,136.95857178647367
0.13522537562604342,135.3510424833017,135.3510424833017
0.13689482470784642,133.7286208136532,133.7286208136532
0.13856427378964942,132.09148528888386,132.09148528888386
0.14023372287145242,130.43981603928117,130.43981603928117
0.14190317195325544,128.77379479424533,128.77379479424533
0.14357262103505844,127.0936048622939,127.0936048622939
0.14524207011686144,125.39943111089264,125.39943111089264
0.14691151919866444,123.69145994611507,123.69145994611507
0.14858096828046746,121.96987929213267,121.96987929213267
0.15025041736227046,120.23487857053803,120.23487857053803
0.15191986644407346,118.48664867950305,118.48664867950306
0.15358931552587646,116.72538197277511,116.72538197277511
0.15525876460767948,114.95127223851246,114.95127223851246
0.15692821368948248,113.16451467796267,113.16451467796267
0.15859766277128548,111.36530588398455,111.36530588398455
0.16026711185308848,109.55384381941785,109.55384381941785
0.16193656093489148,107.73032779530168,107.73032779530168
0.1636060100166945,105.89495844894483,105.89495844894483
0.1652754590984975,104.04793772185012,104.04793772185012
0.1669449081803005,102.18946883749518,102.18946883749518
0.1686143572621035,100.31975627897235,100.31975627897235
0.17028380634390652,98.4390057664897,98.43900576648964
0.17195325542570952,96.54742423473617,96.54742423473617
0.17362270450751252,94.64521981011325,94.64521981011325
0.17529215358931552,92.73260178783488,92.73260178783488
0.17696160267111855,90.80978060889946,90.80978060889946
0.17863105175292154,88.87696783693553,88.87696783693553
0.18030050083472454,86.93437613492381,86.93437613492377
0.18196994991652754,84.98221924179812,84.98221924179812
0.18363939899833057,83.02071194892878,83.02071194892878
0.18530884808013356,81.05007007648919,81.05007007648919
0.18697829716193656,79.07051044970959,79.07051044970959
0.18864774624373956,77.08225087502048,77.08225087502048
0.1903171953255426,75.0855101160877,75.0855101160877
0.19198664440734559,73.0805078697426,73.0805078697426
0.19365609348914858,71.06746474180899,71.06746474180899
0.19532554257095158,69.04660222283061,69.04660222283061
0.1969949916527546,67.01814266370097,67.01814266370097
0.1986644407345576,64.98230925119854,64.98230925119854
0.2003338898163606,62.9393259834301,62.9393259834301
0.2020033388981636,60.88941764518465,60.88941764518465
0.20367278797996663,58.83280978320091,58.83280978320091
0.20534223706176963,56.76972868135099,56.76972868135099
0.20701168614357263,54.70040133574273,54.70040133574273
0.20868113522537562,52.625055429744,52.62505542974396
0.21035058430717865,50.543919308930946,50.543919308930946
0.21202003338898165,48.45722195596414,48.45722195596414
0.21368948247078465,46.365192965393625,46.365192965393625
0.21535893155258765,44.26806251839746,44.26806251839746
0.21702838063439064,42.166061357455234,42.166061357455284
0.21869782971619367,40.05942076096024,40.05942076096024
0.22036727879799667,37.94837251777214,37.94837251777214
0.22203672787979967,35.833148901713955,35.833148901713955
0.22370617696160267,33.713982646015445,33.713982646015445
0.2253756260434057,31.591106917706046,31.591106917706046
0.2270450751252087,29.46475529195997,29.46475529195997
0.2287145242070117,27.33516172639653,27.33516172639653
0.2303839732888147,25.202560535338254,25.202560535338254
0.2320534223706177,23.067186364029812,23.067186364029812
0.2337228714524207,20.929274162820697,20.929274162820697
0.2353923205342237,18.78905916131391,18.78905916131391
0.2370617696160267,16.646776842484364,16.646776842484364
0.23873121869782973,14.502662916769127,14.502662916769127
0.24040066777963273,12.356953296132936,12.356953296132936
0.24207011686143573,10.209884068111114,10.209884068111114
0.24373956594323873,8.061691469833388,8.061691469833388
0.24540901502504175,5.912611862031442,5.912611862031442
0.24707846410684475,3.7628817030326878,3.7628817030326878
0.24874791318864775,1.6127375227430643,1.6127375227430643
0.25041736227045075,-0.5375841033776259,-0.5375841033776259
0.25208681135225375,-2.6878465803456195,-2.6878465803456195
0.25375626043405675,-4.837813319685201,-4.837813319685201
0.2554257095158598,-6.987247765460035,-6.987247765460035
0.2570951585976628,-9.135913420300696,-9.135913420300696
0.2587646076794658,-11.283573871426213,-11.283573871426213
0.2604340567612688,-13.429992816655837,-13.429992816655837
0.2621035058430718,-15.57493409040888,-15.57493409040888
0.2637729549248748,-17.718161689689477,-17.718161689689477
0.2654424040066778,-19.859439800053458,-19.859439800053458
0.2671118530884808,-21.998532821554477,-21.998532821554477
0.2687813021702838,-24.13520539466652,-24.13520539466652
0.27045075125208684,-26.269222426180036,-26.269222426180036
0.27212020033388984,-28.400349115068536,-28.400349115068536
0.27378964941569284,-30.528350978323452,-30.528350978323452
0.27545909849749584,-32.652993876753634,-32.652993876753634
0.27712854757929883,-34.77404404074714,-34.77404404074714
0.27879799666110183,-36.89126809599242,-36.89126809599242
0.28046744574290483,-39.00443308915595,-39.00443308915595
0.28213689482470783,-41.11330651351355,-41.11330651351355
0.2838063439065109,-43.21765633453261,-43.21765633453261
0.2854757929883139,-45.31725101540208,-45.31725101540208
0.2871452420701169,-47.411859542508346,-47.411859542508296
0.2888146911519199,-49.501251450852855,-49.50125145085281
0.2904841402337229,-51.58519684940968,-51.58519684940968
0.2921535893155259,-53.663466446420045,-53.663466446420045
0.2938230383973289,-55.73583157462058,-55.73583157462058
0.29549248747913187,-57.80206421640318,-57.80206421640318
0.2971619365609349,-59.861937028903284,-59.861937028903284
0.2988313856427379,-61.91522336901363,-61.91522336901363
0.3005008347245409,-63.961697318321725,-63.961697318321725
0.3021702838063439,-66.00113370796679,-66.00113370796682
0.3038397328881469,-68.03330814341474,-68.0333081434148
0.3055091819699499,-70.05799702914774,-70.05799702914774
0.3071786310517529,-72.07497759326584,-72.07497759326584
0.3088480801335559,-74.08402791199823,-74.08402791199823
0.31051752921535897,-76.08492693412092,-76.08492693412092
0.31218697829716197,-78.07745450527833,-78.07745450527827
0.31385642737896496,-80.06139139220657,-80.06139139220657
0.31552587646076796,-82.03651930685538,-82.03651930685538
0.31719532554257096,-84.00262093040541,-84.00262093040541
0.31886477462437396,-85.95947993717961,-85.95947993717961
0.32053422370617696,-87.90688101844489,-87.90688101844489
0.32220367278797996,-89.84460990610224,-89.84460990610224
0.32387312186978295,-91.77245339626197,-91.77245339626197
0.325542570951586,-93.69019937270215,-93.69019937270215
0.327212020033389,-95.5976368302073,-95.5976368302073
0.328881469115192,-97.49455589778469,-97.49455589778469
0.330550918196995,-99.38074786175609,-99.38074786175609
0.332220367278798,-101.256005188722,-101.256005188722
0.333889816360601,-103.12012154839607,-103.12012154839607
0.335559265442404,-104.97289183630723,-104.97289183630723
0.337228714524207,-106.81411219636671,-106.81411219636671
0.33889816360601005,-108.64358004329812,-108.64358004329812
0.34056761268781305,-110.461094084927,-110.461094084927
0.34223706176961605,-112.26645434432908,-112.26645434432908
0.34390651085141904,-114.05946218183294,-114.05946218183294
0.34557595993322204,-115.83992031687599,-115.83992031687599
0.34724540901502504,-117.60763284971071,-117.60763284971071
0.34891485809682804,-119.36240528295919,-119.36240528295919
0.35058430717863104,-121.10404454301309,-121.10404454301309
0.3522537562604341,-122.83235900127737,-122.83235900127737
0.3539232053422371,-124.54715849525412,-124.54715849525412
0.3555926544240401,-126.24825434946654,-126.24825434946654
0.3572621035058431,-127.93545939621784,-127.93545939621784
0.3589315525876461,-129.60858799618507,-129.60858799618507
0.3606010016694491,-131.26745605884483,-131.26745605884483
0.3622704507512521,-132.91188106272793,-132.91188106272793
0.3639398998330551,-134.54168207550202,-134.54168207550202
0.36560934891485813,-136.15667977387918,-136.15667977387918
0.36727879799666113,-137.75669646334626,-137.75669646334626
0.36894824707846413,-139.34155609771656,-139.34155609771656
0.37061769616026713,-140.91108429849942,-140.91108429849942
0.3722871452420701,-142.46510837408698,-142.46510837408698
0.3739565943238731,-144.00345733875477,-144.00345733875477
0.3756260434056761,-145.52596193147517,-145.52596193147517
0.3772954924874791,-147.03245463454053,-147.03245463454053
0.3789649415692821,-148.52276969199497,-148.52276969199497
0.3806343906510852,-149.9967431278721,-149.9967431278721
0.3823038397328882,-151.45421276423673,-151.45421276423673
0.38397328881469117,-152.89501823902916,-152.89501823902916
0.38564273789649417,-154.3190010237095,-154.3190010237095
0.38731218697829717,-155.72600444069985,-155.72600444069985
0.38898163606010017,-157.11587368062365,-157.11587368062365
0.39065108514190316,-158.48845581933855,-158.48845581933855
0.39232053422370616,-159.8435998347626,-159.8435998347626
0.3939899833055092,-161.18115662349098,-161.18115662349098
0.3956594323873122,-162.50097901720088,-162.50097901720088
0.3973288814691152,-163.80292179884484,-163.80292179884484
0.3989983305509182,-165.08684171862828,-165.08684171862828
0.4006677796327212,-166.35259750977093,-166.35259750977093
0.4023372287145242,-167.60004990405025,-167.60004990405025
0.4040066777963272,-168.82906164712463,-168.82906164712463
0.4056761268781302,-170.0394975136353,-170.0394975136353
0.40734557595993326,-171.23122432208487,-171.23122432208487
0.40901502504173626,-172.40411094949073,-172.40411094949073
0.41068447412353926,-173.55802834581263,-173.55802834581263
0.41235392320534225,-174.69284954815146,-174.69284954815146
0.41402337228714525,-175.80844969471877,-175.80844969471877
0.41569282136894825,-176.90470603857509,-176.90470603857509
0.41736227045075125,-177.98149796113537,-177.98149796113537
0.41903171953255425,-179.03870698544048,-179.03870698544048
0.4207011686143573,-180.07621678919296,-180.07621678919296
0.4223706176961603,-181.09391321755552,-181.09391321755552
0.4240400667779633,-182.09168429571147,-182.09168429571147
0.4257095158597663,-183.069420241185,-183.069420241185
0.4273789649415693,-184.02701347592014,-184.02701347592014
0.4290484140233723,-184.9643586381175,-184.9643586381175
0.4307178631051753,-185.88135259382688,-185.88135259382688
0.4323873121869783,-186.77789444829497,-186.77789444829497
0.4340567612687813,-187.6538855570665,-187.6538855570665
0.43572621035058434,-188.50922953683786,-188.50922953683786
0.43739565943238734,-189.34383227606193,-189.34383227606193
0.43906510851419034,-190.15760194530299,-190.15760194530299
0.44073455759599334,-190.95044900734047,-190.95044900734047
0.44240400667779634,-191.7222862270206,-191.7222862270206
0.44407345575959933,-192.4730286808546,-192.4730286808546
0.44574290484140233,-193.2025937663627,-193.2025937663627
0.44741235392320533,-193.91090121116264,-193.91090121116264
0.4490818030050084,-194.59787308180185,-194.59787308180185
0.4507512520868114,-195.26343379233234,-195.26343379233234
0.4524207011686144,-195.90751011262728,-195.90751011262728
0.4540901502504174,-196.5300311764382,-196.5300311764382
0.4557595993322204,-197.13092848919246,-197.13092848919246
0.4574290484140234,-197.71013593552922,-197.71013593552922
0.4590984974958264,-198.26758978657443,-198.26758978657443
0.4607679465776294,-198.8032287069523,-198.8032287069523
0.4624373956594324,-199.31699376153423,-199.31699376153423
0.4641068447412354,-199.8088284219231,-199.8088284219231
0.4657762938230384,-200.27867857267307,-200.27867857267307
0.4674457429048414,-200.72649251724377,-200.72649251724377
0.4691151919866444,-201.15222098368832,-201.15222098368832
0.4707846410684474,-201.5558171300746,-201.5558171300746
0.4724540901502504,-201.9372365496392,-201.9372365496392
0.4741235392320534,-202.29643727567344,-202.29643727567344
0.47579298831385647,-202.6333797861407,-202.6333797861407
0.47746243739565947,-202.94802700802506,-202.94802700802506
0.47913188647746247,-203.24034432141048,-203.24034432141048
0.48080133555926546,-203.51029956328964,-203.51029956328964
0.48247078464106846,-203.75786303110308,-203.75786303110308
0.48414023372287146,-203.98300748600712,-203.98300748600712
0.48580968280467446,-204.1857081558709,-204.1857081558709
0.48747913188647746,-204.3659427380021,-204.3659427380021
0.48914858096828046,-204.5236914016007,-204.5236914016007
0.4908180300500835,-204.65893678994112,-204.65893678994112
0.4924874791318865,-204.7716640222817,-204.7716640222817
0.4941569282136895,-204.86186069550226,-204.86186069550226
0.4958263772954925,-204.92951688546853,-204.92951688546853
0.4974958263772955,-204.97462514812426,-204.97462514812426
0.4991652754590985,-204.9971805203102,-204.9971805203102
0.5008347245409015,-204.9971805203102,-204.9971805203102
0.5025041736227045,-204.97462514812426,-204.97462514812426
0.5041736227045075,-204.92951688546853,-204.92951688546853
0.5058430717863105,-204.86186069550226,-204.86186069550226
0.5075125208681135,-204.77166402228173,-204.77166402228173
0.5091819699499165,-204.65893678994112,-204.65893678994112
0.5108514190317196,-204.5236914016007,-204.5236914016007
0.5125208681135226,-204.3659427380021,-204.3659427380021
0.5141903171953256,-204.18570815587094,-204.18570815587094
0.5158597662771286,-203.98300748600712,-203.98300748600712
0.5175292153589316,-203.75786303110308,-203.75786303110308
0.5191986644407346,-203.51029956328964,-203.51029956328964
0.5208681135225376,-203.24034432141048,-203.24034432141048
0.5225375626043406,-202.94802700802506,-202.94802700802506
0.5242070116861436,-202.6333797861407,-202.6333797861407
0.5258764607679466,-202.29643727567344,-202.29643727567344
0.5275459098497496,-201.93723654963924,-201.93723654963924
0.5292153589315526,-201.5558171300746,-201.5558171300746
0.5308848080133556,-201.15222098368832,-201.15222098368832
0.5325542570951586,-200.72649251724377,-200.72649251724377
0.5342237061769616,-200.27867857267307,-200.27867857267307
0.5358931552587646,-199.8088284219231,-199.8088284219231
0.5375626043405676,-199.31699376153426,-199.31699376153426
0.5392320534223707,-198.8032287069523,-198.8032287069523
0.5409015025041737,-198.26758978657443,-198.26758978657443
0.5425709515859767,-197.71013593552925,-197.71013593552925
0.5442404006677797,-197.13092848919246,-197.13092848919246
0.5459098497495827,-196.53003117643823,-196.53003117643823
0.5475792988313857,-195.90751011262728,-195.90751011262728
0.5492487479131887,-195.26343379233236,-195.26343379233236
0.5509181969949917,-194.59787308180185,-194.59787308180185
0.5525876460767947,-193.91090121116264,-193.91090121116264
0.5542570951585977,-193.2025937663627,-193.2025937663627
0.5559265442404007,-192.4730286808546,-192.4730286808546
0.5575959933222037,-191.7222862270206,-191.7222862270206
0.5592654424040067,-190.95044900734047,-190.95044900734047
0.5609348914858097,-190.15760194530299,-190.15760194530299
0.5626043405676127,-189.34383227606196,-189.34383227606196
0.5642737896494157,-188.5092295368379,-188.5092295368379
0.5659432387312188,-187.65388555706647,-187.65388555706647
0.5676126878130218,-186.77789444829497,-186.77789444829497
0.5692821368948248,-185.88135259382685,-185.88135259382685
0.5709515859766278,-184.96435863811746,-184.96435863811746
0.5726210350584308,-184.0270134759201,-184.0270134759201
0.5742904841402338,-183.06942024118501,-183.06942024118501
0.5759599332220368,-182.0916842957115,-182.0916842957115
0.5776293823038398,-181.09391321755552,-181.09391321755552
0.5792988313856428,-180.07621678919298,-180.07621678919298
0.5809682804674458,-179.0387069854405,-179.0387069854405
0.5826377295492488,-177.9814979611354,-177.9814979611354
0.5843071786310517,-176.9047060385751,-176.9047060385751
0.5859766277128547,-175.8084496947188,-175.8084496947188
0.5876460767946577,-174.69284954815146,-174.69284954815146
0.5893155258764607,-173.55802834581266,-173.55802834581266
0.5909849749582637,-172.40411094949076,-172.40411094949076
0.5926544240400667,-171.2312243220849,-171.2312243220849
0.5943238731218699,-170.0394975136353,-170.0394975136353
0.5959933222036728,-168.82906164712463,-168.82906164712463
0.5976627712854758,-167.60004990405022,-167.60004990405022
0.5993322203672788,-166.35259750977093,-166.35259750977093
0.6010016694490818,-165.08684171862822,-165.08684171862822
0.6026711185308848,-163.8029217988448,-163.8029217988448
0.6043405676126878,-162.50097901720085,-162.50097901720085
0.6060100166944908,-161.18115662349095,-161.18115662349095
0.6076794657762938,-159.84359983476264,-159.84359983476264
0.6093489148580968,-158.48845581933858,-158.48845581933858
0.6110183639398998,-157.11587368062365,-157.11587368062365
0.6126878130217028,-155.72600444069988,-155.72600444069988
0.6143572621035058,-154.31900102370952,-154.31900102370952
0.6160267111853088,-152.8950182390292,-152.8950182390292
0.6176961602671118,-151.45421276423676,-151.45421276423676
0.6193656093489148,-149.99674312787215,-149.99674312787215
0.6210350584307179,-148.52276969199494,-148.52276969199494
0.6227045075125209,-147.0324546345405,-147.0324546345405
0.6243739565943239,-145.52596193147514,-145.52596193147514
0.6260434056761269,-144.00345733875474,-144.00345733875474
0.6277128547579299,-142.46510837408695,-142.46510837408695
0.6293823038397329,-140.91108429849942,-140.91108429849942
0.6310517529215359,-139.3415560977165,-139.3415560977165
0.6327212020033389,-137.75669646334626,-137.75669646334626
0.6343906510851419,-136.15667977387918,-136.15667977387918
0.6360601001669449,-134.54168207550205,-134.54168207550205
0.6377295492487479,-132.91188106272799,-132.91188106272799
0.6393989983305509,-131.26745605884489,-131.26745605884489
0.6410684474123539,-129.6085879961851,-129.6085879961851
0.6427378964941569,-127.9354593962178,-127.9354593962178
0.6444073455759599,-126.2482543494665,-126.2482543494665
0.6460767946577629,-124.54715849525411,-124.54715849525411
0.6477462437395659,-122.83235900127733,-122.83235900127733
0.649415692821369,-121.10404454301315,-121.10404454301315
0.651085141903172,-119.36240528295922,-119.36240528295922
0.652754590984975,-117.60763284971074,-117.60763284971074
0.654424040066778,-115.83992031687603,-115.83992031687603
0.656093489148581,-114.059462181833,-114.059462181833
0.657762938230384,-112.26645434432912,-112.26645434432912
0.659432387312187,-110.46109408492705,-110.46109408492705
0.66110183639399,-108.64358004329816,-108.64358004329816
0.662771285475793,-106.81411219636684,-106.81411219636684
0.664440734557596,-104.97289183630734,-104.97289183630734
0.666110183639399,-103.12012154839621,-103.12012154839621
0.667779632721202,-101.25600518872213,-101.25600518872213
0.669449081803005,-99.38074786175622,-99.38074786175622
0.671118530884808,-97.49455589778482,-97.49455589778482
0.672787979966611,-95.59763683020743,-95.59763683020743
0.674457429048414,-93.69019937270228,-93.69019937270228
0.6761268781302171,-91.77245339626192,-91.77245339626192
0.6777963272120201,-89.84460990610219,-89.84460990610219
0.6794657762938231,-87.90688101844486,-87.90688101844486
0.6811352253756261,-85.95947993717955,-85.95947993717955
0.6828046744574291,-84.00262093040539,-84.00262093040539
0.6844741235392321,-82.03651930685535,-82.03651930685535
0.6861435726210351,-80.06139139220653,-80.06139139220653
0.6878130217028381,-78.07745450527824,-78.07745450527824
0.6894824707846411,-76.08492693412087,-76.08492693412087
0.6911519198664441,-74.08402791199828,-74.08402791199828
0.6928213689482471,-72.0749775932659,-72.0749775932659
0.6944908180300501,-70.05799702914778,-70.05799702914778
0.6961602671118531,-68.0333081434148,-68.0333081434148
0.6978297161936561,-66.00113370796683,-66.00113370796683
0.6994991652754591,-63.96169731832174,-63.96169731832174
0.7011686143572621,-61.91522336901364,-61.91522336901364
0.7028380634390651,-59.861937028903284,-59.861937028903284
0.7045075125208682,-57.802064216403096,-57.802064216403096
0.7061769616026712,-55.735831574620505,-55.735831574620505
0.7078464106844742,-53.66346644641997,-53.66346644641997
0.7095158597662772,-51.5851968494096,-51.5851968494096
0.7111853088480802,-49.50125145085273,-49.50125145085273
0.7128547579298832,-47.41185954250821,-47.41185954250821
0.7145242070116862,-45.31725101540195,-45.31725101540195
0.7161936560934892,-43.21765633453266,-43.21765633453266
0.7178631051752922,-41.113306513513685,-41.113306513513685
0.7195325542570952,-39.004433089156095,-39.004433089156095
0.7212020033388982,-36.891268095992565,-36.891268095992565
0.7228714524207012,-34.77404404074728,-34.77404404074728
0.7245409015025042,-32.65299387675377,-32.65299387675377
0.7262103505843072,-30.528350978323594,-30.528350978323594
0.7278797996661102,-28.40034911506867,-28.40034911506867
0.7295492487479132,-26.26922242618018,-26.26922242618018
0.7312186978297163,-24.13520539466652,-24.13520539466652
0.7328881469115193,-21.99853282155448,-21.99853282155448
0.7345575959933223,-19.859439800053465,-19.859439800053465
0.7362270450751253,-17.71816168968948,-17.71816168968948
0.7378964941569283,-15.574934090408881,-15.574934090408881
0.7395659432387313,-13.429992816655838,-13.429992816655838
0.7412353923205343,-11.283573871426217,-11.283573871426217
0.7429048414023373,-9.135913420300701,-9.135913420300701
0.7445742904841403,-6.9872477654600385,-6.9872477654600385
0.7462437395659433,-4.83781331968525,-4.83781331968525
0.7479131886477463,-2.6878465803456697,-2.6878465803456697
0.7495826377295493,-0.5375841033776761,-0.5375841033776761
0.7512520868113522,1.612737522743014,1.612737522743014
0.7529215358931552,3.762881703032637,3.762881703032637
0.7545909849749582,5.912611862031392,5.912611862031392
0.7562604340567612,8.061691469833292,8.061691469833292
0.7579298831385642,10.20988406811102,10.20988406811102
0.7595993322203674,12.356953296133069,12.356953296133069
0.7612687813021703,14.502662916769257,14.502662916769257
0.7629382303839733,16.64677684248445,16.64677684248445
0.7646076794657763,18.789059161313997,18.789059161313997
0.7662771285475793,20.929274162820786,20.929274162820786
0.7679465776293823,23.067186364029897,23.067186364029897
0.7696160267111853,25.202560535338293,25.202560535338293
0.7712854757929883,27.33516172639657,27.33516172639657
0.7729549248747913,29.46475529196001,29.46475529196001
0.7746243739565943,31.591106917706085,31.591106917706085
0.7762938230383973,33.71398264601549,33.71398264601549
0.7779632721202003,35.83314890171399,35.83314890171399
0.7796327212020033,37.94837251777218,37.94837251777218
0.7813021702838063,40.059420760960286,40.059420760960286
0.7829716193656093,42.16606135745528,42.16606135745528
0.7846410684474123,44.26806251839728,44.26806251839728
0.7863105175292154,46.36519296539362,46.36519296539362
0.7879799666110184,48.45722195596413,48.45722195596413
0.7896494156928214,50.543919308930946,50.543919308930946
0.7913188647746244,52.625055429743945,52.625055429743945
0.7929883138564274,54.70040133574273,54.70040133574273
0.7946577629382304,56.76972868135099,56.76972868135099
0.7963272120200334,58.83280978320091,58.83280978320091
0.7979966611018364,60.88941764518461,60.88941764518461
0.7996661101836394,62.939325983430045,62.939325983430045
0.8013355592654424,64.9823092511985,64.9823092511985
0.8030050083472454,67.01814266370093,67.01814266370093
0.8046744574290484,69.04660222283057,69.04660222283057
0.8063439065108514,71.06746474180895,71.06746474180895
0.8080133555926544,73.08050786974255,73.08050786974255
0.8096828046744574,75.08551011608765,75.08551011608765
0.8113522537562604,77.08225087502039,77.08225087502039
0.8130217028380634,79.07051044970952,79.07051044970952
0.8146911519198665,81.05007007648928,81.05007007648928
0.8163606010016695,83.02071194892886,83.02071194892886
0.8180300500834725,84.98221924179816,84.98221924179816
0.8196994991652755,86.93437613492381,86.93437613492381
0.8213689482470785,88.8769678369356,88.8769678369356
0.8230383973288815,90.80978060889954,90.80978060889954
0.8247078464106845,92.73260178783491,92.73260178783491
0.8263772954924875,94.64521981011328,94.64521981011328
0.8280467445742905,96.54742423473621,96.54742423473621
0.8297161936560935,98.43900576648969,98.43900576648969
0.8313856427378965,100.31975627897235,100.31975627897235
0.8330550918196995,102.18946883749518,102.18946883749518
0.8347245409015025,104.04793772185012,104.04793772185012
0.8363939899833055,105.89495844894483,105.89495844894483
0.8380634390651085,107.73032779530168,107.73032779530168
0.8397328881469115,109.55384381941785,109.55384381941785
0.8414023372287146,111.36530588398455,111.36530588398455
0.8430717863105176,113.16451467796264,113.16451467796264
0.8447412353923206,114.95127223851246,114.95127223851246
0.8464106844741236,116.72538197277505,116.72538197277505
0.8480801335559266,118.48664867950305,118.48664867950305
0.8497495826377296,120.234878570538,120.234878570538
0.8514190317195326,121.96987929213265,121.96987929213265
0.8530884808013356,123.691459946115,123.691459946115
0.8547579298831386,125.39943111089259,125.39943111089259
0.8564273789649416,127.09360486229386,127.09360486229386
0.8580968280467446,128.7737947942453,128.7737947942453
0.8597662771285476,130.4398160392811,130.4398160392811
0.8614357262103506,132.09148528888377,132.09148528888377
0.8631051752921536,133.72862081365315,133.72862081365315
0.8647746243739566,135.35104248330165,135.35104248330165
0.8664440734557596,136.95857178647358,136.95857178647358
0.8681135225375626,138.55103185038647,138.55103185038647
0.8697829716193657,140.12824746029185,140.12824746029185
0.8714524207011687,141.69004507875349,141.69004507875349
0.8731218697829717,143.23625286474189,143.23625286474189
0.8747913188647747,144.76670069254118,144.76670069254118
0.8764607679465777,146.28122017046775,146.28122017046775
0.8781302170283807,147.77964465939797,147.77964465939797
0.8797996661101837,149.2618092911031,149.2618092911031
0.8814691151919867,150.72755098638953,150.72755098638953
0.8831385642737897,152.1767084730417,152.1767084730417
0.8848080133555927,153.6091223035669,153.6091223035669
0.8864774624373957,155.02463487273852,155.02463487273852
0.8881469115191987,156.42309043493734,156.42309043493734
0.8898163606010017,157.8043351212876,157.8043351212876
0.8914858096828047,159.16821695658703,159.16821695658703
0.8931552587646077,160.51458587602824,160.51458587602824
0.8948247078464107,161.84329374170997,161.84329374170997
0.8964941569282138,163.1541943589366,163.1541943589366
0.8981636060100168,164.44714349230298,164.44714349230298
0.8998330550918198,165.72199888156544,165.72199888156544
0.9015025041736228,166.97862025729322,166.97862025729322
0.9031719532554258,168.2168693563027,168.2168693563027
0.9048414023372288,169.43660993686984,169.43660993686984
0.9065108514190318,170.63770779372072,170.63770779372072
0.9081803005008348,171.82003077279782,171.82003077279782
0.9098497495826378,172.9834487858005,172.9834487858005
0.9115191986644408,174.12783382449854,174.12783382449854
0.9131886477462438,175.25305997481638,175.25305997481638
0.9148580968280468,176.35900343068727,176.35900343068727
0.9165275459098498,177.44554250767538,177.44554250767538
0.9181969949916527,178.51255765636438,178.51255765636438
0.9198664440734557,179.5599314755113,179.5599314755113
0.9215358931552587,180.58754872496374,180.58754872496374
0.9232053422370617,181.59529633833972,181.59529633833972
0.9248747913188649,182.58306343546806,182.58306343546806
0.9265442404006679,183.5507413345879,183.5507413345879
0.9282136894824708,184.49822356430732,184.49822356430732
0.9298831385642738,185.42540587531775,185.42540587531775
0.9315525876460768,186.33218625186433,186.33218625186433
0.9332220367278798,187.21846492297055,187.21846492297055
0.9348914858096828,188.0841443734158,188.0841443734158
0.9365609348914858,188.92912935446464,188.92912935446464
0.9382303839732888,189.75332689434708,189.75332689434708
0.9398998330550918,190.55664630848767,190.55664630848767
0.9415692821368948,191.3389992094836,191.3389992094836
0.9432387312186978,192.10029951682972,192.10029951682972
0.9449081803005008,192.8404634663897,192.8404634663897
0.9465776293823038,193.55940961961235,193.55940961961235
0.9482470784641068,194.25705887249242,194.25705887249242
0.9499165275459098,194.93333446427383,194.93333446427383
0.9515859766277129,195.58816198589588,195.58816198589588
0.9532554257095159,196.22146938817983,196.22146938817983
0.9549248747913189,196.83318698975683,196.83318698975683
0.9565943238731219,197.42324748473442,197.42324748473442
0.9582637729549249,197.99158595010232,197.99158595010232
0.9599332220367279,198.53813985287542,198.53813985287542
0.9616026711185309,199.06284905697456,199.06284905697456
0.9632721202003339,199.5656558298428,199.5656558298428
0.9649415692821369,200.04650484879778,200.04650484879778
0.9666110183639399,200.50534320711873,200.50534320711873
0.9682804674457429,200.9421204198677,200.9421204198677
0.9699499165275459,201.35678842944426,201.35678842944426
0.9716193656093489,201.7493016108731,201.7493016108731
0.9732888146911519,202.11961677682416,202.11961677682416
0.9749582637729549,202.46769318236443,202.46769318236443
0.9766277128547579,202.79349252944095,202.79349252944095
0.9782971619365609,203.09697897109464,203.09697897109464
0.979966611018364,203.37811911540467,203.37811911540467
0.981636060100167,203.6368820291621,203.6368820291621
0.98330550918197,203.8732392412738,203.8732392412738
0.984974958263773,204.08716474589488,204.08716474589488
0.986644407345576,204.27863500528997,204.27863500528997
0.988313856427379,204.44762895242314,204.44762895242314
0.989983305509182,204.59412799327595,204.59412799327595
0.991652754590985,204.718116008893,204.718116008893
0.993322203672788,204.81957935715576,204.81957935715576
0.994991652754591,204.89850687428344,204.89850687428344
0.996661101836394,204.95488987606143,204.95488987606143
0.998330550918197,204.98872215879658,204.98872215879658
1.0,205.0,205.0
