id,ra_dr3,dec_dr3,x,y,use_phot,flag_eazy,flag_star,flag_artifact,flag_nearbcg,nusefilt,z_phot,z_phot_chi2,z025,z160,z500,z840,z975,z_spec_dr3,mu,mu_low_68,mu_high_68,flux_radius,iso_area,use_aper,f_f090w,e_f090w,w_f090w,f_f115w,e_f115w,w_f115w,f_f150w,e_f150w,w_f150w,f_f200w,e_f200w,w_f200w,f_f277w,e_f277w,w_f277w,f_f356w,e_f356w,w_f356w,f_f444w,e_f444w,w_f444w,id_msa,ra_dr4,dec_dr4,z_spec_dr4,z_spec16,z_spec50,z_spec84,flag_zspec_qual,flag_successful_spectrum,flag_potential_local_background_issue,flag_emission_lines,flag_line_and_break,flag_break_strong_abs_features_only,flag_break_only,flag_stellar_bump_only,method_best_zfit,method_zuncert,texp_tot,masks,id_DR3,sep_DR3
12863,3.617199,-30.42554,4735.191,3762.451,1,1,0,0,0,13,9.545864,16.80042,9.450491,9.554248,9.858192,10.16713,10.42066,,1.646512,1.638153,1.669004,0.220259,0.688,0.7,-0.5999915,0.7114383,0.2143581,1.066045,0.7189301,0.2907753,32.88861,1.288506,0.1215874,35.17262,0.5080729,0.5032715,30.67635,0.5329162,0.3046117,31.32967,0.4583578,0.3107694,33.80058,0.5617166,0.1838157,3686,3.617202003263485,-30.42553381079773,9.318165,9.30275839636045,9.313930145473265,9.325101894586078,3,1,1,1.0,0.0,0.0,0.0,0.0,spl+lines,templ,2.6259999999999994,2,12863.0,0.0127284892090657
17536,3.611313,-30.41456,5191.745,4750.502,1,1,0,0,0,26,6.289127,75.23878,6.24777,6.272588,6.294911,6.334576,6.667936,,2.120418,2.074313,2.140649,0.8128492,0.2992,0.48,3.851221,0.2493678,0.4684342,8.324532,0.2971565,0.4489319,7.416637,0.3863214,0.3630852,7.115082,0.2189486,0.6808288,7.394585,0.246853,0.351942,7.589313,0.1624162,0.5988717,6.783656,0.2685403,0.1992068,7309,3.611317802661625,-30.41455737328158,6.346668,6.33339693045836,6.348374638354964,6.363111646280458,3,1,0,0.0,1.0,0.0,0.0,0.0,manual/templ,manual/templ,2.6259999999999994,2,17536.0,0.0153420802679371
19120,3.600607,-30.41027,6022.637,5136.655,1,1,0,0,0,27,6.488524,44.59864,6.36546,6.428901,6.486161,6.539748,6.589732,,9.317399,8.042555,9.255042,0.1691137,0.1632,0.32,1.444182,0.1447479,0.5484267,3.547652,0.174606,0.4963988,3.017234,0.1674088,0.7175839,2.812147,0.1137897,0.9428359,2.048767,0.1349373,0.4492181,3.096598,0.1134985,0.4801625,2.5898,0.1889937,0.1715259,8613,3.60060193250919,-30.41027142361719,6.380238,6.371631593847814,6.379624988970781,6.387618384093746,3,1,0,1.0,0.0,0.0,0.0,0.0,spl+lines,templ,2.6259999999999994,2,19120.0,0.0175560365885713
19485,3.604123,-30.40954,5749.708,5202.439,1,1,0,0,0,27,6.801514,28.75899,6.682138,6.745823,6.814867,6.893091,6.967298,,3.548534,3.396503,3.613447,0.2116069,0.1648,0.32,0.4918017,0.2806431,0.501795,1.939447,0.305731,0.5568806,2.698919,0.334305,0.6189214,2.158962,0.2214812,0.8559741,2.371535,0.1932961,0.7529514,3.241047,0.1656559,0.7752588,2.630887,0.2738346,0.2810214,8936,3.604124454272525,-30.40954777649949,6.645962,6.6239581554603255,6.636318609523333,6.655152517433513,2,1,0,0.0,0.0,0.0,1.0,0.0,templ,templ,2.6259999999999994,2,19485.0,0.033348562317479
20026,3.614087,-30.41045,4976.344,5120.249,1,1,0,0,0,26,6.492422,43.61271,6.41272,6.452635,6.4901,6.520131,6.551143,,2.153732,2.124778,2.19209,0.5214608,0.2176,0.32,4.673296,0.1349593,0.6308669,11.42916,0.2009151,0.3749074,13.47888,0.205984,0.4739827,13.93461,0.1987344,0.3090978,13.17028,0.1147508,0.6211684,22.8493,0.1016873,0.5981852,15.58109,0.245433,0.1017088,8943,3.614087403729256,-30.41044795973289,6.325826,6.320618889049481,6.329011639616588,6.339001462160193,3,1,0,1.0,0.0,0.0,0.0,0.0,spl+lines,templ,2.6259999999999994,2,20026.0,0.0078265588017637
21390,3.636963,-30.40636,3200.642,5487.629,1,1,0,0,0,8,8.743676,4.416837,8.374298,8.545513,8.708108,8.82768,8.911297,,1.399468,1.380453,1.40632,0.1395912,0.3792,0.48,0.289727,0.4315113,0.1824267,12.46113,0.9788568,0.0482454,27.30734,0.8216154,0.09360785,26.18167,0.6668992,0.0855747,27.28802,0.556963,0.08061927,31.49547,0.3456627,0.154181,82.41008,0.7497555,0.02980075,10646,3.636959983509949,-30.40636155877451,8.51059,8.501931225621085,8.512234601441035,8.522537977260987,3,1,0,1.0,0.0,0.0,0.0,0.0,spl+lines,templ,2.6259999999999994,2,21390.0,0.0086114331441189
21524,3.615158,-30.40607,4893.181,5514.719,1,1,0,0,0,26,6.148371,35.13341,6.068538,6.109704,6.15238,6.19773,6.246248,,1.806662,1.781651,1.837087,0.3189657,0.12,0.32,2.604058,0.3706986,0.3219218,2.471478,0.4502263,0.287433,3.415066,0.3781974,0.5413042,3.177973,0.3615681,0.3595101,3.035048,0.3129211,0.3215886,3.92619,0.2638227,0.3421319,3.508339,0.44617,0.1184876,10740,3.615159727040683,-30.40606642726874,6.141379,6.130084534234983,6.137855939895061,6.145587465235897,3,1,1,1.0,0.0,0.0,0.0,0.0,spl+lines,templ,2.6259999999999994,2,21524.0,0.0069536863492024
21840,3.612432,-30.40555,5104.711,5561.693,1,1,0,0,0,26,6.508631,43.19973,6.430669,6.478288,6.512587,6.5408,6.566493,,1.945883,1.921323,1.989446,0.4803898,0.5072,0.48,1.030493,0.3030787,0.3171163,3.718043,0.3517654,0.3203647,4.238583,0.296835,0.615001,4.238283,0.2602368,0.4819313,7.353941,0.2532767,0.3343165,13.19079,0.2043359,0.3783584,10.38416,0.3488703,0.1180308,11045,3.612434169529675,-30.40554575330742,6.331689,6.324996410390961,6.332939236865283,6.340882063339604,3,1,1,1.0,0.0,0.0,0.0,0.0,spl+lines,templ,2.6259999999999994,2,21840.0,0.0059146326047714
22153,3.580449,-30.40502,7587.319,5609.183,1,1,0,0,0,27,6.815244,38.63608,6.770402,6.793245,6.818383,6.847001,6.881076,,4.348887,4.311376,4.741085,0.1538024,0.4464,0.7,2.933656,0.3320548,0.8538589,9.374354,0.4897472,0.5437236,9.606585,0.5087381,0.6768055,7.675104,0.3660124,0.8414999,7.540409,0.2817492,0.9456492,11.56469,0.2347528,1.028057,9.817373,0.3806985,0.347253,11254,3.5804459401238,-30.40502288450324,6.87195,6.867101245062186,6.87563190044337,6.8841625558245525,3,1,0,1.0,0.0,0.0,0.0,0.0,spl+lines,templ,7.294441666666666,"5,7",22153.0,0.0138496213371732
23918,3.582357,-30.40273,7439.258,5814.984,1,1,0,0,0,27,6.5777,65.36883,6.456369,6.531588,6.581675,6.635311,6.694922,,11.58023,10.95302,13.14975,1.505214,0.3664,0.48,0.2276887,0.1858524,0.8433213,2.093165,0.2410583,0.6821919,1.252422,0.249695,0.869133,1.197988,0.1826846,0.9779538,1.379426,0.1549439,0.8933041,1.735009,0.1407914,0.7969665,1.708852,0.2125922,0.3178546,12899,3.582353077987806,-30.40273183209246,6.873525,6.867100221611924,6.87563155310562,6.884163123466276,3,1,1,1.0,0.0,0.0,0.0,0.0,spl+lines,templ,7.294441666666666,"5,7",23918.0,0.0121451390195798
24119,3.570872,-30.40159,8330.712,5917.533,1,1,0,0,0,27,11.99009,76.61861,11.69126,11.83772,12.02244,12.2545,12.4927,,2.272191,2.258907,2.347032,0.2751168,0.1024,0.32,0.792577,0.3320564,0.5964831,-0.5282957,0.441795,0.4437989,0.0436668,0.498083,0.4639857,3.258182,0.3214288,0.6763186,3.227328,0.2532983,0.7296849,2.623337,0.2425862,0.6016101,1.600323,0.383218,0.2387872,13077,3.570869324641364,-30.40158532661826,13.163633,12.908682991435173,13.15264545713766,13.214464048625526,2,1,0,0.0,0.0,0.0,1.0,0.0,templ,templ,7.294441666666666,"5,7",24119.0,0.0295062594007079
24203,3.592501,-30.40146,6651.798,5929.224,1,1,0,0,0,27,9.848802,38.97704,9.556326,9.709402,9.851618,9.997778,10.15523,,12.80567,12.32622,13.58018,0.1534336,0.1856,0.48,-0.008564202,0.2114474,0.9338021,0.06754943,0.3434698,0.4816193,5.816155,0.2933223,0.9027055,6.13619,0.2814956,0.5903498,3.963033,0.2313434,0.5743335,4.107398,0.1674944,0.8070904,4.128532,0.2909411,0.2432446,13151,3.592501339027848,-30.40146428899556,9.798486,9.805003607362549,9.81671996591658,9.828438843269444,3,1,1,1.0,0.0,0.0,0.0,0.0,spl+lines,templ,11.671106666666663,"5,6,7",24203.0,0.0012402150554164
27427,3.582956,-30.39523,7392.715,6490.183,1,1,0,0,0,27,6.914181,39.89989,6.850029,6.879947,6.91124,6.938112,6.965266,,11.09627,7.496935,11.8233,0.5594401,0.184,0.32,0.5907208,0.1280054,0.7012725,2.533172,0.1716834,0.5134435,2.281688,0.1606483,0.7792502,2.232004,0.1158733,0.9092339,1.571025,0.1043625,0.750986,2.807092,0.08646881,0.8272748,2.478726,0.1286078,0.3704156,16155,3.58295318947418,-30.39523246397209,6.87195,6.867101245062186,6.875631900443369,6.8841625558245525,3,1,1,1.0,0.0,0.0,0.0,0.0,spl+lines,templ,16.720689999999998,"2,3,5,6,7",27427.0,0.0110659145773926
30500,3.581047,-30.38956,7540.964,7000.853,1,1,0,0,0,27,7.723743,34.64112,7.634274,7.67765,7.71858,7.756409,7.790301,,26.49113,17.89114,24.10971,0.187924,0.1104,0.32,0.02626112,0.1451844,0.5451336,1.255112,0.1726082,0.5079562,1.429163,0.1823997,0.604479,1.066881,0.1237458,0.7972257,0.8261229,0.1197902,0.5700051,1.375525,0.09420235,0.69702,1.622528,0.1424008,0.3021337,18924,3.581044323249695,-30.3895606891702,7.68681,7.680324084107461,7.6897365539679425,7.699149023828424,3,1,1,1.0,0.0,0.0,0.0,0.0,spl+lines,templ,16.720689999999998,"2,3,5,6,7",30500.0,0.0157279113221049
30616,3.623699,-30.38936,4229.725,7017.822,1,1,0,0,0,25,7.479572,25.19614,1.773325,7.203144,7.435843,7.55671,7.744565,,1.484472,1.455382,1.502795,0.118011,0.0544,0.32,0.1918559,0.1668996,0.5489258,1.029639,0.2763211,0.2637558,1.018545,0.2300877,0.5055027,0.8097441,0.2184059,0.3405608,0.9690809,0.1701028,0.3761658,1.18067,0.1324657,0.4690758,1.094566,0.24318,0.1378636,19025,3.623700753761731,-30.3893629899024,7.55577,7.543742567200225,7.553143513004843,7.562415734590402,2,1,0,0.0,1.0,0.0,0.0,0.0,spl+lines,templ,2.6259999999999994,2,30616.0,0.0068358645170276
31035,3.620338,-30.3886,4490.589,7086.715,1,1,0,0,0,26,7.140669,22.79198,7.00253,7.068408,7.15666,7.236618,7.287364,,1.524647,1.492306,1.548903,0.08382365,0.0304,0.32,0.05033422,0.1357612,0.6361867,0.6008166,0.1992767,0.3888919,0.6730466,0.1690804,0.7178534,0.5784967,0.1595963,0.4890908,0.3475664,0.1295684,0.4971828,0.5173503,0.1030117,0.594824,0.8719899,0.185153,0.1823709,60141,3.62034203,-30.38859876999999,7.127927,7.1207437117584345,7.129553885116241,7.138360590497764,2,1,0,1.0,0.0,0.0,0.0,0.0,spl+lines,templ,2.6259999999999994,2,31035.0,0.0116421270935035
33989,3.568114,-30.38305,8545.109,7586.356,1,1,0,0,0,27,10.60546,36.07522,2.469845,10.21179,10.50296,10.72057,11.06646,,3.923518,3.643706,4.011356,0.1451593,0.08,0.32,0.6498109,0.1812564,0.6645488,-0.2282826,0.2581677,0.4314355,1.640448,0.3152524,0.3844882,2.252149,0.185769,0.6721499,2.098571,0.191094,0.4255963,2.282047,0.1490084,0.5293194,1.997249,0.2267038,0.2265047,22223,3.568114511635839,-30.38305164327892,9.569852,9.55089473347697,9.56233555562915,9.573776370256407,3,1,0,1.0,0.0,0.0,0.0,0.0,spl+lines,templ,4.376664999999999,4,33989.0,0.0052768179609834
34113,3.641573,-30.38283,2841.758,7605.744,1,1,0,0,0,22,9.163016,49.46351,0.1662574,8.826352,9.183031,9.5816,10.17552,,1.312593,1.293927,1.321625,0.1395476,0.0736,0.32,3.199495,0.8088912,0.02897886,0.5887907,0.4835815,0.1067894,3.227877,0.4084605,0.1989059,3.211884,0.3997644,0.1260528,2.074086,0.3413199,0.1158554,2.894773,0.3182697,0.100762,2.198974,0.4920328,0.04175944,22335,3.64157267619518,-30.38282555961342,2.509613,2.506805993811689,2.5109790673383725,2.515849966321672,3,1,0,1.0,0.0,0.0,0.0,0.0,spl+lines,templ,2.6259999999999994,2,34113.0,0.0024973507919902
34541,3.60389,-30.38226,5767.512,7657.253,1,1,0,0,0,27,7.955146,24.54543,7.88224,7.903971,7.924784,7.967102,7.983633,,1.847716,1.787143,1.891339,1.142085,1.2544,1.0,0.3105997,0.6446639,0.4446684,4.995808,0.7445128,0.4456784,10.76773,0.636598,0.888306,12.8345,0.6253213,0.6100004,17.17184,0.5072147,0.6492666,24.58592,0.4503801,0.6555522,31.05233,0.7263573,0.2281364,60157,3.6038467,-30.38223800000003,7.880038,7.875292254057935,7.884916136764945,7.894540019471954,3,1,1,1.0,0.0,0.0,0.0,0.0,spl+lines,templ,12.344025000000002,"2,3,5,7",34541.0,0.1603105851703034
35556,3.607269,-30.38058,5505.088,7808.869,1,1,0,0,0,27,6.704555,17.29552,5.994961,6.322136,6.637541,6.760876,6.903243,,1.754881,1.710305,1.789626,0.7837311,0.1168,0.32,0.3730675,0.1709334,0.3932686,0.5363134,0.1836018,0.4489475,0.5008166,0.1527406,0.8620263,0.5118613,0.1444869,0.5847702,0.7183961,0.1157533,0.6104559,1.134069,0.09775832,0.6472339,0.7855967,0.1690458,0.2143955,23619,3.607271939131035,-30.38057787708868,6.716076,6.706497967652168,6.714854474130324,6.723210980080162,3,1,1,1.0,0.0,0.0,0.0,0.0,spl+lines,templ,7.294441666666666,"5,7",35556.0,0.008584828058364
35557,3.605246,-30.38058,5662.181,7808.341,1,1,0,0,0,27,7.800055,5.737885,7.666545,7.735244,7.792268,7.830719,7.883196,,1.768172,1.718158,1.794356,0.08555435,0.0672,0.32,-0.009232011,0.1733944,0.3883173,1.022083,0.1964111,0.3985939,1.503878,0.1613955,0.7844401,1.616727,0.1545754,0.5191289,1.519036,0.1216602,0.5614846,1.832952,0.09917907,0.6389136,2.527165,0.1662064,0.225342,23604,3.605246620651772,-30.38058434235268,7.882703,7.875292254057935,7.884916136764945,7.894540019471954,3,1,0,1.0,0.0,0.0,0.0,0.0,spl+lines,templ,4.376664999999999,6,35557.0,0.0027521088804586
36502,3.60134,-30.3792,5965.421,7932.59,1,1,0,0,0,27,7.892553,56.24745,7.890589,7.901964,7.911877,7.920931,7.926249,,1.924322,1.871173,1.95532,0.119942,0.408,0.7,0.2096668,0.4070005,0.4327609,7.512901,0.5016441,0.3946053,12.16153,0.414694,0.7755843,10.50302,0.3981252,0.54155,11.91821,0.301252,0.6298366,13.77565,0.2566768,0.6547832,30.41451,0.4061448,0.2323158,24531,3.601342849372456,-30.37919855119247,7.89159,7.889384969543119,7.899024133621938,7.908663297700757,3,1,1,1.0,0.0,0.0,0.0,0.0,spl+lines,templ,2.423583333333333,3,36502.0,0.0210141616628776
36725,3.628748,-30.37891,3837.379,7958.598,1,1,0,0,0,25,6.446548,60.72786,6.304062,6.374163,6.433726,6.472274,6.500049,,1.377433,1.361892,1.389019,0.1185607,0.1696,0.32,1.993602,0.2677824,0.2087266,3.662561,0.2347437,0.3577339,3.434371,0.1943431,0.6935691,3.372246,0.1926731,0.4283498,3.260064,0.1462756,0.4979387,7.727766,0.1332079,0.4540536,3.497136,0.2067903,0.1866219,24714,3.628748130795594,-30.37890926708201,6.352246,6.348277006459394,6.3562450771419625,6.364213147824531,3,1,0,1.0,0.0,0.0,0.0,0.0,spl+lines,templ,2.6259999999999994,2,36725.0,0.0005530071986162
37450,3.569439,-30.37787,8442.334,8052.241,1,1,0,0,0,26,6.289686,25.66253,6.209255,6.269984,6.315402,6.400544,6.538185,,3.360734,2.983466,3.449088,0.2522994,0.1376,0.32,2.51097,0.3481452,0.5839193,3.032688,0.6403675,0.2273114,3.133114,0.5279379,0.4444208,2.17509,0.4944399,0.3075713,2.708297,0.4527996,0.2457195,5.300021,0.309539,0.3976204,3.084862,0.5669251,0.1174096,25447,3.569435090915393,-30.37788728720045,6.247132,6.232609262718839,6.240451910939016,6.248294557832248,3,1,1,1.0,0.0,0.0,0.0,0.0,spl+lines,templ,4.376664999999999,4,37450.0,0.0496532304808244
38201,3.567071,-30.37786,8626.152,8053.421,1,1,0,0,0,26,10.37723,33.208,9.883532,10.10375,10.32667,10.44021,10.53733,,3.874599,3.440958,3.999027,0.8960984,0.2384,0.32,0.4893762,0.1476974,0.5267411,-0.06831531,0.2969406,0.1716367,4.843459,0.2431017,0.3402933,4.972129,0.282158,0.1533408,4.782687,0.1878989,0.2316716,3.994011,0.1359693,0.3345701,4.905327,0.2457224,0.1014693,26185,3.567070796096838,-30.3778606473943,10.060783,10.047732562053309,10.059796990913435,10.07178023846888,3,1,0,1.0,0.0,0.0,0.0,0.0,spl+lines,templ,4.376664999999999,"1,4",38201.0,0.0021024061390665
39368,3.625079,-30.37526,4122.144,8287.0,1,1,0,0,0,26,6.872276,16.38383,6.740365,6.800766,6.869721,6.944921,7.155075,,1.383926,1.369683,1.394555,0.111531,0.0496,0.32,-0.03023323,0.216005,0.2593362,0.7476673,0.2033453,0.3854148,0.8593016,0.1680627,0.749781,0.545796,0.167777,0.4566939,0.4598046,0.1313541,0.4992076,1.019546,0.1198674,0.4533293,0.602779,0.1870692,0.1843603,27335,3.625080666905728,-30.37526088785461,6.753977,6.743267390705045,6.751665055450042,6.760061435063911,3,1,0,1.0,0.0,0.0,0.0,0.0,spl+lines,templ,7.294441666666666,"5,7",39368.0,0.0054018129751098
39640,3.622081,-30.37496,4354.881,8314.107,1,1,0,0,0,26,6.196789,21.37133,6.142452,6.168847,6.195394,6.225475,6.260814,,1.407021,1.394244,1.424012,0.1508089,0.0864,0.32,1.427905,0.2543502,0.2981329,1.974578,0.2363694,0.4546715,1.512581,0.1962614,0.8763761,1.580343,0.2009229,0.5075916,1.547526,0.1693218,0.4788794,2.403238,0.1540933,0.4372523,1.644828,0.2395955,0.1791421,27506,3.622081372730471,-30.37496034289143,6.132101,6.130065813253892,6.1377972676235935,6.145528721993295,3,1,1,1.0,0.0,0.0,0.0,0.0,spl+lines,templ,7.294441666666666,"5,7",39640.0,0.0022374493171766
40540,3.605813,-30.37391,5618.044,8408.894,1,1,0,0,0,26,6.484908,20.49248,6.363946,6.430118,6.477929,6.512826,6.536638,,1.596723,1.578963,1.612709,0.1619792,0.2896,0.48,2.674739,0.2864131,0.4904969,6.944213,0.3308837,0.5001414,6.94787,0.2781847,0.9672354,6.074124,0.2708213,0.6146807,6.492607,0.2568949,0.4488795,12.13306,0.2078829,0.5049493,6.89154,0.352113,0.1600486,28308,3.605812329200131,-30.37391080590589,6.363283,6.359945036558458,6.367925759416289,6.375906482274119,3,1,1,1.0,0.0,0.0,0.0,0.0,spl+lines,templ,2.423583333333333,3,40540.0,0.0025393413697479
41096,3.569595,-30.37322,8430.274,8470.988,1,1,0,0,0,26,7.187307,31.33539,7.0105,7.094564,7.149757,7.195079,7.213394,,2.697208,2.601603,2.722917,0.08852813,0.0928,0.32,0.1945119,0.1487789,0.540755,1.529694,0.253014,0.2462636,1.250845,0.2088937,0.4800856,0.9750744,0.201557,0.3130305,1.025742,0.1753792,0.2770161,4.114779,0.1294035,0.3847835,7.284681,0.2310878,0.1195116,28876,3.569597426299371,-30.37322304257577,7.042225,7.031051492107511,7.039759926191883,7.048468360276256,3,1,0,1.0,0.0,0.0,0.0,0.0,spl+lines,templ,4.376664999999999,"1,4",41096.0,0.009975950255621
42549,3.604635,-30.37115,5709.449,8657.146,1,1,0,0,0,26,6.541722,11.14125,6.428095,6.492102,6.534997,6.566789,6.588803,,1.584353,1.569973,1.602152,0.2042832,0.464,0.7,2.702375,0.4347428,0.5180604,8.103071,0.6441511,0.3268784,8.427035,0.5424193,0.6191866,8.256452,0.5481611,0.3901833,9.934727,0.4509265,0.3839578,16.21694,0.3496615,0.4819285,12.4579,0.6178235,0.1371257,30390,3.604634245985477,-30.37115252344006,6.372124,6.359945036558463,6.367925759416298,6.375906482274128,3,1,0,1.0,0.0,0.0,0.0,0.0,spl+lines,templ,2.423583333333333,3,42549.0,0.0038284100763569
44489,3.537529,-30.37017,10920.23,8745.108,1,1,0,0,0,22,6.973778,67.37128,6.872885,6.949005,7.04914,7.196979,7.287941,,23.2309,13.05512,31.00701,0.6629935,0.2816,0.48,0.2385346,0.2251815,0.5744655,2.050997,0.2957337,0.453262,2.492854,0.2835541,0.6739601,2.58703,0.3253209,0.3083888,2.248193,0.2090547,0.4907138,3.828987,0.1386819,0.8213972,4.825113,0.2716851,0.1946219,32265,3.537530019411128,-30.37016699117356,0.0,,,,3,1,1,0.0,0.0,0.0,0.0,0.0,fixed,fixed,14.094689999999998,"3,5,6,7",44489.0,0.002618221364902
45661,3.546419,-30.36625,10230.05,9098.307,1,1,0,0,0,22,7.322804,214.6428,7.310288,7.321742,7.329748,7.337699,7.345711,,2.198032,2.209954,2.289261,0.10385,0.0864,0.32,0.6890887,0.1563586,0.5146038,4.405559,0.2283188,0.3178626,2.119676,0.1872641,0.6279051,1.145861,0.1798194,0.4133738,0.9113659,0.1382863,0.468313,2.237503,0.104766,0.6170229,5.997989,0.1798652,0.2073497,33437,3.546419625357212,-30.36624398147922,0.0,,,,3,1,0,0.0,0.0,0.0,0.0,0.0,fixed,fixed,14.094689999999998,"3,5,6,7",45661.0,0.006546878450919
45905,3.600112,-30.36581,6060.61,9137.735,1,1,0,0,0,26,6.803811,20.25929,6.73429,6.772008,6.81799,6.875706,6.933185,,1.595717,1.589134,1.614137,0.1562937,0.088,0.32,0.4382161,0.2140937,0.551253,0.9733043,0.3669393,0.247159,1.181282,0.3096644,0.4611716,0.9950284,0.3054511,0.2877231,1.321892,0.2665151,0.2532172,2.96279,0.1847686,0.3984081,2.213613,0.3851412,0.09082386,33673,3.600113527958513,-30.36581355252957,6.774164,6.767876752840828,6.776299814596082,6.784722876351335,3,1,0,1.0,0.0,0.0,0.0,0.0,spl+lines,templ,7.294441666666666,"5,7",45905.0,0.0037358526793216
46529,3.60718,-30.36482,5511.795,9227.473,1,1,0,0,0,26,6.29268,35.04008,6.262978,6.281521,6.311917,6.369798,6.440833,,1.501748,1.493509,1.517177,0.3584222,0.1568,0.32,1.91189,0.1394947,0.590511,3.609217,0.2447933,0.2525516,2.950311,0.2147577,0.4360454,2.585564,0.2035294,0.2947052,2.473447,0.186857,0.2342622,4.705281,0.1268148,0.3846176,2.77574,0.2687576,0.08482086,34265,3.607180703847201,-30.36481663770747,6.351511,6.348277006459394,6.3562450771419625,6.364213147824531,3,1,0,1.0,0.0,0.0,0.0,0.0,spl+lines,templ,2.6259999999999994,2,46529.0,0.0052235214753437
47443,3.59193,-30.36307,6696.016,9385.02,1,1,0,0,0,26,6.250205,21.28173,6.072239,6.139458,6.22996,6.308795,6.406144,,1.810592,1.795217,1.829994,0.4271661,0.072,0.32,2.803528,0.4012365,0.4188362,4.605958,0.6579023,0.2051769,2.851859,0.5474251,0.3938056,1.917167,0.530522,0.254529,3.557905,0.4963182,0.194851,4.248081,0.3895495,0.2391914,2.882101,0.7048049,0.07237497,35123,3.591928729950257,-30.36306885803072,6.254383,6.244093628094552,6.251948728006631,6.25980382791768,3,1,0,1.0,0.0,0.0,0.0,0.0,spl+lines,templ,2.423583333333333,3,47443.0,0.0092308311089422
49139,3.600332,-30.36068,6043.506,9599.413,1,1,0,0,0,26,6.296534,21.83926,6.25996,6.286074,6.332804,6.407024,6.493946,,1.536016,1.532347,1.556219,0.4925014,0.0832,0.32,1.298645,0.1537692,0.4859644,2.099767,0.2866814,0.1841409,1.766627,0.2414894,0.3448525,1.438593,0.2392754,0.213229,1.658498,0.2072827,0.1903684,2.470518,0.1463321,0.2888614,1.443991,0.2980973,0.06894586,36755,3.600330212871877,-30.36068623407005,6.252933,6.244093628094072,6.25194872800512,6.259803827916167,3,1,0,1.0,0.0,0.0,0.0,0.0,spl+lines,templ,11.176913333333331,"3,4,6",49139.0,0.0105316105467434
49245,3.58283,-30.3603,7402.695,9634.309,1,1,0,0,0,26,6.746614,18.28608,6.702955,6.726073,6.750445,6.780473,6.820047,,2.98647,2.786235,3.230231,0.1837369,0.2256,0.48,2.268061,0.4503223,0.2541913,5.119899,0.6790227,0.152146,4.765103,0.5674785,0.2977732,5.232967,0.5512527,0.1900637,5.630999,0.4174021,0.2178297,9.240572,0.293838,0.3237836,6.506496,0.5343114,0.08904565,36857,3.582829450604097,-30.36029629501599,6.764063,6.755562011452439,6.763971719773991,6.772381428095543,3,1,0,1.0,0.0,0.0,0.0,0.0,spl+lines,templ,4.376664999999999,4,49245.0,0.0009026772585117
49514,3.59011,-30.35974,6837.282,9684.24,1,1,0,0,0,26,10.55392,46.68401,10.27931,10.41553,10.53701,10.62552,10.70954,,1.828558,1.798794,1.879088,0.1600074,0.1248,0.32,0.4219852,0.2956825,0.2432225,0.01753731,0.378882,0.1950982,5.791835,0.3235407,0.3555359,6.715678,0.3041582,0.2442053,5.094128,0.2466639,0.2487838,4.557591,0.1940081,0.3041173,3.994679,0.3437519,0.09595026,37126,3.590110771951833,-30.35974219091935,10.119248,10.11816269479749,10.130493029365049,10.14274996681338,2,1,0,0.0,0.0,0.0,1.0,0.0,templ,templ,4.376664999999999,4,49514.0,0.0018915303883926
49872,3.610604,-30.35897,5245.803,9753.966,1,1,0,0,0,23,6.095512,16.35013,0.0801744,6.019077,6.115449,6.381863,6.566782,,1.398161,1.396696,1.413443,0.09970879,0.0432,0.32,0.6554561,0.3078818,0.1378613,1.247799,0.2654459,0.2442669,0.7744221,0.2220113,0.4640307,1.412007,0.2172968,0.2940375,0.974447,0.1890052,0.2603999,1.59527,0.1719,0.2380589,1.365169,0.2704152,0.09528608,37504,3.610603503506573,-30.35896482285579,6.561018,6.549174844868001,6.557364005354941,6.565549922210224,3,1,0,1.0,0.0,0.0,0.0,0.0,spl+lines,templ,11.671106666666663,"5,6,7",49872.0,0.0008412069795592
50437,3.605256,-30.35794,5661.106,9846.232,1,1,0,0,0,23,7.618737,11.6717,7.511818,7.579096,7.624653,7.676386,7.740823,,1.447903,1.44647,1.46928,0.1563039,0.0992,0.32,-0.3226851,0.2350968,0.4486186,3.071268,0.3673394,0.2420148,4.039073,0.3139419,0.44031,3.79961,0.3012278,0.2903221,3.08802,0.2606507,0.2597951,3.228462,0.1951078,0.3506287,4.056213,0.3777722,0.09263864,38059,3.605254866904467,-30.35794114836597,7.589203,7.584452032568439,7.593760544013676,7.603069061403555,3,1,0,1.0,0.0,0.0,0.0,0.0,spl+lines,templ,5.0495833333333335,"2,3",50437.0,0.0027747769688952
50740,3.541383,-30.35744,10621.42,9891.121,1,1,0,0,0,20,6.211714,8.852473,6.120772,6.171029,6.236176,6.472881,6.573146,,1.612419,1.611139,1.647545,0.04093948,0.0512,0.32,0.3063544,0.1936812,0.306315,0.3356016,0.2478548,0.2463511,0.6644973,0.2031814,0.4871488,0.6783638,0.1964636,0.3162845,0.5051241,0.1541511,0.3442135,1.229834,0.1228787,0.4096524,1.01074,0.2182787,0.1285883,38335,3.541383112541549,-30.35743501482807,6.231206,6.221143105409992,6.228973324729987,6.236803538352536,3,1,0,1.0,0.0,0.0,0.0,0.0,spl+lines,templ,2.423583333333333,3,50740.0,0.0006602369427269
51183,3.513561,-30.3568,12782.16,9947.264,1,1,0,0,0,15,12.75644,7.494378,11.82833,12.38085,13.08925,13.84148,14.49728,,1.520972,1.4858,1.534871,0.1243819,0.1264,0.32,-0.06450234,0.1399643,0.9605519,-0.1756703,0.1658467,0.9010476,0.01667864,0.2213488,0.6721829,1.555354,0.2273412,0.3868106,1.368765,0.1436268,0.6493256,1.273373,0.1312814,0.5877254,1.254384,0.1120179,0.7995801,38766,3.513563315910684,-30.35679962823883,12.190246,12.181993032422188,12.206281445706225,12.402632655294507,2,1,1,0.0,0.0,0.0,1.0,0.0,templ,templ,4.376664999999999,4,51183.0,0.0085201621297592
56223,3.575942,-30.34803,7937.691,10738.68,1,1,0,0,0,23,6.720229,10.45411,6.610328,6.679313,6.725916,6.78326,6.877563,,1.955477,1.91091,2.063351,0.4996715,0.216,0.32,0.2966518,0.1520855,0.4967841,1.316344,0.2083866,0.3485056,1.686793,0.1697523,0.6979077,1.351186,0.1649778,0.4485298,1.754665,0.1277904,0.5008697,2.857671,0.100815,0.6085805,2.376244,0.1772545,0.1949978,43709,3.575939430037462,-30.34802820207057,6.726886,6.718734801994929,6.727104576899744,6.735474351804558,3,1,1,1.0,0.0,0.0,0.0,0.0,spl+lines,templ,8.753329999999998,"4,5",56223.0,0.0129815115158511
65886,3.560647,-30.32611,9126.036,12711.13,1,1,0,0,0,20,6.198017,24.04986,6.144166,6.171061,6.193483,6.213963,6.241382,,1.318668,1.307165,1.336255,0.1467479,0.1744,0.32,1.406674,0.3504725,0.1786621,3.145491,0.4402122,0.1491496,2.709149,0.3580684,0.2995674,2.908501,0.3480378,0.1924804,3.228389,0.2810927,0.1977057,6.379539,0.2188488,0.2466479,3.878935,0.3990944,0.07346325,52621,3.560646611968914,-30.32610828345969,6.189387,6.186853576196185,6.194646608117826,6.202439640039467,3,1,0,1.0,0.0,0.0,0.0,0.0,spl+lines,templ,4.376664999999999,4,65886.0,0.0054248730292599
