id_msa,ra,dec,z_spec,z_spec16,z_spec50,z_spec84,flag_zspec_qual,flag_successful_spectrum,flag_potential_local_background_issue,flag_emission_lines,flag_line_and_break,flag_break_strong_abs_features_only,flag_break_only,flag_stellar_bump_only,method_best_zfit,method_zuncert,texp_tot,masks,id_DR3,sep_DR3,f_Lya,e_Lya,eqw_Lya,f_OIII-1663,e_OIII-1663,eqw_OIII-1663,f_NIII-1750,e_NIII-1750,eqw_NIII-1750,f_CIII-1906,e_CIII-1906,eqw_CIII-1906,f_MgII,e_MgII,eqw_MgII,f_NeV-3346,e_NeV-3346,eqw_NeV-3346,f_NeVI-3426,e_NeVI-3426,eqw_NeVI-3426,f_OII,e_OII,eqw_OII,f_NeIII-3867,e_NeIII-3867,eqw_NeIII-3867,f_HeI-3889,e_HeI-3889,eqw_HeI-3889,f_NeIII-3968,e_NeIII-3968,eqw_NeIII-3968,f_Hd,e_Hd,eqw_Hd,f_Hg,e_Hg,eqw_Hg,f_OIII-4363,e_OIII-4363,eqw_OIII-4363,f_HeII-4687,e_HeII-4687,eqw_HeII-4687,f_Hb,e_Hb,eqw_Hb,f_OIII-4959,e_OIII-4959,eqw_OIII-4959,f_OIII,e_OIII,eqw_OIII,f_OIII-5007,e_OIII-5007,eqw_OIII-5007,f_HeI-5877,e_HeI-5877,eqw_HeI-5877,f_OI-6302,e_OI-6302,eqw_OI-6302,f_Ha+NII,e_Ha+NII,eqw_Ha+NII,f_SII,e_SII,eqw_SII,f_HeI-7065,e_HeI-7065,eqw_HeI-7065,f_ArIII-7138,e_ArIII-7138,eqw_ArIII-7138,f_OII-7325,e_OII-7325,eqw_OII-7325,f_ArIII-7753,e_ArIII-7753,eqw_ArIII-7753,f_HeI-8446,e_HeI-8446,eqw_HeI-8446,f_Pa10,e_Pa10,eqw_Pa10,f_SIII-9068,e_SIII-9068,eqw_SIII-9068,f_Pa9,e_Pa9,eqw_Pa9,f_SIII-9531,e_SIII-9531,eqw_SIII-9531,f_Pa8,e_Pa8,eqw_Pa8,f_PaD,e_PaD,eqw_PaD,f_HeI-1083,e_HeI-1083,eqw_HeI-1083,f_PaG,e_PaG,eqw_PaG,f_PaB,e_PaB,eqw_PaB,f_PaA,e_PaA,eqw_PaA,f_BrD,e_BrD,eqw_BrD,f_BrG,e_BrG,eqw_BrG,f_BrB,e_BrB,eqw_BrB,f_PfE,e_PfE,eqw_PfE,f_PAH-3.29,e_PAH-3.29,eqw_PAH-3.29,f_PfD,e_PfD,eqw_PfD,f_PAH-3.40,e_PAH-3.40,eqw_PAH-3.40,f_PfG,e_PfG,eqw_PfG,f_BrA,e_BrA,eqw_BrA,f_PfB,e_PfB,eqw_PfB
3686,3.617202003263485,-30.42553381079773,9.318165,9.30275839636045,9.313930145473265,9.325101894586078,3,1,1,1.0,0.0,0.0,0.0,0.0,spl+lines,templ,2.6259999999999994,2,12863.0,0.0127284892090657,-706.700529,136.59897,-380.454619,62.853012,57.489557,28.988531,24.71985,54.796262,12.56423,-38.630996,43.567908,-23.277755,19.418571,22.0932,29.215995,-17.992409,19.13374,-38.911035,29.488726,21.027963,67.303664,90.897964,17.872674,222.029627,66.178468,18.280088,159.67918,57.546847,19.870477,138.770979,15.146117,19.735461,36.914423,15.603175,18.298353,41.708895,68.687364,18.829256,224.774401,-19.162331,19.891259,-62.757328,25.59651,21.393177,102.065626,49.591534,22.319041,179.258586,363.95877,26.562668,-21858.310967,,,,719.00284,30.713185,-14323.631496,,,,,,,,,,,,,,,,,,,,,,,,,,,,,,,,,,,,,,,,,,,,,,,,,,,,,,,,,,,,,,,,,,,,,,,,,,,,,,,,,,,,,,,
7309,3.611317802661625,-30.41455737328158,6.346668,6.33339693045836,6.348374638354964,6.363111646280458,3,1,0,0.0,1.0,0.0,0.0,0.0,manual/templ,manual/templ,2.6259999999999994,2,17536.0,0.0153420802679371,-309.031505,104.719915,-251.935029,105.584776,49.420439,102.600376,-20.353927,46.287118,-21.567674,-1.185145,44.0052,-1.466967,-4.230604,25.187274,-14.386852,-9.967676,17.979267,-52.63086,21.455181,15.859083,115.904549,3.134692,15.452627,16.286471,-21.774321,18.328336,-109.13819,10.242457,19.037777,51.225055,-7.688836,14.371904,-38.593781,-10.582603,13.975957,-56.650095,-16.250052,15.066842,-111.305663,21.084173,14.106387,148.226826,12.55651,12.150467,111.433905,2.971869,11.083255,25.549808,0.194101,11.441568,1.647612,,,,41.235081,11.359014,353.80143,9.978916,11.506154,185.392084,13.313212,16.575426,266.650404,5.035451,15.979683,60.666626,0.294029,15.014195,6.116268,-8.166422,18.474395,-114.202404,20.438801,22.559421,1050.243651,,,,,,,,,,,,,,,,,,,,,,,,,,,,,,,,,,,,,,,,,,,,,,,,,,,,,,,,,,,,,,,,,,,,,
8613,3.60060193250919,-30.41027142361719,6.380238,6.371631593847814,6.379624988970781,6.387618384093746,3,1,0,1.0,0.0,0.0,0.0,0.0,spl+lines,templ,2.6259999999999994,2,19120.0,0.0175560365885713,-11.183893,132.036386,-65.802666,93.309907,41.202107,157.762863,14.1736,40.095451,26.132933,-11.574769,35.429408,-23.058859,38.134337,21.384426,216.500961,-1.780675,15.747737,-13.929393,-1.375333,14.542506,-11.48596,2.622987,11.948333,25.740698,17.041943,16.033321,178.085395,-12.436423,16.844214,-131.729955,-9.32081,13.093637,-106.633149,7.711255,12.65222,112.627013,8.986521,14.628254,242.222768,23.413615,13.500902,650.127978,-6.874968,10.460015,-160.752731,44.050967,10.480691,1157.424194,54.459331,10.757307,1487.914651,,,,125.5628,11.006574,3307.497306,7.203583,10.572943,241.214572,-12.892404,17.723665,-261.301974,127.554096,14.946827,-8824.57765,-3.183184,13.611274,-89.220719,-14.012633,18.097916,-415.149033,3.015179,24.230243,41.395883,,,,,,,,,,,,,,,,,,,,,,,,,,,,,,,,,,,,,,,,,,,,,,,,,,,,,,,,,,,,,,,,,,,,,
8936,3.604124454272525,-30.40954777649949,6.645962,6.6239581554603255,6.636318609523333,6.655152517433513,2,1,0,0.0,0.0,0.0,1.0,0.0,templ,templ,2.6259999999999994,2,19485.0,0.033348562317479,59.512982,86.536276,177.132523,-30.563636,34.209049,-109.769208,13.80911,32.196623,53.690238,-26.388963,32.170993,-116.857549,-3.667267,17.674297,-42.89102,-21.872376,12.089729,-247.170933,-10.457552,12.372217,-120.604418,7.702998,11.165958,150.423809,8.701776,13.001723,208.012433,2.521733,13.424691,60.056646,-0.582963,10.571138,-12.782284,0.622645,9.564985,10.577623,-7.841381,10.694357,-99.725815,13.6244,11.135713,172.248009,3.115295,9.849719,70.040717,5.413858,9.148709,206.707369,-0.360374,8.650746,-12.13962,,,,17.031632,8.340606,521.506663,-7.970672,10.234483,-217.732804,19.462185,14.997388,1481.767628,21.549171,13.730003,-5042.50379,31.202607,15.878641,-1156.733573,,,,,,,,,,,,,,,,,,,,,,,,,,,,,,,,,,,,,,,,,,,,,,,,,,,,,,,,,,,,,,,,,,,,,,,,,,,
8943,3.614087403729256,-30.41044795973289,6.325826,6.320618889049481,6.329011639616588,6.339001462160193,3,1,0,1.0,0.0,0.0,0.0,0.0,spl+lines,templ,2.6259999999999994,2,20026.0,0.0078265588017637,88.907628,86.486585,107.352838,-13.231803,41.120553,-9.731171,82.138334,41.278853,65.279307,78.29601,35.736845,70.61262,37.657156,21.270326,71.58628,3.206417,13.828142,8.062673,-15.758295,12.862516,-41.634231,115.668672,13.006152,381.834571,155.430635,16.050758,580.362811,45.831536,16.064995,174.002146,77.612272,11.633609,313.394044,62.345485,10.385592,272.261653,127.741738,11.764778,599.494195,30.707146,11.192344,144.892723,6.521499,8.940364,37.121275,230.043232,9.971249,1812.093013,535.269047,14.626754,5221.251109,,,,1397.205197,23.39217,14657.472762,48.419805,9.166527,643.150102,13.499159,13.817585,145.640157,852.887916,18.697202,45231.222034,26.072415,12.212919,116978.30564,32.990039,15.196862,1391.279322,2.61823,18.367801,55.245168,,,,,,,,,,,,,,,,,,,,,,,,,,,,,,,,,,,,,,,,,,,,,,,,,,,,,,,,,,,,,,,,,,,,,
10646,3.636959983509949,-30.40636155877451,8.51059,8.501931225621085,8.512234601441035,8.522537977260987,3,1,0,1.0,0.0,0.0,0.0,0.0,spl+lines,templ,2.6259999999999994,2,21390.0,0.0086114331441189,381.515408,95.340093,105.548378,247.591016,52.234118,72.804876,-45.607135,47.122959,-15.055026,577.968891,43.166181,239.709775,91.27787,17.207962,82.776995,22.548338,14.451709,25.002675,23.870306,13.402883,27.842827,281.922727,13.769607,426.414977,326.743931,15.470787,616.8851,105.646555,13.9201,206.212021,274.131794,13.600753,608.206953,262.160312,13.280185,678.278585,409.610344,14.824623,1090.75444,157.99422,13.413263,428.743401,26.637961,12.327094,63.16035,915.279162,20.201801,13560.873783,2102.560036,33.497409,-121049.082161,,,,4608.849495,61.115756,84615.1698,,,,,,,,,,,,,,,,,,,,,,,,,,,,,,,,,,,,,,,,,,,,,,,,,,,,,,,,,,,,,,,,,,,,,,,,,,,,,,,,,,,,,,,
10740,3.615159727040683,-30.40606642726874,6.141379,6.130084534234983,6.137855939895061,6.145587465235897,3,1,1,1.0,0.0,0.0,0.0,0.0,spl+lines,templ,2.6259999999999994,2,21524.0,0.0069536863492024,112.089269,149.390435,340.820033,-8.136316,60.645026,-24.212511,-43.877189,59.997094,-138.357438,-54.790434,50.386105,-175.955135,-35.010895,29.718557,-536.988386,-39.213335,22.068864,-469.935918,6.527338,21.993608,84.097959,-9.382887,18.967121,-220.990598,44.370894,23.984603,1541.43934,-24.78837,24.311109,-908.113893,41.978314,19.499789,1857.464772,-2.733668,17.154898,-138.063572,9.783141,18.863094,343.822427,23.15107,17.754361,787.404695,-18.688528,13.359759,-825.642306,10.580026,15.827576,909.014097,45.129972,14.104626,5249.61319,,,,101.118581,15.423341,12773.325487,30.689665,13.916496,2064.084598,-17.405477,20.955915,-533.526858,86.268979,18.359144,-4291.105512,-3.091838,18.119189,2257.651732,-3.719317,18.712361,1228.623725,-7.562034,20.385384,4339.914781,15.492848,25.959424,393.935737,,,,,,,,,,,,,,,,,,,,,,,,,,,,,,,,,,,,,,,,,,,,,,,,,,,,,,,,,,,,,,,,,,
11045,3.612434169529675,-30.40554575330742,6.331689,6.324996410390961,6.332939236865283,6.340882063339604,3,1,1,1.0,0.0,0.0,0.0,0.0,spl+lines,templ,2.6259999999999994,2,21840.0,0.0059146326047714,-186.528858,97.482944,-357.491374,146.325985,44.310825,582.424044,113.266537,40.650903,431.611761,57.487262,39.406357,202.691627,-29.85473,24.372217,-155.257107,-13.103149,16.109205,-72.634468,-9.214744,16.405968,-55.570735,209.719712,18.643725,1639.797511,41.425875,17.984895,346.664654,12.113202,17.902397,102.560522,21.116744,14.213246,190.50383,24.295085,12.745805,270.174433,64.866979,14.049284,1109.319009,7.293527,12.892179,124.52691,-20.203011,10.955261,-247.271097,146.883969,12.07645,5626.400796,281.888405,12.416174,-36265.162292,,,,791.010643,17.213142,-49438.358137,32.843915,11.304797,773.222703,27.720939,15.504255,768.785793,558.310608,16.900283,-18237.420681,51.919375,13.360021,-40276.695443,-3.101274,15.518217,-108.805344,5.848714,19.76792,96.09762,,,,,,,,,,,,,,,,,,,,,,,,,,,,,,,,,,,,,,,,,,,,,,,,,,,,,,,,,,,,,,,,,,,,,
11254,3.5804459401238,-30.40502288450324,6.87195,6.867101245062186,6.87563190044337,6.8841625558245525,3,1,0,1.0,0.0,0.0,0.0,0.0,spl+lines,templ,7.294441666666666,"5,7",22153.0,0.0138496213371732,177.653963,82.945962,585.692958,33.98825,24.645324,29.251491,-29.532916,23.07677,-28.914275,103.221447,21.126716,129.298252,-3.29215,11.438904,-8.697545,10.529161,7.916244,41.889373,0.563305,7.387422,2.388736,12.118397,6.839341,64.949243,47.551928,7.610628,280.118523,1.886254,7.320516,11.248609,37.371187,6.448788,233.819953,45.373452,6.078317,309.707664,91.804117,6.648938,714.216184,14.884214,6.221632,116.086553,6.183305,5.079705,51.013262,176.554208,6.295915,2651.916713,178.792984,6.859562,3477.519231,,,,453.633876,9.901359,8021.884902,19.988031,5.91349,232.843852,10.445924,9.54958,137.224883,645.196049,13.851765,21346.167446,-116.82333,33.156591,-282.925612,,,,,,,,,,,,,,,,,,,,,,,,,,,,,,,,,,,,,,,,,,,,,,,,,,,,,,,,,,,,,,,,,,,,,,,,,,,
12899,3.582353077987806,-30.40273183209246,6.873525,6.867100221611924,6.87563155310562,6.884163123466276,3,1,1,1.0,0.0,0.0,0.0,0.0,spl+lines,templ,7.294441666666666,"5,7",23918.0,0.0121451390195798,-61.60777,80.173048,-909.104524,-29.794099,24.33423,-229.897096,28.464349,23.164571,283.35502,37.181804,21.58514,649.703701,-9.419864,11.055528,-698.381621,13.936426,8.003061,-3417.74788,-7.209604,7.477549,2873.865321,3.374404,6.767696,436.358431,-7.18766,7.178827,-696.826945,12.730354,7.106806,1223.979116,5.913054,6.058765,593.956018,2.281603,5.987986,392.02618,8.984837,5.891656,-1735.513124,-3.656676,5.976722,659.179493,0.887127,4.995929,727.417485,14.466739,5.414433,-1923.300441,17.395919,5.610036,-1561.998368,,,,37.465665,5.505315,-3493.746177,9.281415,6.235141,-483.683182,5.141726,9.992696,-2614.048125,64.19148,10.549381,-9934.631746,95.878031,34.116817,-409.009071,,,,,,,,,,,,,,,,,,,,,,,,,,,,,,,,,,,,,,,,,,,,,,,,,,,,,,,,,,,,,,,,,,,,,,,,,,,
13077,3.570869324641364,-30.40158532661826,13.163633,12.908682991435173,13.15264545713766,13.214464048625526,2,1,0,0.0,0.0,0.0,1.0,0.0,templ,templ,7.294441666666666,"5,7",24119.0,0.0295062594007079,51.227127,54.583371,2389.386906,8.370812,11.266505,172.013194,16.374943,10.403094,402.275059,0.694332,7.801106,19.63837,-2.960404,5.383661,-175.088951,2.863264,6.360837,182.16724,-7.332419,7.096629,-438.290463,18.692282,18.671337,-721.248857,,,,,,,,,,,,,,,,,,,,,,,,,,,,,,,,,,,,,,,,,,,,,,,,,,,,,,,,,,,,,,,,,,,,,,,,,,,,,,,,,,,,,,,,,,,,,,,,,,,,,,,,,,,,,,,,,,,,,,,,
13123,3.579828558636116,-30.40156942018814,7.039813,7.146647650494824,7.155685527452545,7.164723422132208,3,1,0,1.0,0.0,0.0,0.0,0.0,spl+lines,templ,16.720689999999998,"2,3,5,6,7",24175.0,0.0095944870462636,345.445662,40.825718,820.695131,-9.537903,13.064853,-26.010251,-0.747123,13.08336,-2.283203,8.090083,12.286804,30.725698,5.105387,6.479465,34.047611,-7.183172,4.305781,-78.924853,6.952091,4.316018,83.06226,-1.664085,3.955813,-12.983863,12.776662,5.037254,65.072275,1.014521,5.001147,4.919568,-1.777864,4.099379,-7.337769,3.6694,3.857714,12.974452,17.373147,4.346127,56.617978,4.942625,4.097293,16.058082,7.42957,3.730187,20.97204,87.127972,4.767534,220.245374,4.300691,3.951412,10.761678,,,,8.836438,3.955897,22.212718,8.294019,4.748279,18.90636,14.682798,7.694483,32.650095,1063.119376,27.407462,2448.090026,,,,,,,,,,,,,,,,,,,,,,,,,,,,,,,,,,,,,,,,,,,,,,,,,,,,,,,,,,,,,,,,,,,,,,,,,,,,,,
13151,3.592501339027848,-30.40146428899556,9.798486,9.805003607362549,9.81671996591658,9.828438843269444,3,1,1,1.0,0.0,0.0,0.0,0.0,spl+lines,templ,11.671106666666663,"5,6,7",24203.0,0.0012402150554164,-95.311461,45.07691,-260.4018,43.748008,13.512371,153.760789,13.580065,12.316387,58.891354,33.618143,11.034395,192.785452,-5.583009,5.233037,-65.342138,-1.055809,4.183461,-20.206847,-0.86881,4.216597,-16.654419,5.33599,4.12668,110.009411,25.264288,4.480162,699.145335,8.315104,4.548907,254.746146,20.149995,4.621406,984.217983,10.666785,4.937477,449.688198,19.383394,5.460733,669.542625,7.144612,5.280045,246.574928,-9.0941,6.037909,-243.169969,72.311899,8.481926,-28367.767327,,,,,,,,,,,,,,,,,,,,,,,,,,,,,,,,,,,,,,,,,,,,,,,,,,,,,,,,,,,,,,,,,,,,,,,,,,,,,,,,,,,,,,,,,,,,,,,,
15383,3.583534552387626,-30.39667857268421,7.042226,7.031051492107511,7.039759926191883,7.048468360276256,3,1,0,1.0,0.0,0.0,0.0,0.0,spl+lines,templ,9.426248333333332,"2,3,6",26651.0,0.003818370959641,132.612894,45.117157,129.890995,-58.989563,16.006652,-117.951904,-16.418315,15.495481,-36.504754,30.661243,15.277618,83.112025,3.396391,7.783206,14.80767,-2.232003,5.434027,-15.747814,-2.051315,4.96698,-15.689141,5.787639,4.76187,35.424094,0.482383,5.609707,2.124357,8.552261,5.657718,36.184584,4.898458,4.866073,18.139083,8.419968,4.725866,27.444619,23.715814,5.552322,71.832223,15.569798,5.273484,46.945669,5.826484,4.660082,15.343372,116.787506,5.915379,279.122642,-3.40729,4.778946,-7.959841,,,,6.336547,4.950801,14.718529,16.383202,5.897919,33.76864,31.226434,8.904146,69.842893,1322.11424,35.944984,4646.137019,,,,,,,,,,,,,,,,,,,,,,,,,,,,,,,,,,,,,,,,,,,,,,,,,,,,,,,,,,,,,,,,,,,,,,,,,,,,,,
16155,3.58295318947418,-30.39523246397209,6.87195,6.867101245062186,6.875631900443369,6.8841625558245525,3,1,1,1.0,0.0,0.0,0.0,0.0,spl+lines,templ,16.720689999999998,"2,3,5,6,7",27427.0,0.0110659145773926,-176.98951,75.80333,-917.273747,7.681113,21.375532,18.798148,-25.662912,19.97673,-70.881071,35.938839,19.243239,125.699942,17.408634,10.230597,149.485881,-1.273809,6.771782,-13.219386,-2.119829,6.360489,-23.518152,3.87006,5.808845,64.473661,9.678736,6.613021,183.634938,19.865673,6.457463,381.711216,15.169679,5.25192,305.43377,19.083436,5.091112,432.030319,30.304504,5.226803,945.490946,12.384939,5.121883,390.082977,-7.995171,4.400276,-208.600687,59.32761,4.609766,2809.253854,70.253871,4.900124,5124.77859,,,,208.649306,6.012177,15366.188575,3.355146,5.231734,93.341873,2.420633,8.086914,145.480682,207.767445,8.93911,-5497.626249,-28.83873,27.688775,-381.966524,,,,,,,,,,,,,,,,,,,,,,,,,,,,,,,,,,,,,,,,,,,,,,,,,,,,,,,,,,,,,,,,,,,,,,,,,,,
16594,3.597202696492125,-30.39432868826726,7.041422,7.031051492107511,7.039759926191883,7.048468360276256,3,1,0,1.0,0.0,0.0,0.0,0.0,spl+lines,templ,11.671106666666663,"1,5,6,7",27966.0,0.0052340131294272,61.857527,44.852436,204.86277,-18.716057,16.56653,-120.263202,16.488292,15.430409,121.566988,2.762121,14.674182,26.201255,0.031789,7.746173,0.517053,-2.608558,5.004136,-66.685523,1.301053,5.055836,36.505422,10.323675,4.5465,239.562447,5.061273,5.042523,80.380228,2.73224,4.983234,41.289664,-0.955528,4.343983,-12.081552,2.915016,4.270499,29.432729,13.981783,4.216601,119.102714,0.623645,4.066843,5.303206,2.397044,3.792635,18.715684,44.301078,4.314658,304.124626,5.40905,3.944647,36.252599,,,,4.277003,4.03941,28.592803,1.005289,4.940831,5.859293,4.858906,8.098756,30.901454,548.229544,20.16777,-34943.478133,,,,,,,,,,,,,,,,,,,,,,,,,,,,,,,,,,,,,,,,,,,,,,,,,,,,,,,,,,,,,,,,,,,,,,,,,,,,,,
18924,3.581044323249695,-30.3895606891702,7.68681,7.680324084107461,7.6897365539679425,7.699149023828424,3,1,1,1.0,0.0,0.0,0.0,0.0,spl+lines,templ,16.720689999999998,"2,3,5,6,7",30500.0,0.0157279113221049,1.259264,45.157244,56.517533,-4.156677,18.902143,-30.700106,-38.37276,18.729609,-345.787124,-16.155541,16.646247,-209.018734,5.993921,7.28723,171.310204,5.396984,5.699978,272.288591,7.006962,5.556772,379.449718,12.729514,4.703453,791.058563,10.077421,5.072187,1080.30199,15.670075,4.94296,1844.276829,6.075764,4.57018,921.367658,6.701259,4.280489,680.872914,9.579664,4.275764,677.957955,4.630341,4.185425,338.762131,-2.474141,4.271025,-170.818145,42.020921,4.981615,-3383.667418,66.242205,5.10582,-3022.936508,,,,155.014777,5.662093,-8950.44104,11.278493,6.486655,-1238.361062,,,,,,,,,,,,,,,,,,,,,,,,,,,,,,,,,,,,,,,,,,,,,,,,,,,,,,,,,,,,,,,,,,,,,,,,,,,,,,,,,,,,
19025,3.623700753761731,-30.3893629899024,7.55577,7.543742567200225,7.553143513004843,7.562415734590402,2,1,0,0.0,1.0,0.0,0.0,0.0,spl+lines,templ,2.6259999999999994,2,30616.0,0.0068358645170276,-130.900223,119.577374,-482.457822,-8.45517,35.83816,-46.706504,29.346939,34.576744,185.151928,-20.827046,31.352133,-161.460688,18.093275,15.809222,372.615256,34.122068,11.941094,2271.378766,2.089697,12.145292,138.390175,0.112372,11.074003,3.942658,5.36666,11.433171,315.717591,1.174301,11.45476,79.668631,15.910491,10.653186,2303.178167,6.894064,10.310964,919.847959,-8.901218,10.275176,-247.216265,2.777162,10.606656,74.276405,5.614788,9.806664,361.058328,19.984534,10.126495,-1299.262657,26.475672,10.906089,-985.782506,,,,58.670027,11.150366,-2179.31297,14.953991,12.755512,-11452.994286,,,,,,,,,,,,,,,,,,,,,,,,,,,,,,,,,,,,,,,,,,,,,,,,,,,,,,,,,,,,,,,,,,,,,,,,,,,,,,,,,,,,
20466,3.640408392504773,-30.38643760620369,8.503934,8.486867414819637,8.497154456265001,8.50744149771036,3,1,0,1.0,0.0,0.0,0.0,0.0,spl+lines,templ,2.6259999999999994,2,32209.0,0.000993550709287,451.972308,70.449896,-3056.413601,28.987953,35.205518,245.096419,-20.76132,32.357974,-217.541468,60.39597,25.992942,731.252229,40.362123,14.081284,378.549219,-5.110014,11.432736,-83.827891,-9.409307,10.993218,-154.928339,21.576257,11.248189,270.592021,59.220107,10.932308,729.671667,-3.983504,10.855928,-48.401305,26.045768,10.453665,290.713618,24.228025,10.91715,240.763311,55.544839,11.016546,647.643668,66.996105,11.041917,787.003813,3.384401,11.444572,22.834089,194.190773,12.824142,1187.454911,155.559061,13.567312,1179.015601,,,,432.444361,14.437898,3967.901727,,,,,,,,,,,,,,,,,,,,,,,,,,,,,,,,,,,,,,,,,,,,,,,,,,,,,,,,,,,,,,,,,,,,,,,,,,,,,,,,,,,,,,,
22223,3.568114511635839,-30.38305164327892,9.569852,9.55089473347697,9.56233555562915,9.573776370256407,3,1,0,1.0,0.0,0.0,0.0,0.0,spl+lines,templ,4.376664999999999,4,33989.0,0.0052768179609834,170.807786,78.30726,9583.384072,-12.270809,24.835566,-43.893506,-4.052549,20.777284,-16.187172,46.338602,18.755947,225.694006,-3.409501,8.888646,-37.719847,4.608927,6.831072,95.375337,-4.665492,7.030231,-99.372122,3.894746,7.390428,128.134549,15.970773,7.493665,845.442843,8.689941,7.565612,473.041177,19.269147,7.464098,951.155906,23.676733,8.054558,920.140872,38.017527,8.321065,2217.675164,10.323832,8.422066,624.655486,-8.300462,9.831544,-244.976859,88.772219,13.519957,6857.105083,134.461904,15.617986,-1517.833072,,,,453.514952,40.975006,-989.732465,,,,,,,,,,,,,,,,,,,,,,,,,,,,,,,,,,,,,,,,,,,,,,,,,,,,,,,,,,,,,,,,,,,,,,,,,,,,,,,,,,,,,,,
23604,3.605246620651772,-30.38058434235268,7.882703,7.875292254057935,7.884916136764945,7.894540019471954,3,1,0,1.0,0.0,0.0,0.0,0.0,spl+lines,templ,4.376664999999999,6,35557.0,0.0027521088804586,291.062591,69.708416,-114115.260543,-41.457848,23.945974,-157.644894,4.445144,24.530948,20.122377,15.182907,19.566797,87.962165,-7.604922,8.232128,-72.588454,-8.767867,6.801779,-117.04918,-14.014789,6.007133,-198.332249,-4.289292,5.398202,-82.062282,15.945881,6.6288,350.116185,-1.416461,6.39799,-31.684769,2.841918,5.379623,68.22063,11.407345,5.768416,295.165576,19.968253,5.398932,479.148952,15.319843,5.721406,368.90075,2.85868,5.820061,112.576615,45.024474,6.608539,1677.020171,34.499208,6.460342,1440.745654,,,,117.442357,7.025696,5199.057101,2.974033,11.070691,164.36989,,,,,,,,,,,,,,,,,,,,,,,,,,,,,,,,,,,,,,,,,,,,,,,,,,,,,,,,,,,,,,,,,,,,,,,,,,,,,,,,,,,,
23619,3.607271939131035,-30.38057787708868,6.716076,6.706497967652168,6.714854474130324,6.723210980080162,3,1,1,1.0,0.0,0.0,0.0,0.0,spl+lines,templ,7.294441666666666,"5,7",35556.0,0.008584828058364,35.823899,52.759105,-780.934152,-15.123901,22.115323,-373.293645,-5.556215,20.955461,-187.695827,-27.171671,19.042748,-1776.537595,9.509877,9.574335,-4277.540449,-7.246673,6.402217,3576.274573,5.995136,6.468455,-2596.821663,3.279656,5.719767,-638.743712,2.196876,7.145756,-324.807207,-2.248445,7.091449,322.697636,-2.266704,5.287498,295.436638,5.61532,5.01051,-676.264786,7.357739,4.888761,-1114.332414,0.873444,5.194455,-140.144801,-0.073422,4.685841,114.170964,21.685535,4.630489,-2075.175918,28.119393,4.524706,-1505.582909,,,,73.89262,4.887593,-3515.723477,7.934993,5.197146,-503.400175,3.26792,8.715524,-455.294808,56.398643,7.89886,-4797.820486,-9.659971,8.159954,-518.523522,,,,,,,,,,,,,,,,,,,,,,,,,,,,,,,,,,,,,,,,,,,,,,,,,,,,,,,,,,,,,,,,,,,,,,,,,,,
24531,3.601342849372456,-30.37919855119247,7.89159,7.889384969543119,7.899024133621938,7.908663297700757,3,1,1,1.0,0.0,0.0,0.0,0.0,spl+lines,templ,2.423583333333333,3,36502.0,0.0210141616628776,-139.759848,113.872891,-519.823856,211.740164,46.686804,187.367548,-35.186717,45.776904,-33.699794,53.538048,36.528108,59.408863,14.636143,17.277652,31.161549,8.262563,15.106573,25.306415,-3.315999,15.401676,-10.483099,144.198738,13.592146,583.182191,101.031394,14.350308,533.073103,74.914049,14.621554,411.133826,102.472871,13.423352,651.860476,67.787502,12.890131,525.891687,127.710092,12.839438,1078.193127,29.349408,13.074989,246.201273,14.555582,11.326899,145.191988,322.743636,15.170668,24490.990569,614.860743,16.905608,-13146.691369,,,,1483.236933,26.632481,-25127.920758,33.530816,20.976866,542.628362,,,,,,,,,,,,,,,,,,,,,,,,,,,,,,,,,,,,,,,,,,,,,,,,,,,,,,,,,,,,,,,,,,,,,,,,,,,,,,,,,,,,
24714,3.628748130795594,-30.37890926708201,6.352246,6.348277006459394,6.3562450771419625,6.364213147824531,3,1,0,1.0,0.0,0.0,0.0,0.0,spl+lines,templ,2.6259999999999994,2,36725.0,0.0005530071986162,103.760673,108.950627,145.777467,87.651111,55.728313,125.047669,-40.123037,49.693776,-63.153443,82.804825,45.36638,155.452986,54.873687,26.132919,303.267852,-22.948998,18.563632,-146.565571,8.577787,18.044856,58.602603,26.948485,16.104553,227.038166,29.251481,20.013324,271.029034,35.456675,19.834183,334.837382,15.616894,15.837998,163.73269,46.918982,14.651414,689.867693,51.613826,17.308583,1849.442927,70.997425,15.846071,2569.120449,19.450051,13.010046,463.450374,127.486555,13.57419,-8635.327495,219.722837,14.095422,-5142.730892,,,,574.679273,17.21299,-12497.919955,20.876021,15.016206,575.681041,0.970438,19.299829,21.385532,361.983135,20.134301,-7944.089678,-10.045206,17.011359,-825.846712,3.424179,21.306915,231.22501,7.867165,26.162226,214.665876,,,,,,,,,,,,,,,,,,,,,,,,,,,,,,,,,,,,,,,,,,,,,,,,,,,,,,,,,,,,,,,,,,,,,
25447,3.569435090915393,-30.37788728720045,6.247132,6.232609262718839,6.240451910939016,6.248294557832248,3,1,1,1.0,0.0,0.0,0.0,0.0,spl+lines,templ,4.376664999999999,4,37450.0,0.0496532304808244,50.858684,112.698811,-757.870949,80.500008,54.473075,171.790166,93.036955,48.673206,226.40345,41.115805,44.54261,121.478517,-38.114141,26.590811,-496.718015,17.727908,19.834391,180.021892,8.002438,17.964988,90.738365,12.369744,15.849906,234.227446,32.111506,19.326809,664.076949,-5.146071,19.569789,-106.475009,20.851064,15.158225,421.836774,12.869696,14.24229,236.139984,20.070819,13.29119,316.515531,-19.240792,13.399123,-302.986815,-0.699907,11.422044,-17.5409,55.144687,11.532998,2843.768893,75.422111,11.421641,7642.365033,,,,201.986653,12.133633,33207.226288,6.07161,12.676009,208.429983,-6.002164,16.134238,-395.944628,105.358365,13.527518,8095.869536,4.745877,14.446813,3227.681414,-22.704294,16.376319,18268.707642,37.849366,16.288827,-3890.221291,,,,,,,,,,,,,,,,,,,,,,,,,,,,,,,,,,,,,,,,,,,,,,,,,,,,,,,,,,,,,,,,,,,,,
26185,3.567070796096838,-30.3778606473943,10.060783,10.047732562053309,10.059796990913435,10.07178023846888,3,1,0,1.0,0.0,0.0,0.0,0.0,spl+lines,templ,4.376664999999999,"1,4",38201.0,0.0021024061390665,-272.161993,143.939541,-682.399251,102.411327,36.710059,189.780849,-19.545246,33.071108,-41.56972,102.082059,26.900557,265.829717,15.54607,12.218193,88.478283,-9.768364,10.849746,-80.308282,-18.529561,9.806135,-166.336298,61.177444,11.570438,538.789654,43.090476,11.869018,440.458146,0.273004,11.827467,2.84974,34.682583,11.607496,372.719481,30.899971,12.11542,321.842338,29.888284,12.910463,430.000623,25.248968,13.097774,375.385997,23.547286,15.371046,846.678637,,,,,,,,,,,,,,,,,,,,,,,,,,,,,,,,,,,,,,,,,,,,,,,,,,,,,,,,,,,,,,,,,,,,,,,,,,,,,,,,,,,,,,,,,,,,,,,,,,,
27335,3.625080666905728,-30.37526088785461,6.753977,6.743267390705045,6.751665055450042,6.760061435063911,3,1,0,1.0,0.0,0.0,0.0,0.0,spl+lines,templ,7.294441666666666,"5,7",39368.0,0.0054018129751098,22.80989,112.271748,16281.367992,45.214818,29.499423,458.518835,54.888545,26.022065,653.918815,-20.989695,24.952517,-357.748818,-8.188383,13.16817,-190.451529,-13.388892,8.835213,-1143.302918,2.221555,8.699549,261.186127,4.83914,8.098169,680.540283,5.755477,8.952544,542.710074,-3.511595,8.727443,-314.808149,-0.05668,7.000956,-4.328622,2.018462,6.860627,144.820821,3.625583,6.778282,916.524762,1.373921,6.877432,475.188689,5.268445,6.266703,1491.249257,17.584418,5.754518,8015.28396,14.794377,6.351507,-20638.163237,,,,53.682938,6.329239,-32506.70442,0.303667,6.650659,-118.779681,2.652105,10.534263,-1710.016985,50.407612,10.618394,-4930.155041,4.319207,12.157493,-510.496095,,,,,,,,,,,,,,,,,,,,,,,,,,,,,,,,,,,,,,,,,,,,,,,,,,,,,,,,,,,,,,,,,,,,,,,,,,,
27506,3.622081372730471,-30.37496034289143,6.132101,6.130065813253892,6.1377972676235935,6.145528721993295,3,1,1,1.0,0.0,0.0,0.0,0.0,spl+lines,templ,7.294441666666666,"5,7",39640.0,0.0022374493171766,-41.750823,59.56372,-229.34639,-14.73711,23.020228,-54.761206,16.765932,21.969561,70.783891,10.592919,21.009763,56.664797,5.968292,11.636113,70.748265,-0.743578,8.247696,-11.424239,5.685276,7.649342,97.607468,12.49388,6.321637,341.643737,21.554383,8.654379,652.936967,12.045814,8.167484,366.961408,11.283706,6.006857,346.222458,11.806701,5.9543,357.408195,16.533779,6.049717,518.33459,7.478764,6.079813,236.885603,3.782675,4.503097,174.185871,50.20048,5.024636,3717.369736,73.910786,5.383726,8074.883182,,,,206.501926,6.152407,27491.530751,0.581722,4.922931,41.447026,-7.626397,7.618367,-496.325288,160.522997,7.455669,-16193.462775,20.067248,6.674505,-4731.115546,18.083975,7.384592,5562.821038,-4.120406,8.384964,-2365.019645,12.145899,9.432326,-470.892147,,,,,,,,,,,,,,,,,,,,,,,,,,,,,,,,,,,,,,,,,,,,,,,,,,,,,,,,,,,,,,,,,,
28308,3.605812329200131,-30.37391080590589,6.363283,6.359945036558458,6.367925759416289,6.375906482274119,3,1,1,1.0,0.0,0.0,0.0,0.0,spl+lines,templ,2.423583333333333,3,40540.0,0.0025393413697479,-239.046242,140.768815,-169.668957,11.569462,66.068276,18.64315,-125.685756,62.497387,-223.775503,15.524539,54.695551,35.604779,-42.142649,33.587094,-238.673045,-9.734456,23.510374,-81.099938,32.27221,21.386228,267.65874,37.88788,20.130704,322.677551,44.021552,25.575944,393.369078,-58.55845,27.26793,-526.405619,48.574586,21.314762,444.227952,29.730608,19.787659,273.588583,17.948162,19.659088,196.028431,11.066272,18.698233,126.967497,44.575834,17.246853,2420.928692,72.686966,16.218029,1846.356314,160.785121,16.867613,2719.943175,,,,385.735333,18.85944,5844.051144,-9.220255,15.416091,-177.857008,24.68121,23.218999,506.379386,264.079714,21.442598,10246.127742,-11.291424,18.766486,-180.813766,35.288636,23.09801,-3267.800155,20.978641,25.465614,5291.816264,,,,,,,,,,,,,,,,,,,,,,,,,,,,,,,,,,,,,,,,,,,,,,,,,,,,,,,,,,,,,,,,,,,,,
28876,3.569597426299371,-30.37322304257577,7.042225,7.031051492107511,7.039759926191883,7.048468360276256,3,1,0,1.0,0.0,0.0,0.0,0.0,spl+lines,templ,4.376664999999999,"1,4",41096.0,0.009975950255621,105.178041,60.403382,-846.346984,37.882664,21.327337,266.334811,16.225996,19.749413,124.733522,35.586818,21.382349,310.595186,5.368231,10.438113,81.281056,0.500314,7.073948,12.675958,-6.74454,6.351949,-175.885952,7.803671,5.889446,153.389942,-7.737845,6.205881,-121.126506,12.801304,6.488801,195.005365,4.685128,5.866156,65.267104,5.32232,5.142056,68.668529,13.939445,5.774328,177.69137,6.046614,5.443566,77.113557,0.965819,4.852741,11.02306,54.65141,5.495006,581.816315,5.11015,5.137489,56.154531,,,,23.019646,5.02512,257.869384,3.046102,6.73837,25.049517,2.941297,11.398604,28.634789,738.367966,29.918683,-2078.334208,,,,,,,,,,,,,,,,,,,,,,,,,,,,,,,,,,,,,,,,,,,,,,,,,,,,,,,,,,,,,,,,,,,,,,,,,,,,,,
30390,3.604634245985477,-30.37115252344006,6.372124,6.359945036558463,6.367925759416298,6.375906482274128,3,1,0,1.0,0.0,0.0,0.0,0.0,spl+lines,templ,2.423583333333333,3,42549.0,0.0038284100763569,-48.107185,172.659076,-1380.833613,9.361842,51.946844,17.908719,59.099034,45.750648,123.504718,44.02387,41.945986,105.406186,-39.134116,24.380094,-203.033455,-17.454729,17.66946,-124.115656,4.555974,17.154579,33.428375,72.1871,15.508895,563.588012,31.166342,18.670689,250.297966,21.624834,19.181646,174.771742,6.188571,15.832852,51.804372,40.15571,14.562367,372.005625,32.650193,15.410444,355.757126,6.254362,14.575905,68.152901,14.900094,12.377017,149.171477,69.547432,11.775834,861.201197,161.909615,13.356517,2348.837547,,,,464.150513,15.317074,7094.623396,18.313312,11.889848,243.7085,-15.31354,17.053102,-194.426356,268.677281,16.347254,-20035.206297,-11.061377,15.166234,-243.216243,-1.394832,19.196933,-19.177001,12.304245,21.570537,192.596499,,,,,,,,,,,,,,,,,,,,,,,,,,,,,,,,,,,,,,,,,,,,,,,,,,,,,,,,,,,,,,,,,,,,,
32065,3.59553069830252,-30.36879374961148,6.30023,6.2902137374290215,6.298118847470599,6.306023957512014,3,1,1,1.0,0.0,0.0,0.0,0.0,spl+lines,templ,16.720689999999998,"2,3,5,6,7",44237.0,0.0926135419560916,-200.463743,75.679259,-1083.539282,1.469813,26.857754,4.057488,-64.006735,24.073707,-185.896214,25.524735,21.8435,84.280597,-2.32707,12.305422,-15.69714,-14.080449,8.557959,-137.297342,-4.242137,7.935972,-46.432551,11.432073,6.836552,176.034158,-0.593702,8.949488,-9.398787,19.300986,8.818437,305.209162,7.01405,6.627095,109.872631,3.722808,6.129735,57.676401,10.658978,6.389014,168.612385,-3.749107,6.319537,-59.56132,1.486612,5.385012,28.665962,24.154857,4.989874,712.735199,29.57869,5.053221,1207.649844,,,,81.784205,5.256863,3755.225046,6.957745,5.054372,297.757227,4.299254,6.930888,147.295644,36.851137,6.353908,1944.11239,9.237643,6.272748,861.367846,1.486532,7.459131,82.063356,-6.302135,7.735803,-438.027312,,,,,,,,,,,,,,,,,,,,,,,,,,,,,,,,,,,,,,,,,,,,,,,,,,,,,,,,,,,,,,,,,,,,,
33673,3.600113527958513,-30.36581355252957,6.774164,6.767876752840828,6.776299814596082,6.784722876351335,3,1,0,1.0,0.0,0.0,0.0,0.0,spl+lines,templ,7.294441666666666,"5,7",45905.0,0.0037358526793216,-9.482883,65.776738,-166.232816,12.818466,20.638147,96.367628,-7.253331,20.511776,-62.853666,28.226007,18.449996,339.02871,10.505628,9.222926,221.319752,-18.648673,6.317714,-460.600925,-11.003371,6.078513,-286.412978,12.733505,5.680992,472.27053,11.832809,6.728993,403.9398,1.012585,6.4254,33.659528,6.699611,5.142941,200.185342,-5.73025,4.940621,-156.447646,13.991573,5.228303,574.777152,7.664174,5.209349,334.170558,3.943228,4.301367,188.675556,24.22977,4.365034,2489.988669,47.318745,4.629296,17314.690179,,,,162.072569,5.752011,75231.41354,-2.025016,4.99677,-111.997833,-13.393056,7.758415,-585.264943,94.955659,8.55911,-15323.649103,3.391889,10.251624,94.832425,,,,,,,,,,,,,,,,,,,,,,,,,,,,,,,,,,,,,,,,,,,,,,,,,,,,,,,,,,,,,,,,,,,,,,,,,,,
34265,3.607180703847201,-30.36481663770747,6.351511,6.348277006459394,6.3562450771419625,6.364213147824531,3,1,0,1.0,0.0,0.0,0.0,0.0,spl+lines,templ,2.6259999999999994,2,46529.0,0.0052235214753437,292.815271,75.00149,357.248628,66.572371,34.284018,85.049455,25.366757,33.553164,36.674606,93.255697,30.29227,168.644436,-11.426439,18.833748,-57.27366,24.111154,13.13493,203.455214,9.922147,11.797731,91.244057,14.666165,10.421514,146.705678,26.140435,14.933109,256.700385,-22.762805,14.242347,-224.554573,22.951189,11.43198,238.977056,8.638413,10.702423,119.195187,47.64737,11.497035,1680.840279,25.149671,10.886274,916.439986,-6.600057,10.207566,-117.89256,65.577402,9.417117,1751.273741,82.104504,10.954043,4991.081367,,,,357.504934,11.971178,59176.429752,12.850005,12.09274,-134.418298,-20.516069,16.284184,475.85702,223.868184,14.436819,-4632.986733,6.76189,12.583889,-347.729631,-4.720819,15.790293,727.817187,9.255239,19.814903,-1843.641626,,,,,,,,,,,,,,,,,,,,,,,,,,,,,,,,,,,,,,,,,,,,,,,,,,,,,,,,,,,,,,,,,,,,,
35123,3.591928729950257,-30.36306885803072,6.254383,6.244093628094552,6.251948728006631,6.25980382791768,3,1,0,1.0,0.0,0.0,0.0,0.0,spl+lines,templ,2.423583333333333,3,47443.0,0.0092308311089422,364.26926,120.048736,447.072981,-2.006625,51.969856,-3.569032,9.853725,50.835717,19.653645,-14.572074,45.613234,-38.417369,-3.138182,26.09924,-24.681392,-16.716573,18.395885,-215.683726,-42.261243,17.94726,-541.612061,22.898828,16.016116,320.169482,-15.606274,20.05306,-267.478821,35.73174,19.688155,635.243544,14.750661,15.763282,308.219648,14.158751,14.491442,401.036088,36.6273,15.194991,1723.396709,15.206415,14.521143,747.147129,16.712225,12.538598,1831.571609,61.221469,12.18627,-16874.215634,61.831526,12.126493,-5368.164307,,,,144.434471,11.734308,-10033.290688,13.368838,12.327204,-1656.620872,-20.875072,16.571557,-1127.53558,140.363792,15.410179,26878.467524,-4.149728,14.955172,-272.10499,44.132215,18.663013,-510.394347,30.499682,18.418663,-327.811806,,,,,,,,,,,,,,,,,,,,,,,,,,,,,,,,,,,,,,,,,,,,,,,,,,,,,,,,,,,,,,,,,,,,,
36755,3.600330212871877,-30.36068623407005,6.252933,6.244093628094072,6.25194872800512,6.259803827916167,3,1,0,1.0,0.0,0.0,0.0,0.0,spl+lines,templ,11.176913333333331,"3,4,6",49139.0,0.0105316105467434,282.745423,34.889722,833.450473,-5.66114,17.02044,-15.52662,-47.559769,15.802465,-147.083714,-16.60337,14.429547,-67.870817,-11.656301,8.238852,-115.944016,-2.032053,5.6888,-34.220805,6.421194,5.196327,124.970674,8.084524,4.64012,237.534283,7.842909,5.935522,230.208343,10.242901,6.05381,298.616097,8.690291,4.517185,245.681584,5.820825,4.235543,160.42253,20.433692,4.511993,633.071515,3.882291,4.377836,123.110386,6.219202,3.831797,380.489666,55.847433,3.727469,6596.653274,53.403956,3.764646,8740.938065,,,,172.748352,4.633867,29559.202144,2.754813,3.848733,126.749463,-3.367883,5.549106,-286.284633,172.192971,5.808717,-11991.953369,6.05145,5.272635,-1081.549083,-4.451153,6.757717,-206.636391,1.751372,6.484,76.262879,,,,,,,,,,,,,,,,,,,,,,,,,,,,,,,,,,,,,,,,,,,,,,,,,,,,,,,,,,,,,,,,,,,,,
36857,3.582829450604097,-30.36029629501599,6.764063,6.755562011452439,6.763971719773991,6.772381428095543,3,1,0,1.0,0.0,0.0,0.0,0.0,spl+lines,templ,4.376664999999999,4,49245.0,0.0009026772585117,-144.626084,92.319813,-1064.918571,-6.08214,28.481547,-10.928497,-25.541177,25.774944,-50.011679,4.690205,24.61399,10.649834,-24.416039,12.362772,-129.054404,11.066099,9.296802,84.991034,15.881316,10.201416,127.876731,32.014842,8.066854,259.585369,15.709534,9.470757,116.027016,8.37725,8.793845,60.95174,8.744678,6.953639,60.187408,7.959994,6.696182,52.012215,3.974966,7.648396,29.53327,3.527098,6.76434,26.776605,-3.948458,5.980495,-37.813932,35.263705,6.055788,398.146214,76.496434,6.593718,958.972194,,,,188.938304,7.542374,2452.435635,10.506296,6.507422,167.149792,-6.769301,11.127453,-97.944398,129.354184,10.871066,2309.104734,4.577932,12.215555,60.208065,,,,,,,,,,,,,,,,,,,,,,,,,,,,,,,,,,,,,,,,,,,,,,,,,,,,,,,,,,,,,,,,,,,,,,,,,,,
37126,3.590110771951833,-30.35974219091935,10.119248,10.11816269479749,10.130493029365049,10.14274996681338,2,1,0,0.0,0.0,0.0,1.0,0.0,templ,templ,4.376664999999999,4,49514.0,0.0018915303883926,-196.43675,141.487956,-28399.555929,-22.850971,22.45005,-47.819776,-17.504215,20.20041,-40.041261,35.821806,15.784777,105.710038,6.286245,7.598617,68.403001,0.331705,7.106375,5.769963,12.571587,7.84783,281.890753,-3.628196,7.680935,-71.515205,-3.076601,8.207608,-85.174556,1.331438,7.86224,38.741217,14.467851,8.399546,461.994871,5.017594,7.966921,157.849363,26.409922,8.8846,2798.537718,-12.26886,9.36768,-1120.143243,22.066081,11.69547,-621.375375,,,,,,,,,,,,,,,,,,,,,,,,,,,,,,,,,,,,,,,,,,,,,,,,,,,,,,,,,,,,,,,,,,,,,,,,,,,,,,,,,,,,,,,,,,,,,,,,,,,
37504,3.610603503506573,-30.35896482285579,6.561018,6.549174844868001,6.557364005354941,6.565549922210224,3,1,0,1.0,0.0,0.0,0.0,0.0,spl+lines,templ,11.671106666666663,"5,6,7",49872.0,0.0008412069795592,0.615813,104.179657,29.642471,-2.668927,28.621445,-10.506763,13.874602,27.806667,60.553745,48.576532,25.624317,256.048153,6.898308,12.872357,118.757642,3.974111,8.538344,103.056478,10.159694,8.314435,339.238326,19.783678,7.802536,525.998937,-15.001077,8.998982,-339.380475,21.225167,9.037106,482.400366,-1.622419,7.024334,-40.220959,12.752164,6.321986,453.758761,9.410866,6.541364,520.904534,10.609623,6.545321,568.636055,3.634238,5.667361,272.043563,46.946945,5.813797,72150.162735,36.209568,5.602351,10506.191037,,,,127.886392,5.96509,17812.404297,5.274236,5.87431,1105.328656,4.508584,8.663949,455.789084,111.09906,8.122324,-7061.20304,15.653577,8.2205,-1237.602418,,,,,,,,,,,,,,,,,,,,,,,,,,,,,,,,,,,,,,,,,,,,,,,,,,,,,,,,,,,,,,,,,,,,,,,,,,,
38059,3.605254866904467,-30.35794114836597,7.589203,7.584452032568439,7.593760544013676,7.603069061403555,3,1,0,1.0,0.0,0.0,0.0,0.0,spl+lines,templ,5.0495833333333335,"2,3",50437.0,0.0027747769688952,-340.323391,84.083647,-500.276679,-9.710757,28.850866,-25.711389,24.208386,28.137057,78.779588,-14.375074,26.03571,-64.183397,-5.367783,11.854257,-46.490429,-3.488347,10.351598,-37.010226,2.785373,9.690699,28.994988,33.118464,9.094447,563.892396,11.703719,9.565832,217.513501,-5.033383,8.686336,-92.974605,-4.397999,8.473235,-77.852957,-1.61016,7.629876,-27.130115,5.318373,8.064726,108.872994,2.570438,7.931564,54.945746,7.316592,7.618195,153.642666,25.82798,8.224368,730.134965,29.560274,8.815166,2259.627227,,,,117.767605,8.598548,19374.531949,1.556262,9.970068,46.530956,,,,,,,,,,,,,,,,,,,,,,,,,,,,,,,,,,,,,,,,,,,,,,,,,,,,,,,,,,,,,,,,,,,,,,,,,,,,,,,,,,,,
38248,3.610133367539723,-30.35760707985218,6.554216,6.549173332287842,6.557359243985748,6.565545155683655,3,1,0,1.0,0.0,0.0,0.0,0.0,spl+lines,templ,7.294441666666666,"5,7",50617.0,0.0040298202323004,-238.397377,110.249453,-18020.376913,-32.873463,27.150153,-93.09733,-79.689935,26.868854,-249.488754,17.077903,23.864362,67.998395,-19.421856,12.317395,-168.644363,-11.420003,8.271574,-140.958911,3.287773,7.796679,41.049674,16.650724,7.202064,186.098214,16.811219,8.588132,180.878117,-5.369191,8.469111,-57.804432,6.264989,6.360912,68.647057,6.921321,5.923392,80.889373,-0.996131,6.438782,-12.380845,7.032888,6.406717,87.238114,2.700644,5.407985,39.382407,27.298218,5.526722,532.995091,27.4343,5.563603,588.778886,,,,92.870597,5.779176,2024.205659,2.073965,5.936513,47.410029,8.69946,8.552292,278.999728,50.209331,7.974786,1773.198688,4.630449,8.584285,141.402462,,,,,,,,,,,,,,,,,,,,,,,,,,,,,,,,,,,,,,,,,,,,,,,,,,,,,,,,,,,,,,,,,,,,,,,,,,,
38335,3.541383112541549,-30.35743501482807,6.231206,6.221143105409992,6.228973324729987,6.236803538352536,3,1,0,1.0,0.0,0.0,0.0,0.0,spl+lines,templ,2.423583333333333,3,50740.0,0.0006602369427269,-280.770997,114.785372,-612.526688,58.333193,44.98765,323.975991,85.985705,43.054581,551.421418,64.336716,41.400113,488.46947,0.766887,25.135572,12.42853,17.794896,19.239109,276.613397,3.596884,17.349547,67.138178,-2.777605,14.934734,-101.958854,-4.949105,19.878722,-161.49927,-2.06457,20.636423,-65.433899,11.577548,13.845813,327.652014,19.624164,12.900641,501.682535,-7.158357,13.338473,-235.416072,15.480987,13.982627,540.917231,4.157048,10.475809,-979.951455,30.572742,10.669721,-4023.588967,24.232504,10.588563,-26200.702278,,,,121.986077,11.314859,30540.618195,11.009973,10.962241,884.374212,-40.807083,15.742788,-1197.353261,105.943994,14.169397,20130.243505,2.297012,14.906221,4036.990923,22.348879,17.613338,-399.06315,61.997915,18.654642,-815.51469,,,,,,,,,,,,,,,,,,,,,,,,,,,,,,,,,,,,,,,,,,,,,,,,,,,,,,,,,,,,,,,,,,,,,
38766,3.513563315910684,-30.35679962823883,12.190246,12.181993032422188,12.206281445706225,12.402632655294507,2,1,1,0.0,0.0,0.0,1.0,0.0,templ,templ,4.376664999999999,4,51183.0,0.0085201621297592,86.983394,87.105092,26813.402457,24.351018,16.274611,164.266609,8.312576,14.699989,57.224284,16.664706,11.187428,158.850584,3.894946,7.544343,91.572699,3.50475,7.437397,145.151575,5.290773,8.020101,202.695026,17.087882,9.452274,2957.194234,-13.5159,11.256555,-150.408239,-3.782485,11.957834,-38.94993,11.938682,14.179503,-2112.075993,,,,,,,,,,,,,,,,,,,,,,,,,,,,,,,,,,,,,,,,,,,,,,,,,,,,,,,,,,,,,,,,,,,,,,,,,,,,,,,,,,,,,,,,,,,,,,,,,,,,,,,,,,,,,,,
41225,3.533996360109116,-30.35330846833722,6.768724,6.7678767528386095,6.776299814593862,6.784722876350631,3,1,0,1.0,0.0,0.0,0.0,0.0,spl+lines,templ,4.376664999999999,4,53157.0,0.0062486050226146,53.60464,117.633715,970.23483,32.991299,34.212794,73.108055,-24.105361,31.516755,-60.778617,62.588149,31.236182,206.599157,33.344838,17.773081,185.96971,-2.52826,12.044212,-15.405094,-25.222464,10.117148,-159.832805,21.956119,9.47078,197.583138,43.616343,10.687752,459.595178,7.421888,10.714588,79.397199,32.157305,8.01758,359.477047,40.809348,9.077054,467.872164,64.877014,9.891781,684.554192,21.235842,9.439924,219.174336,-1.62223,7.620053,-10.853052,124.059905,8.505491,940.152269,147.263032,9.420277,1300.480602,,,,425.217268,11.616172,3894.781393,10.464599,8.702998,64.567824,16.199037,13.942998,90.321452,713.366491,18.148951,4164.631851,0.991676,17.342299,5.187522,,,,,,,,,,,,,,,,,,,,,,,,,,,,,,,,,,,,,,,,,,,,,,,,,,,,,,,,,,,,,,,,,,,,,,,,,,,
43709,3.575939430037462,-30.34802820207057,6.726886,6.718734801994929,6.727104576899744,6.735474351804558,3,1,1,1.0,0.0,0.0,0.0,0.0,spl+lines,templ,8.753329999999998,"4,5",56223.0,0.0129815115158511,-62.064,68.277509,-351.621599,-21.395036,27.214488,-51.573922,16.395539,25.222763,43.270876,-7.577363,24.515075,-23.759521,6.063084,13.4076,47.584879,11.197109,8.639196,115.203653,-11.651456,8.308327,-123.596647,18.738711,7.475117,191.709865,23.927826,8.538294,235.630461,-15.427882,8.201745,-151.328905,-1.196317,6.829416,-11.603851,-2.499288,5.99289,-24.281939,5.403585,6.518895,57.729419,-1.484444,6.232334,-16.118021,9.414223,5.228074,147.789197,24.254178,5.464537,447.944989,32.132683,5.624011,608.083559,,,,89.38687,5.964205,1693.539639,4.307584,6.047743,101.044472,9.576064,9.457513,281.262264,70.002477,8.802637,3213.952503,-1.874864,9.093818,-88.912194,,,,,,,,,,,,,,,,,,,,,,,,,,,,,,,,,,,,,,,,,,,,,,,,,,,,,,,,,,,,,,,,,,,,,,,,,,,
52621,3.560646611968914,-30.32610828345969,6.189387,6.186853576196185,6.194646608117826,6.202439640039467,3,1,0,1.0,0.0,0.0,0.0,0.0,spl+lines,templ,4.376664999999999,4,65886.0,0.0054248730292599,-330.294061,77.436906,-330.626718,0.238758,39.204258,0.453822,28.038612,36.645239,59.090993,-28.38791,33.849954,-71.060326,-23.531177,19.345419,-148.392642,8.904411,13.438315,83.15381,6.888521,12.157295,74.417972,60.087772,11.19981,1145.438317,51.773209,14.628296,1054.427024,-1.386024,13.606283,-28.165864,40.891495,10.835632,811.672359,22.429771,9.440823,427.29644,30.514179,9.361385,624.243263,-0.053071,9.507219,-1.104483,0.13975,8.169018,4.330737,62.347597,8.734797,1948.692935,99.266103,8.919755,2759.771886,,,,278.496926,11.102883,7363.229165,7.615195,10.619404,140.527036,15.647612,12.108142,1097.420098,221.86638,11.262079,-8817.796698,11.656954,10.677095,2382.849442,-16.206493,11.265511,-1984.914686,-16.222746,12.276117,-716.560758,9.636079,16.229057,151.874799,,,,,,,,,,,,,,,,,,,,,,,,,,,,,,,,,,,,,,,,,,,,,,,,,,,,,,,,,,,,,,,,,,
60141,3.62034203,-30.38859876999999,7.127927,7.1207437117584345,7.129553885116241,7.138360590497764,2,1,0,1.0,0.0,0.0,0.0,0.0,spl+lines,templ,2.6259999999999994,2,31035.0,0.0116421270935035,-20.360107,90.366168,-198.281718,45.801127,28.597287,494.973173,31.552877,30.440976,325.347022,-22.575085,27.674158,-236.804761,-29.21173,14.699111,-638.915282,-8.257008,10.289482,-422.065151,5.365339,12.683994,339.516481,2.469057,9.01517,107.138457,11.794188,11.264693,382.84676,-1.19363,10.926403,-38.335005,-14.673507,9.353842,-502.748229,11.357431,8.597817,728.412887,5.225118,8.725722,-831.279,10.190105,9.101362,-1530.301313,8.632732,8.282565,738.369858,18.106321,8.80589,1064.232785,27.417812,8.515698,2232.556768,,,,67.068485,9.289332,7144.45008,-20.810962,9.661469,-1480.639342,-18.384711,19.401491,-2194.329203,,,,,,,,,,,,,,,,,,,,,,,,,,,,,,,,,,,,,,,,,,,,,,,,,,,,,,,,,,,,,,,,,,,,,,,,,,,,,,,,,
60157,3.6038467,-30.38223800000003,7.880038,7.875292254057935,7.884916136764945,7.894540019471954,3,1,1,1.0,0.0,0.0,0.0,0.0,spl+lines,templ,12.344025000000002,"2,3,5,7",34541.0,0.1603105851703034,-281.253348,74.88645,-4323.626235,49.012819,26.34837,71.729276,18.2644,26.609683,27.702835,-4.573161,22.635801,-7.609782,-8.775131,9.662715,-26.131046,-16.562257,7.448267,-63.771002,12.263235,7.049736,51.386036,115.850321,6.960803,554.994179,22.898939,7.188619,100.219287,6.643734,7.088093,28.889208,9.568839,6.005849,41.56483,3.17791,6.078704,14.637712,26.995094,6.381489,137.995553,-14.346246,6.013562,-73.825991,-5.611386,5.831772,-32.855193,49.701686,6.959248,354.245097,107.453312,6.89669,897.601362,,,,307.255385,8.541359,2733.783861,16.361901,9.891791,209.022648,,,,,,,,,,,,,,,,,,,,,,,,,,,,,,,,,,,,,,,,,,,,,,,,,,,,,,,,,,,,,,,,,,,,,,,,,,,,,,,,,,,,
