id_msa,ra,dec,z_spec,z_spec16,z_spec50,z_spec84,flag_zspec_qual,flag_successful_spectrum,flag_potential_local_background_issue,flag_emission_lines,flag_line_and_break,flag_break_strong_abs_features_only,flag_break_only,flag_stellar_bump_only,method_best_zfit,method_zuncert,texp_tot,masks,id_DR3,sep_DR3
3231,3.611873799819376,-30.42733955706274,2.565506,2.558679911976872,2.562538750320928,2.5663975886649832,3,1,1,1.0,0.0,0.0,0.0,0.0,spl+lines,templ,2.6259999999999994,2,12236.0,0.0165639404245588
3686,3.617202003263485,-30.42553381079773,9.318165,9.30275839636045,9.313930145473265,9.325101894586078,3,1,1,1.0,0.0,0.0,0.0,0.0,spl+lines,templ,2.6259999999999994,2,12863.0,0.0127284892090657
4233,3.601440851178599,-30.42356609181798,3.918019,3.910971006740213,3.9163194476195553,3.921644661834949,3,1,0,1.0,0.0,0.0,0.0,0.0,spl+lines,templ,2.6259999999999994,"1,2",13675.0,0.0071952626856316
4286,3.619201005497743,-30.4232703426477,5.836704,5.841923221549697,5.849342229813279,5.85676123807686,3,1,0,1.0,0.0,0.0,0.0,0.0,spl+lines,templ,2.6259999999999994,2,13742.0,0.0094963819115003
4546,3.59923294059471,-30.42250704788694,2.48573,2.4807757554406256,2.486802826640784,2.492568876382627,2,1,1,0.0,0.0,0.0,1.0,0.0,templ,templ,2.6259999999999994,"1,2",14057.0,0.0149880794743904
4661,3.604442749383612,-30.42209074827912,2.513125,2.508224773965349,2.5120324167183408,2.515837949130741,3,1,1,1.0,0.0,0.0,0.0,0.0,spl+lines,templ,2.6259999999999994,2,14196.0,0.0159695647490378
4978,3.621933437092616,-30.42110500007863,2.647003,2.6328427367009155,2.6367819931659686,2.6407212496310204,3,1,0,1.0,0.0,0.0,0.0,0.0,spl+lines,templ,2.6259999999999994,2,14630.0,0.0259962783148092
6226,3.601032508695363,-30.41830491547581,0.779047,0.7770250256820914,0.7797651095896455,0.7827512849228278,2,1,0,0.0,0.0,0.0,1.0,0.0,templ,templ,2.6259999999999994,2,16215.0,0.018831821217715
6291,3.6056030353963,-30.41812687686951,2.675929,2.6734146978233277,2.6773979483095176,2.681381198795708,3,1,0,1.0,0.0,0.0,0.0,0.0,spl+lines,templ,2.6259999999999994,2,16348.0,0.0138532339003979
6325,3.625124473877182,-30.41691882966671,1.838869,1.8361961191753495,1.841372636706094,1.848043733759817,2,1,1,1.0,0.0,0.0,0.0,0.0,spl+lines,templ,2.6259999999999994,2,16309.0,0.0072348538117452
6645,3.627104103364937,-30.41582045629366,3.053197,3.053135847519922,3.0575308469042266,3.0619258462885317,3,1,0,1.0,0.0,0.0,0.0,0.0,spl+lines,templ,2.6259999999999994,2,16711.0,0.0006140147639726
6948,3.613830543328084,-30.41516712561463,3.404849,3.401714239144188,3.4064872179322285,3.411260196706879,3,1,1,1.0,0.0,0.0,0.0,0.0,spl+lines,templ,2.6259999999999994,"1,2",17172.0,0.0184688091904905
7309,3.611317802661625,-30.41455737328158,6.346668,6.33339693045836,6.348374638354964,6.363111646280458,3,1,0,0.0,1.0,0.0,0.0,0.0,manual/templ,manual/templ,2.6259999999999994,2,17536.0,0.0153420802679371
7487,3.605599501480133,-30.41347657793688,2.620839,2.615149841272213,2.61938091138433,2.6237146830607005,3,1,1,1.0,0.0,0.0,0.0,0.0,spl+lines,templ,2.6259999999999994,2,17709.0,0.0125265498470195
7887,3.61262811872089,-30.41230841868884,2.747564,2.73808805724778,2.7421414459216757,2.7461948247272736,3,1,1,1.0,0.0,0.0,0.0,0.0,spl+lines,templ,2.6259999999999994,"1,2",18233.0,0.0086372426082151
8313,3.584914195497535,-30.41102135982999,2.578006,2.575658893075476,2.5795361430005506,2.5834133924259213,3,1,0,1.0,0.0,0.0,0.0,0.0,spl+lines,templ,7.294441666666666,"5,7",18722.0,0.0059582281302433
8613,3.60060193250919,-30.41027142361719,6.380238,6.371631593847814,6.379624988970781,6.387618384093746,3,1,0,1.0,0.0,0.0,0.0,0.0,spl+lines,templ,2.6259999999999994,2,19120.0,0.0175560365885713
8875,3.578463433290885,-30.40964328940584,2.571929,2.5700222643530584,2.5739604108480334,2.577831621740547,3,1,1,1.0,0.0,0.0,0.0,0.0,spl+lines,templ,4.376664999999999,6,20234.0,0.0092928859216277
8936,3.604124454272525,-30.40954777649949,6.645962,6.6239581554603255,6.636318609523333,6.655152517433513,2,1,0,0.0,0.0,0.0,1.0,0.0,templ,templ,2.6259999999999994,2,19485.0,0.033348562317479
8943,3.614087403729256,-30.41044795973289,6.325826,6.320618889049481,6.329011639616588,6.339001462160193,3,1,0,1.0,0.0,0.0,0.0,0.0,spl+lines,templ,2.6259999999999994,2,20026.0,0.0078265588017637
9457,3.57822017674908,-30.40850853208303,2.850896,2.846382382979345,2.8505531978039884,2.8547240050195373,3,1,1,1.0,0.0,0.0,0.0,0.0,spl+lines,templ,7.294441666666666,"5,7",20471.0,0.0085175085274287
9737,3.600842123713004,-30.40795379206292,2.524032,2.5194991776861806,2.5235579215309403,2.527375047776848,3,1,0,1.0,0.0,0.0,0.0,0.0,spl+lines,templ,2.6259999999999994,2,20361.0,0.0033270201536258
10137,3.61857835646692,-30.40716794511019,4.503619,4.496542214597956,4.502515796868707,4.50847596191783,3,1,1,1.0,0.0,0.0,0.0,0.0,spl+lines,templ,2.6259999999999994,2,20859.0,0.0037017389494953
10155,3.582205518181468,-30.40711390884758,5.659243,5.649289885655613,5.656500012839335,5.663710140023057,3,1,0,1.0,0.0,0.0,0.0,0.0,spl+lines,templ,4.376664999999999,6,20875.0,0.0045158454818016
10646,3.636959983509949,-30.40636155877451,8.51059,8.501931225621085,8.512234601441035,8.522537977260987,3,1,0,1.0,0.0,0.0,0.0,0.0,spl+lines,templ,2.6259999999999994,2,21390.0,0.0086114331441189
10740,3.615159727040683,-30.40606642726874,6.141379,6.130084534234983,6.137855939895061,6.145587465235897,3,1,1,1.0,0.0,0.0,0.0,0.0,spl+lines,templ,2.6259999999999994,2,21524.0,0.0069536863492024
11045,3.612434169529675,-30.40554575330742,6.331689,6.324996410390961,6.332939236865283,6.340882063339604,3,1,1,1.0,0.0,0.0,0.0,0.0,spl+lines,templ,2.6259999999999994,2,21840.0,0.0059146326047714
11126,3.61019306871836,-30.40552034875566,3.047121,3.0463589090519148,3.050772055331678,3.055404233687059,3,1,0,1.0,0.0,0.0,0.0,0.0,spl+lines,templ,2.6259999999999994,2,21933.0,0.0209886335489348
11254,3.5804459401238,-30.40502288450324,6.87195,6.867101245062186,6.87563190044337,6.8841625558245525,3,1,0,1.0,0.0,0.0,0.0,0.0,spl+lines,templ,7.294441666666666,"5,7",22153.0,0.0138496213371732
11432,3.607424724685428,-30.40646592839755,3.204713,3.203773880653714,3.2083322237027225,3.212890566751731,3,1,0,1.0,0.0,0.0,0.0,0.0,spl+lines,templ,2.6259999999999994,"1,2",22109.0,0.0150347556802717
11714,3.588383257181066,-30.40524862633748,1.5736,1.5739472415976128,1.576738291255735,1.5799775054226814,3,1,1,1.0,0.0,0.0,0.0,0.0,spl+lines,templ,11.671106666666663,"5,6,7",23166.0,0.0059603782425061
11819,3.591269169923245,-30.40407425030742,0.320193,0.2263754075760204,0.3137680709829039,0.3282293439378426,2,1,1,0.0,0.0,0.0,0.0,1.0,templ,templ,4.376664999999999,6,23194.0,0.1175762432979544
12065,3.570058411157738,-30.40368850435579,5.544374,5.534249303546579,5.541334720821764,5.5484201043112025,3,1,0,1.0,0.0,0.0,0.0,0.0,spl+lines,templ,2.423583333333333,3,22947.0,0.0090633110203002
12697,3.567413350746695,-30.40256286847841,2.549042,2.5472471062089355,2.5542996895140697,2.587330504915875,2,1,1,0.0,0.0,0.0,1.0,0.0,templ,templ,2.423583333333333,3,23699.0,0.0341197022610915
12725,3.572990237729711,-30.402362046012,3.69269,3.690119513959089,3.6952052236790776,3.7002909333990655,3,1,0,1.0,0.0,0.0,0.0,0.0,spl+lines,templ,11.671106666666663,"5,6,7",23709.0,0.0135147407545614
12899,3.582353077987806,-30.40273183209246,6.873525,6.867100221611924,6.87563155310562,6.884163123466276,3,1,1,1.0,0.0,0.0,0.0,0.0,spl+lines,templ,7.294441666666666,"5,7",23918.0,0.0121451390195798
13077,3.570869324641364,-30.40158532661826,13.163633,12.908682991435173,13.15264545713766,13.214464048625526,2,1,0,0.0,0.0,0.0,1.0,0.0,templ,templ,7.294441666666666,"5,7",24119.0,0.0295062594007079
13123,3.579828558636116,-30.40156942018814,7.039813,7.146647650494824,7.155685527452545,7.164723422132208,3,1,0,1.0,0.0,0.0,0.0,0.0,spl+lines,templ,16.720689999999998,"2,3,5,6,7",24175.0,0.0095944870462636
13151,3.592501339027848,-30.40146428899556,9.798486,9.805003607362549,9.81671996591658,9.828438843269444,3,1,1,1.0,0.0,0.0,0.0,0.0,spl+lines,templ,11.671106666666663,"5,6,7",24203.0,0.0012402150554164
13177,3.594568211871065,-30.40143573854192,0.211643,0.0940966579586728,0.1593672336441805,0.2116079715055728,2,1,1,0.0,0.0,0.0,0.0,1.0,templ,templ,4.376664999999999,6,24230.0,0.0048593812413581
13759,3.581098659003678,-30.40020117144815,2.666384,2.6617766929282074,2.665747323796829,2.669717954665451,3,1,1,1.0,0.0,0.0,0.0,0.0,spl+lines,templ,4.376664999999999,6,24908.0,0.0124552520678221
14087,3.640464141784403,-30.39925814103492,2.72589,2.71979095577966,2.723824500063619,2.7282147575716373,3,1,1,1.0,0.0,0.0,0.0,0.0,spl+lines,templ,2.6259999999999994,2,25277.0,0.0032141351976833
14238,3.594856097496509,-30.39891132137802,0.284254,0.2612405489514324,0.2813832351235603,0.2930780843774601,2,1,0,0.0,0.0,0.0,0.0,1.0,templ,templ,4.376664999999999,6,25416.0,0.0070099217490433
14267,3.590319031204635,-30.40037353165502,0.497962,0.4917245471342375,0.4933420918484663,0.4949596365626951,3,1,0,1.0,0.0,0.0,0.0,0.0,spl+lines,templ,4.376664999999999,6,26171.0,0.0387174294688374
14392,3.579054479680173,-30.40006570233771,0.290691,0.2932245906554227,0.2946269364126586,0.2960292821698944,2,1,1,0.0,0.0,0.0,0.0,1.0,templ,templ,4.376664999999999,6,25648.0,0.0148259400004916
14397,3.57730915306663,-30.40158450809923,2.590551,2.587023194706912,2.590912766960423,2.594802339213933,3,1,1,1.0,0.0,0.0,0.0,0.0,spl+lines,templ,4.376664999999999,6,25652.0,0.0313062629400291
14398,3.57790171128664,-30.40099235018795,1.297464,1.344597780151743,1.3471401341159035,1.3496824880334903,3,1,1,1.0,0.0,0.0,0.0,0.0,spl+lines,templ,2.6259999999999994,2,25651.0,0.0420866432770601
14399,3.576389822487262,-30.40252960886829,3.989351,3.981639993755832,3.9871486758729935,3.992550610248088,3,1,1,1.0,0.0,0.0,0.0,0.0,spl+lines,templ,5.0495833333333335,"2,3",25654.0,0.0051216839651268
14409,3.577958919831204,-30.40159894880162,5.135588,5.132430301793239,5.139079974642795,5.145739438516378,3,1,1,1.0,0.0,0.0,0.0,0.0,spl+lines,templ,9.718025,"3,5,7",25664.0,0.010601569374084
14411,3.576619032908668,-30.40180125373854,3.985362,3.981588742981065,3.986990506031188,3.9923922690813103,3,1,1,1.0,0.0,0.0,0.0,0.0,spl+lines,templ,2.423583333333333,3,25665.0,0.0052848232121787
14573,3.565413500879167,-30.39832137593697,1.690981,1.687365820237818,1.6902798531174643,1.693193885997111,3,1,1,1.0,0.0,0.0,0.0,0.0,spl+lines,templ,7.294441666666666,"1,5,7",25766.0,0.0080309525348398
14880,3.586331525730275,-30.40154576412095,1.82895,1.8408066293364285,1.8438921628475684,1.8469776968534677,3,1,1,1.0,0.0,0.0,0.0,0.0,spl+lines,templ,7.294441666666666,"5,7",26181.0,0.1511546111426596
14887,3.584825855337357,-30.39844319649285,3.057252,3.053135847519922,3.0575308469042266,3.0619258462885317,3,1,1,1.0,0.0,0.0,0.0,0.0,spl+lines,templ,7.294441666666666,"5,7",,
15161,3.582345339573114,-30.39760788989184,4.965578,4.951736585748943,4.963493665892456,6.805399813218083,2,1,1,1.0,0.0,0.0,0.0,0.0,spl+lines,templ,2.423583333333333,3,26418.0,0.0574436306204765
15350,3.596723493710084,-30.39680981510287,1.345048,1.326568549148775,1.329835058478594,1.3331392397426405,3,1,0,1.0,0.0,0.0,0.0,0.0,spl+lines,templ,4.376664999999999,"1,6",26618.0,0.0030279923787855
15383,3.583534552387626,-30.39667857268421,7.042226,7.031051492107511,7.039759926191883,7.048468360276256,3,1,0,1.0,0.0,0.0,0.0,0.0,spl+lines,templ,9.426248333333332,"2,3,6",26651.0,0.003818370959641
15648,3.576752933792193,-30.39622287934884,0.497214,0.4798739218928355,0.4874898387738322,0.4962952182760164,3,1,1,1.0,0.0,0.0,0.0,0.0,spl+lines,templ,2.9177766666666662,7,27037.0,0.0204807327778748
15719,3.577225353575009,-30.39592846401837,5.047264,5.045499221471634,5.052054631000392,5.058610040529151,3,1,1,1.0,0.0,0.0,0.0,0.0,spl+lines,templ,4.376664999999999,5,27035.0,0.0053197366512774
15989,3.571727083234977,-30.395616262396,3.696915,3.6901195139590897,3.695205223679078,3.7002909333990655,3,1,1,1.0,0.0,0.0,0.0,0.0,spl+lines,templ,11.671106666666663,"5,6,7",27281.0,0.0037148515938321
16155,3.58295318947418,-30.39523246397209,6.87195,6.867101245062186,6.875631900443369,6.8841625558245525,3,1,1,1.0,0.0,0.0,0.0,0.0,spl+lines,templ,16.720689999999998,"2,3,5,6,7",27427.0,0.0110659145773926
16365,3.558181543386677,-30.39469635300605,3.980876,3.9736912211317335,3.97908442073212,3.984477620140626,3,1,0,1.0,0.0,0.0,0.0,0.0,spl+lines,templ,4.376664999999999,4,27656.0,0.0059730006881915
16385,3.592737888061081,-30.39474908417003,0.320325,0.2609503901038799,0.3103676302369123,0.3250424456751528,2,1,1,0.0,0.0,0.0,0.0,1.0,templ,templ,4.376664999999999,5,27688.0,0.0216250121285343
16388,3.568819256249635,-30.39552577240471,2.437367,2.4311581877761204,2.434878773598937,2.4385993343696937,3,1,1,1.0,0.0,0.0,0.0,0.0,spl+lines,templ,7.294441666666666,"1,5,7",27939.0,0.0239014150116127
16560,3.621827787322912,-30.39433727074947,4.181041,4.174938806216832,4.180552997161214,4.186164421471211,3,1,0,1.0,0.0,0.0,0.0,0.0,spl+lines,templ,2.6259999999999994,2,27930.0,0.0051164962225324
16594,3.597202696492125,-30.39432868826726,7.041422,7.031051492107511,7.039759926191883,7.048468360276256,3,1,0,1.0,0.0,0.0,0.0,0.0,spl+lines,templ,11.671106666666663,"1,5,6,7",27966.0,0.0052340131294272
16863,3.631389794646223,-30.39381459579425,5.133747,5.132444609691796,5.139094298056022,5.145743986420247,3,1,0,1.0,0.0,0.0,0.0,0.0,spl+lines,templ,2.6259999999999994,2,28261.0,0.0088257169401347
16915,3.561267754308021,-30.39368819832612,1.630848,1.6158504508484288,1.6186869363632053,1.6215234218780146,3,1,1,1.0,0.0,0.0,0.0,0.0,spl+lines,templ,6.800248333333332,"3,4",28314.0,0.003218420943393
16987,3.632659348567927,-30.39363622622898,3.970784,3.965806219376899,3.97119086871948,3.97657551806206,3,1,1,1.0,0.0,0.0,0.0,0.0,spl+lines,spl+lines,2.6259999999999994,2,28380.0,0.0048904329948467
17089,3.626803309604352,-30.3932550693055,1.327061,1.3223896146365546,1.3249197620430109,1.3274380474999243,3,1,0,1.0,0.0,0.0,0.0,0.0,spl+lines,templ,2.6259999999999994,2,28495.0,0.0002550030918634
17201,3.562335390813489,-30.39300588012083,4.281478,4.274408101680007,4.280127382067226,4.2858466624544445,3,1,0,1.0,0.0,0.0,0.0,0.0,spl+lines,templ,4.376664999999999,4,28633.0,0.0154642615530732
17378,3.556863231734695,-30.39258019997243,2.210754,2.204654564210728,2.2085680284003804,2.212379279936848,3,1,0,1.0,0.0,0.0,0.0,0.0,spl+lines,templ,4.376664999999999,4,28792.0,0.0087809777727507
17420,3.566452615237157,-30.39241038006026,3.914086,3.910959594727135,3.9162920402438455,3.921619891748153,3,1,0,1.0,0.0,0.0,0.0,0.0,spl+lines,templ,2.423583333333333,3,28848.0,0.004911525379862
17467,3.588786417591418,-30.39378262392643,3.987356,3.981588742981065,3.986990506031188,3.9923922690813103,3,1,0,1.0,0.0,0.0,0.0,0.0,spl+lines,templ,2.423583333333333,3,29018.0,0.040105418993243
17475,3.588561978814628,-30.39249799635013,4.022892,4.021264852490113,4.026709638149718,4.032154424633264,3,1,1,1.0,0.0,0.0,0.0,0.0,spl+lines,templ,9.718025,"3,5,7",,
17533,3.573532644517132,-30.39255107292058,1.360813,1.359524863983358,1.3620834298313431,1.3646419698921557,3,1,1,1.0,0.0,0.0,0.0,0.0,spl+lines,templ,4.376664999999999,6,28935.0,0.0008570755690172
18023,3.566944483899502,-30.39134311591738,2.403845,2.3990595246854656,2.4036582973514853,2.407459699245212,3,1,0,1.0,0.0,0.0,0.0,0.0,spl+lines,templ,2.6259999999999994,2,29570.0,0.017545962487204
18045,3.588865982784674,-30.39179887128784,1.346455,1.3408807907594855,1.3434191141765048,1.3459574375935237,3,1,1,1.0,0.0,0.0,0.0,0.0,spl+lines,templ,2.423583333333333,3,29574.0,0.0094399935372761
18113,3.563607128244524,-30.39234196139302,5.150331,5.142182152302138,5.148843358004821,5.155503854406414,3,1,1,1.0,0.0,0.0,0.0,0.0,spl+lines,templ,4.376664999999999,4,29658.0,0.0568965380019046
18136,3.573028465469228,-30.39123077407129,0.231925,0.2243804095237006,0.2313270562048289,0.2335380720694365,2,1,1,0.0,0.0,0.0,0.0,1.0,templ,templ,11.671106666666663,"5,6,7",29687.0,0.0152973749744502
18391,3.584960249079553,-30.39135588051568,4.024902,4.021264853696136,4.026709639356091,4.032154425016046,3,1,1,1.0,0.0,0.0,0.0,0.0,spl+lines,templ,11.671106666666663,"5,6,7",29940.0,0.0133592224461115
18407,3.562749052812184,-30.39094895761764,3.978884,3.957935738025433,3.963316186662633,3.968692306378676,3,1,1,1.0,0.0,0.0,0.0,0.0,spl+lines,templ,9.426248333333332,"2,3,4",29930.0,0.0106785025801663
18471,3.586734331113893,-30.39077691529309,2.211075,2.204878130529865,2.208353325524642,2.211828520519419,3,1,1,1.0,0.0,0.0,0.0,0.0,spl+lines,templ,4.376664999999999,6,30052.0,0.0130461382827852
18708,3.580934582402668,-30.39078091939757,0.293699,0.2870953382340853,0.2885150769744217,0.2899107590243291,3,1,1,1.0,0.0,0.0,0.0,0.0,spl+lines,templ,7.294441666666666,"5,7",30351.0,0.0034262121733056
18840,3.572669795180386,-30.38972139140361,5.299724,5.2901131841692814,5.296933839733676,5.30375449529807,3,1,0,1.0,0.0,0.0,0.0,0.0,spl+lines,templ,2.6259999999999994,2,30452.0,0.0156984028665141
18851,3.633715395180693,-30.38968132735698,1.582624,1.5991625327902914,1.6032426095323886,1.6089494062606704,2,1,0,1.0,0.0,0.0,0.0,0.0,spl+lines,templ,2.6259999999999994,2,30440.0,0.0017134615971032
18924,3.581044323249695,-30.3895606891702,7.68681,7.680324084107461,7.6897365539679425,7.699149023828424,3,1,1,1.0,0.0,0.0,0.0,0.0,spl+lines,templ,16.720689999999998,"2,3,5,6,7",30500.0,0.0157279113221049
19007,3.555707505530983,-30.39034508071001,3.203452,3.2037651368843747,3.208323470452117,3.212887787904508,3,1,1,1.0,0.0,0.0,0.0,0.0,spl+lines,templ,4.376664999999999,4,30595.0,0.0133705227190585
19025,3.623700753761731,-30.3893629899024,7.55577,7.543742567200225,7.553143513004843,7.562415734590402,2,1,0,0.0,1.0,0.0,0.0,0.0,spl+lines,templ,2.6259999999999994,2,30616.0,0.0068358645170276
19037,3.585985402922463,-30.38937233098557,2.335684,2.332446697071444,2.3398191729897424,2.3536594060312117,2,1,1,0.0,0.0,0.0,1.0,0.0,templ,templ,7.294441666666666,"6,7",30637.0,0.0061084345997525
19179,3.591432469439992,-30.38951036624599,1.368616,1.3670239880620876,1.3695906597359553,1.372157331409823,3,1,1,1.0,0.0,0.0,0.0,0.0,spl+lines,templ,2.6259999999999994,2,30804.0,0.0075839183705137
19217,3.577502972638572,-30.38900059404176,3.056847,3.05322522686607,3.058259705403101,3.062808214813082,3,1,1,1.0,0.0,0.0,0.0,0.0,spl+lines,templ,14.297106666666664,"2,5,6,7",30852.0,0.0019894180032341
19283,3.640955656367929,-30.38892009874826,1.282122,1.2930927774905427,1.2955792821942846,1.298065787860976,3,1,0,1.0,0.0,0.0,0.0,0.0,spl+lines,templ,2.6259999999999994,2,30915.0,0.0033512188182976
19365,3.587123978554278,-30.38876510218637,4.299465,4.291171436108553,4.296908893741062,4.3026463513735695,3,1,1,1.0,0.0,0.0,0.0,0.0,spl+lines,templ,9.920441666666663,"2,5,7",31011.0,0.0620671680213714
19371,3.58806647655981,-30.38866119280857,0.27453,0.272041328485402,0.2755399395531602,0.2803379098899777,2,1,0,0.0,0.0,0.0,0.0,1.0,templ,templ,11.671106666666663,"5,6,7",31012.0,0.0045022049810284
19425,3.570316257144257,-30.38856368935933,3.787967,3.781781574999455,3.788379944153938,3.794396314594077,3,1,1,1.0,0.0,0.0,0.0,0.0,spl+lines,templ,5.0495833333333335,"2,3",31143.0,0.0071051927209046
19436,3.561881502034278,-30.38875517366881,4.311137,4.3079880484359165,4.313743741085362,4.319499433734806,3,1,1,1.0,0.0,0.0,0.0,0.0,spl+lines,templ,4.376664999999999,4,31096.0,0.0156375126124814
19563,3.573781468658007,-30.38836689329941,4.161504,4.153720069077085,4.16123577732561,4.170422872982855,2,1,1,0.0,0.0,0.0,1.0,0.0,manual/templ,manual/templ,7.294441666666666,"5,7",31249.0,0.0108408088428829
19896,3.580023807484358,-30.38780642480901,2.32512,2.323989987664368,2.327594341058582,2.3311986944527967,3,1,1,1.0,0.0,0.0,0.0,0.0,spl+lines,templ,2.423583333333333,3,31608.0,0.0374918383282786
19958,3.572119989641448,-30.38750434944529,2.50856,2.507784727348973,2.5115883777315293,2.515681621173252,3,1,1,1.0,0.0,0.0,0.0,0.0,spl+lines,templ,5.0495833333333335,"2,3",31710.0,0.0167229809915016
19981,3.576805522493503,-30.38798120823639,1.359161,1.3557841980803178,1.3583386819391436,1.3608931657979697,3,1,0,1.0,0.0,0.0,0.0,0.0,spl+lines,templ,2.423583333333333,3,31703.0,0.0089367364604981
19985,3.576934538791833,-30.38756872789435,3.064561,3.059571946603353,3.063974547166876,3.068376526292401,3,1,1,1.0,0.0,0.0,0.0,0.0,spl+lines,templ,7.002664999999999,"2,6",31708.0,0.0504886009632457
20071,3.629327906297434,-30.38754369535286,5.135588,5.13244460184926,5.139094290211208,5.145743983931088,3,1,0,1.0,0.0,0.0,0.0,0.0,spl+lines,templ,2.6259999999999994,2,31810.0,0.0037818333324529
20100,3.565565558688578,-30.38896899346685,0.222597,0.2194629844949785,0.2280165908318473,0.2576352276840039,2,1,1,0.0,0.0,0.0,0.0,1.0,templ,templ,4.376664999999999,4,31848.0,0.019751699219866
20129,3.5642139013699,-30.38725451483703,3.736875,3.723566627069309,3.7361439288209297,3.7434684127106377,2,1,1,0.0,0.0,0.0,1.0,0.0,templ,templ,2.423583333333333,3,32541.0,0.0353603793834991
20300,3.567335468466714,-30.38690962384197,0.236244,0.2373802172002958,0.2536414854831947,0.25537503900657,2,1,1,0.0,0.0,0.0,0.0,1.0,templ,templ,5.0495833333333335,"2,3",32058.0,0.0115202648163973
20466,3.640408392504773,-30.38643760620369,8.503934,8.486867414819637,8.497154456265001,8.50744149771036,3,1,0,1.0,0.0,0.0,0.0,0.0,spl+lines,templ,2.6259999999999994,2,32209.0,0.000993550709287
20513,3.568250327788409,-30.38662800438834,2.187949,2.184602894705166,2.188056104926124,2.191509452900611,3,1,1,1.0,0.0,0.0,0.0,0.0,manual/templ,manual/templ,4.376664999999999,4,32291.0,0.0111163726725766
20574,3.61138002386694,-30.38643598388654,0.134143,0.1306876803195627,0.1324940863959552,0.1343722270605745,2,1,1,0.0,0.0,0.0,0.0,1.0,templ,templ,7.294441666666666,"5,7",32318.0,0.0008606639609524
20616,3.611991468606265,-30.38624136499828,3.244303,3.035737136296329,3.2435232967019942,3.252714532115298,2,1,1,0.0,0.0,0.0,1.0,0.0,templ,templ,7.294441666666666,"1,5,7",32361.0,0.0024610894694892
20879,3.585735235909187,-30.38577120682226,3.058875,3.0531358470528125,3.057530846441405,3.0619258461461096,3,1,1,1.0,0.0,0.0,0.0,0.0,spl+lines,templ,7.294441666666666,"5,7",32662.0,0.0482838752614425
20972,3.63057855727696,-30.3855349837732,5.610808,5.607223714778157,5.614388229821154,5.621553249950985,3,1,1,1.0,0.0,0.0,0.0,0.0,spl+lines,templ,2.6259999999999994,2,32729.0,0.0016557641435814
21111,3.582498880226519,-30.38546129981444,3.056035,3.053135687719105,3.057530687053163,3.061925795567789,3,1,0,1.0,0.0,0.0,0.0,0.0,spl+lines,templ,2.423583333333333,3,32864.0,0.007658408902024
21129,3.631268994743258,-30.38519377538393,2.510315,2.5026634501325566,2.5064615472815297,2.510259644452798,3,1,0,1.0,0.0,0.0,0.0,0.0,spl+lines,templ,2.6259999999999994,2,32886.0,0.0051600672877862
21164,3.567705021068095,-30.38511072539416,4.44069,4.43582805423938,4.441722369616579,4.447616684993693,3,1,0,1.0,0.0,0.0,0.0,0.0,spl+lines,templ,2.423583333333333,3,32918.0,0.0043441493475654
21527,3.567135387868977,-30.38440923903778,5.053919,5.04741013932159,5.055755075874879,5.06336476673753,3,1,0,1.0,0.0,0.0,0.0,0.0,spl+lines,templ,4.376664999999999,4,33323.0,0.0055215918191273
21610,3.581083088270726,-30.38444289544822,0.229832,0.2224298400963691,0.2313489061287713,0.2440533175547541,2,1,1,0.0,0.0,0.0,0.0,1.0,templ,templ,2.6259999999999994,2,33358.0,0.0040143793606804
21651,3.570808762989056,-30.38418295058591,1.44875,1.4440729784105368,1.4487946212821037,1.4551499846659597,2,1,1,0.0,0.0,0.0,1.0,0.0,templ,templ,7.002664999999999,"2,4",33400.0,0.0065180003588913
21749,3.570601023784061,-30.3840005835857,0.292111,0.270384850053839,0.2821726456286909,0.3019626795638224,2,1,0,0.0,0.0,0.0,0.0,1.0,templ,templ,2.423583333333333,3,33494.0,0.0068399771002872
21834,3.602081181334115,-30.38428236177805,2.674826,2.6734146978233277,2.6773979483095176,2.681381198795708,3,1,1,1.0,0.0,0.0,0.0,0.0,spl+lines,templ,2.423583333333333,3,33588.0,0.0366365245089147
21858,3.607154252134269,-30.38382430998405,3.059687,3.053497807957926,3.058499348978156,3.0628953974157342,3,1,0,1.0,0.0,0.0,0.0,0.0,spl+lines,templ,4.376664999999999,6,33615.0,0.0016234277616585
21954,3.546122501941957,-30.38366804142936,1.228386,1.2241891116195134,1.2298843433238127,1.2357912521189862,2,1,1,0.0,0.0,0.0,1.0,0.0,templ,templ,4.376664999999999,4,33713.0,0.0058988938088286
22028,3.62289825704358,-30.38362728727651,3.548083,3.543629149463288,3.5485560130241574,3.5534828765850266,3,1,1,1.0,0.0,0.0,0.0,0.0,spl+lines,templ,2.6259999999999994,2,33786.0,0.0040212939266694
22043,3.569327118467204,-30.38423508418339,0.297067,0.2911744943008882,0.2925745734793235,0.2939746526577587,3,1,1,1.0,0.0,0.0,0.0,0.0,spl+lines,templ,2.423583333333333,3,34081.0,0.0159843351726575
22084,3.632125845600926,-30.38344062308187,3.15165,3.1506881479176423,3.1551889284707517,3.1597341980470786,3,1,1,1.0,0.0,0.0,0.0,0.0,spl+lines,templ,2.6259999999999994,2,33832.0,0.003627501857978
22179,3.544622104763942,-30.38317938555394,3.486199,3.478375272672234,3.484212656945637,3.490079756972653,3,1,1,1.0,0.0,0.0,0.0,0.0,spl+lines,templ,4.376664999999999,4,33941.0,0.0047506929397982
22223,3.568114511635839,-30.38305164327892,9.569852,9.55089473347697,9.56233555562915,9.573776370256407,3,1,0,1.0,0.0,0.0,0.0,0.0,spl+lines,templ,4.376664999999999,4,33989.0,0.0052768179609834
22297,3.585090893809946,-30.38415656603001,2.649192,2.644389759929896,2.6483459009697894,2.6522984047291613,3,1,1,1.0,0.0,0.0,0.0,0.0,spl+lines,templ,4.376664999999999,6,,
22335,3.64157267619518,-30.38282555961342,2.509613,2.506805993811689,2.5109790673383725,2.515849966321672,3,1,0,1.0,0.0,0.0,0.0,0.0,spl+lines,templ,2.6259999999999994,2,34113.0,0.0024973507919902
22346,3.631025363033293,-30.3832451629288,2.489916,2.4948891862105493,2.4990092011075,2.503825752374191,3,1,0,0.0,0.0,1.0,0.0,0.0,templ,templ,2.6259999999999994,2,34122.0,0.0012764476523537
22431,3.550474759128371,-30.38289639506826,3.478579,3.472108800616864,3.476958111413412,3.4818074222099598,3,1,1,1.0,0.0,0.0,0.0,0.0,spl+lines,templ,4.376664999999999,4,34205.0,0.011205508832167
22587,3.58370179043717,-30.38238491312876,1.274604,1.281556853067873,1.2840308541507657,1.2869032871411643,3,1,0,1.0,0.0,0.0,0.0,0.0,spl+lines,templ,7.294441666666666,"5,7",34383.0,0.0011785793030831
22755,3.608297991531357,-30.38230370505374,1.610406,1.607562990037177,1.6103904890816003,1.6132179881260158,3,1,0,1.0,0.0,0.0,0.0,0.0,spl+lines,templ,4.376664999999999,6,34570.0,0.0055066269003159
22876,3.636093316993662,-30.38190206911861,2.48364,2.4790557447736217,2.483777288538121,2.4888784040577145,2,1,1,0.0,0.0,0.0,1.0,0.0,templ,templ,2.6259999999999994,2,34713.0,0.0013155378459376
22977,3.575221624459382,-30.38173446275255,5.667906,5.659848022543355,5.6670695983946935,5.674291174246031,3,1,0,1.0,0.0,0.0,0.0,0.0,spl+lines,templ,2.423583333333333,"1,3",34809.0,0.0026984418933711
22991,3.55931330718414,-30.38194215345254,2.236867,2.229451142922272,2.232954044643288,2.2370399502215275,3,1,1,1.0,0.0,0.0,0.0,0.0,spl+lines,templ,4.376664999999999,4,34961.0,0.0037687847356023
23391,3.54610329245719,-30.38127277220031,3.472313,3.465018978636849,3.4698606016172446,3.47470222459764,3,1,1,1.0,0.0,0.0,0.0,0.0,spl+lines,templ,11.671106666666663,"4,5,7",35320.0,0.00620326029242
23417,3.610671568772103,-30.38141951595497,3.961489,3.9579585200616583,3.963399967488772,3.968780293128707,3,1,1,1.0,0.0,0.0,0.0,0.0,spl+lines,templ,4.376664999999999,6,34997.0,0.1077509952194256
23456,3.551672920332349,-30.38106573379866,4.949492,4.95023236905466,4.956684476406172,4.963208699730204,3,1,1,1.0,0.0,0.0,0.0,0.0,spl+lines,templ,8.753329999999998,"4,6",35381.0,0.0078203931642501
23470,3.54409546345172,-30.38083466716716,3.67162,3.6678487536172657,3.6729108170327742,3.677972383842602,3,1,1,1.0,0.0,0.0,0.0,0.0,spl+lines,templ,4.376664999999999,4,35396.0,0.0060881649387887
23573,3.6174695418229,-30.38062345872169,2.484336,2.466370793358416,2.47656466557256,2.485752275332423,2,1,0,0.0,0.0,0.0,1.0,0.0,templ,templ,11.671106666666663,"5,6,7",35525.0,0.0040816102490342
23604,3.605246620651772,-30.38058434235268,7.882703,7.875292254057935,7.884916136764945,7.894540019471954,3,1,0,1.0,0.0,0.0,0.0,0.0,spl+lines,templ,4.376664999999999,6,35557.0,0.0027521088804586
23608,3.542812607523306,-30.3806461406399,5.794448,5.787860966091811,5.795221352195073,5.802581738298335,3,1,0,1.0,0.0,0.0,0.0,0.0,spl+lines,templ,2.423583333333333,3,35563.0,0.004990258028791
23619,3.607271939131035,-30.38057787708868,6.716076,6.706497967652168,6.714854474130324,6.723210980080162,3,1,1,1.0,0.0,0.0,0.0,0.0,spl+lines,templ,7.294441666666666,"5,7",35556.0,0.008584828058364
23775,3.599809027415764,-30.38037168083878,3.211445,3.2103972995762544,3.2149629994400386,3.219563777474772,3,1,1,1.0,0.0,0.0,0.0,0.0,spl+lines,templ,6.800248333333332,"3,6",35710.0,0.0050736468657227
23821,3.576107013272243,-30.38063598424679,3.788445,3.7802711214047298,3.785454586609391,3.790638051814052,3,1,1,1.0,0.0,0.0,0.0,0.0,spl+lines,templ,4.376664999999999,4,35775.0,0.0143322212223668
23889,3.574411737267303,-30.38014742822486,1.750486,1.7477157942656396,1.750702784643059,1.7536918589158643,2,1,1,0.0,0.0,0.0,1.0,0.0,templ,templ,4.376664999999999,4,35855.0,0.0033642923956419
23890,3.571623472007909,-30.38064703280088,1.654101,1.6662837220071964,1.671378514618824,1.676503586943011,3,1,1,1.0,0.0,0.0,0.0,0.0,spl+lines,templ,4.376664999999999,4,35861.0,0.0039137186218532
23910,3.543845770376152,-30.38048629197897,2.553759,2.553038187192294,2.5568909079577917,2.5607436287232885,3,1,0,1.0,0.0,0.0,0.0,0.0,spl+lines,templ,4.376664999999999,6,35874.0,0.0640011781324213
23920,3.572830268654349,-30.38002597737182,5.990177,5.984508777206843,5.992082397467875,5.999656017728907,3,1,1,1.0,0.0,0.0,0.0,0.0,spl+lines,templ,4.376664999999999,4,35885.0,0.0035156809772114
23955,3.581272399256927,-30.38022783699074,3.475445,3.472108800616864,3.476958111413412,3.4818074222099598,3,1,1,1.0,0.0,0.0,0.0,0.0,spl+lines,templ,2.6259999999999994,"1,2",35919.0,0.0014034239073747
24012,3.59966530114382,-30.37987746788173,5.729534,5.723549838613958,5.730840489239234,5.738131139864509,3,1,0,1.0,0.0,0.0,0.0,0.0,spl+lines,templ,7.294441666666666,"5,7",36005.0,0.0044285635899253
24131,3.546588379746714,-30.37980722676605,4.029426,4.022640489763855,4.029517632368767,4.035482186321703,3,1,1,1.0,0.0,0.0,0.0,0.0,spl+lines,templ,7.294441666666666,"5,7",36108.0,0.0026377136099593
24219,3.615283501649778,-30.37967830415681,2.323126,2.318720361415453,2.32231907532982,2.3259177147096484,3,1,0,1.0,0.0,0.0,0.0,0.0,spl+lines,templ,7.294441666666666,"5,7",36200.0,0.0021112244144103
24278,3.5668205440534,-30.37977016206105,3.697385,3.6901195139590897,3.6952052236790784,3.700290933399067,3,1,1,1.0,0.0,0.0,0.0,0.0,spl+lines,templ,4.376664999999999,4,36283.0,0.0099442117943955
24531,3.601342849372456,-30.37919855119247,7.89159,7.889384969543119,7.899024133621938,7.908663297700757,3,1,1,1.0,0.0,0.0,0.0,0.0,spl+lines,templ,2.423583333333333,3,36502.0,0.0210141616628776
24714,3.628748130795594,-30.37890926708201,6.352246,6.348277006459394,6.3562450771419625,6.364213147824531,3,1,0,1.0,0.0,0.0,0.0,0.0,spl+lines,templ,2.6259999999999994,2,36725.0,0.0005530071986162
24808,3.637775561213167,-30.37872622205998,3.996841,3.997421427231924,4.002840358381058,4.008259289530191,3,1,0,1.0,0.0,0.0,0.0,0.0,spl+lines,templ,2.6259999999999994,2,36827.0,0.0035130564174217
24817,3.620128013592639,-30.37873014144503,5.662414,4.012666015753771,4.012666015753771,4.012666015753771,3,1,0,1.0,0.0,0.0,0.0,0.0,manual/spl+lines,manual/spl+lines,11.671106666666663,"5,6,7",36828.0,0.0031321175423874
24996,3.607056250587788,-30.37842272932966,4.575633,4.569696638764545,4.57731498616847,4.585005305706785,3,1,1,1.0,0.0,0.0,0.0,0.0,spl+lines,templ,7.294441666666666,"5,7",37016.0,0.0022443433783805
25028,3.542668961688698,-30.37844893993986,3.963474,3.965449452933926,3.9708393879941424,3.976464651607912,3,1,0,1.0,0.0,0.0,0.0,0.0,spl+lines,templ,4.376664999999999,6,37018.0,0.0257102056764897
25147,3.610358196024509,-30.38018308729289,1.885811,1.8816754107713876,1.884800142369973,1.8879248739685583,3,1,1,1.0,0.0,0.0,0.0,0.0,spl+lines,templ,4.376664999999999,6,37182.0,0.0100096521251557
25149,3.610568123159367,-30.37889272404806,4.01988,4.013304812735012,4.018741785565249,4.024177940677753,3,1,1,1.0,0.0,0.0,0.0,0.0,spl+lines,templ,7.294441666666666,"5,7",37184.0,0.0204469850222419
25197,3.575795279769452,-30.37815889529645,0.500661,0.4988417804014775,0.5004670553849246,0.5020923231426003,3,1,0,1.0,0.0,0.0,0.0,0.0,spl+lines,templ,2.6259999999999994,2,37941.0,0.0040360009313581
25447,3.569435090915393,-30.37788728720045,6.247132,6.232609262718839,6.240451910939016,6.248294557832248,3,1,1,1.0,0.0,0.0,0.0,0.0,spl+lines,templ,4.376664999999999,4,37450.0,0.0496532304808244
25558,3.545584926993063,-30.37779016143406,2.343793,2.3398492409015312,2.34347081747039,2.3470923678020243,3,1,0,1.0,0.0,0.0,0.0,0.0,spl+lines,templ,6.800248333333332,"3,5",37584.0,0.0070288139866114
25614,3.609025397763609,-30.37751603019535,4.915085,4.912694589702081,4.91910599313363,4.925517396565179,3,1,0,1.0,0.0,0.0,0.0,0.0,spl+lines,templ,4.376664999999999,6,37629.0,0.0041098198272565
25774,3.543275736024467,-30.37783221070708,1.411879,1.408697307020442,1.4113091669677982,1.4139210269151543,3,1,0,1.0,0.0,0.0,0.0,0.0,spl+lines,templ,2.423583333333333,3,37776.0,0.0047733627729734
25931,3.57553242332735,-30.37865005795499,4.288877,4.282783119719073,4.288511481518935,4.294239843318795,3,1,1,1.0,0.0,0.0,0.0,0.0,spl+lines,templ,2.423583333333333,3,37935.0,0.0039182209178
26185,3.567070796096838,-30.3778606473943,10.060783,10.047732562053309,10.059796990913435,10.07178023846888,3,1,0,1.0,0.0,0.0,0.0,0.0,spl+lines,templ,4.376664999999999,"1,4",38201.0,0.0021024061390665
26720,3.620011148716018,-30.37621062157984,2.655035,2.6501755592195178,2.654133610451802,2.6580916616839585,3,1,1,1.0,0.0,0.0,0.0,0.0,spl+lines,templ,11.671106666666663,"5,6,7",38740.0,0.0081162385312351
26835,3.536318998368472,-30.37603687307785,3.341873,3.3258955838530047,3.331443048248718,3.3362376443890023,3,1,0,1.0,0.0,0.0,0.0,0.0,spl+lines,templ,2.423583333333333,3,38856.0,0.0039198923939371
26882,3.599381959630285,-30.3759442725393,1.930889,1.923122270906616,1.9262985243719344,1.929468205810763,3,1,1,1.0,0.0,0.0,0.0,0.0,spl+lines,templ,5.0495833333333335,"2,3",38884.0,0.000823412789588
27011,3.605024959677146,-30.37596230798215,2.485132,2.4810019965213264,2.485499466695729,2.4892748583287494,3,1,1,1.0,0.0,0.0,0.0,0.0,spl+lines,templ,9.718025,"3,5,7",39014.0,0.0024882929456734
27148,3.599911814728531,-30.37551539701934,4.345237,4.341781784645049,4.347574121378338,4.353366458111629,3,1,0,1.0,0.0,0.0,0.0,0.0,spl+lines,templ,7.294441666666666,"5,7",39149.0,0.0036364205629677
27266,3.557323797864068,-30.37539352102783,0.2822,0.2757950530743568,0.2819111677299079,0.2836091973062119,2,1,0,0.0,0.0,0.0,0.0,1.0,templ,templ,4.376664999999999,6,39267.0,0.0009119218888504
27335,3.625080666905728,-30.37526088785461,6.753977,6.743267390705045,6.751665055450042,6.760061435063911,3,1,0,1.0,0.0,0.0,0.0,0.0,spl+lines,templ,7.294441666666666,"5,7",39368.0,0.0054018129751098
27506,3.622081372730471,-30.37496034289143,6.132101,6.130065813253892,6.1377972676235935,6.145528721993295,3,1,1,1.0,0.0,0.0,0.0,0.0,spl+lines,templ,7.294441666666666,"5,7",39640.0,0.0022374493171766
27621,3.620596704402897,-30.37501027721055,1.079871,1.0782626161499589,1.0805161707476596,1.0827697265937004,3,1,0,1.0,0.0,0.0,0.0,0.0,spl+lines,templ,4.376664999999999,6,39748.0,0.0040768060978224
27679,3.562037083419579,-30.3750569147544,2.986469,2.983011792304293,2.9873307529889117,2.9916497136735294,3,1,1,1.0,0.0,0.0,0.0,0.0,spl+lines,templ,4.376664999999999,4,39786.0,0.0165049123379256
27773,3.612211998343816,-30.37463709234083,4.987093,4.978728170676727,4.985211177320861,4.991694183964994,3,1,0,1.0,0.0,0.0,0.0,0.0,spl+lines,templ,4.376664999999999,6,39872.0,0.0057731709399987
27862,3.559704754331252,-30.37449962369516,2.067018,2.070486029429432,2.0738154969618905,2.077144964516278,3,1,0,1.0,0.0,0.0,0.0,0.0,spl+lines,templ,7.294441666666666,"5,7",39967.0,0.0062298304609479
28110,3.620651311659063,-30.37426584617231,5.62603,5.617715798439091,5.624891688405237,5.632067578371382,3,1,0,1.0,0.0,0.0,0.0,0.0,spl+lines,templ,4.376664999999999,6,40308.0,0.0258948946887206
28284,3.623366642744465,-30.37478743255576,4.329758,4.324858107992043,4.330632093613684,4.336406079235323,3,1,1,1.0,0.0,0.0,0.0,0.0,spl+lines,templ,4.376664999999999,6,40506.0,0.1992557651191265
28308,3.605812329200131,-30.37391080590589,6.363283,6.359945036558458,6.367925759416289,6.375906482274119,3,1,1,1.0,0.0,0.0,0.0,0.0,spl+lines,templ,2.423583333333333,3,40540.0,0.0025393413697479
28399,3.55268496165173,-30.38189440096943,0.265133,0.2644757126231422,0.2659277274321157,0.2676567918857178,2,1,1,0.0,0.0,0.0,0.0,1.0,templ,templ,7.294441666666666,"5,7",34819.0,0.0411797780158797
28430,3.556706750214123,-30.37861347757945,0.242316,0.2414435267511038,0.2535941565263683,0.2610764203246796,2,1,1,0.0,0.0,0.0,0.0,1.0,templ,templ,7.294441666666666,"5,7",,
28876,3.569597426299371,-30.37322304257577,7.042225,7.031051492107511,7.039759926191883,7.048468360276256,3,1,0,1.0,0.0,0.0,0.0,0.0,spl+lines,templ,4.376664999999999,"1,4",41096.0,0.009975950255621
29020,3.58797522527903,-30.37305729819644,2.995249,2.9956082550067324,3.000681834748549,3.0053004424607583,3,1,0,1.0,0.0,0.0,0.0,0.0,spl+lines,templ,2.423583333333333,3,41204.0,0.0083900782680979
29178,3.541972556601664,-30.37521059159263,3.395923,3.3934019062398684,3.4023537494033835,3.450808237436108,2,1,1,0.0,0.0,0.0,1.0,0.0,templ,templ,7.294441666666666,"6,7",45382.0,0.0030282223517051
29244,3.625254921265964,-30.37347943039498,2.515936,2.5082251960619324,2.512029343627866,2.515833471651854,3,1,0,1.0,0.0,0.0,0.0,0.0,spl+lines,templ,7.294441666666666,"5,7",41431.0,0.0024833078149465
29315,3.540729510754602,-30.37586676927629,2.407836,2.411933699161521,2.412987486431326,2.413975821751485,3,1,0,0.0,0.0,1.0,0.0,0.0,manual/templ,manual/templ,7.294441666666666,"5,7",45398.0,0.0068905383139357
29316,3.540942182191133,-30.37550252923012,2.585887,2.5818502724273977,2.5865448524128496,2.590457381494517,3,1,1,1.0,0.0,0.0,0.0,0.0,spl+lines,templ,4.376664999999999,6,,
29398,3.560148184223233,-30.37258820173019,1.136579,1.131946162904351,1.134668629651243,1.1369901273531609,3,1,1,1.0,0.0,0.0,0.0,0.0,spl+lines,templ,11.671106666666663,"5,6,7",41581.0,0.0070645218625944
29700,3.624894638138065,-30.37217143075452,2.638625,2.6328427367009146,2.636781993165967,2.6407212496310186,3,1,1,1.0,0.0,0.0,0.0,0.0,spl+lines,templ,11.671106666666663,"5,6,7",41894.0,0.0004337367398723
29925,3.557021759221577,-30.37324275433582,0.245924,0.2454541137610867,0.2507202331699795,0.253105668185505,2,1,0,0.0,0.0,0.0,0.0,1.0,templ,templ,11.671106666666663,"4,5,7",41771.0,0.0094529746149512
30249,3.596139281111247,-30.37137663068211,5.784264,5.777099884906119,5.784448602280041,5.791797319653963,3,1,1,1.0,0.0,0.0,0.0,0.0,spl+lines,templ,16.720689999999998,"2,3,5,6,7",42419.0,0.0075708294316621
30354,3.593492323657777,-30.37125120970177,2.558738,2.553038188161852,2.55689091101102,2.5607436317798244,3,1,0,1.0,0.0,0.0,0.0,0.0,spl+lines,templ,11.671106666666663,"5,6,7",42509.0,0.0056874613827916
30390,3.604634245985477,-30.37115252344006,6.372124,6.359945036558463,6.367925759416298,6.375906482274128,3,1,0,1.0,0.0,0.0,0.0,0.0,spl+lines,templ,2.423583333333333,3,42549.0,0.0038284100763569
30414,3.554328765508593,-30.37197326369528,2.387451,2.382537889300174,2.386261394635576,2.389935003490791,3,1,1,1.0,0.0,0.0,0.0,0.0,manual/spl+lines,manual/spl+lines,4.376664999999999,4,42573.0,0.004611848644641
30571,3.55119215954272,-30.3711335189883,0.290691,0.2891275411255838,0.2905254006996723,0.2919232602737608,2,1,0,0.0,0.0,0.0,0.0,1.0,templ,templ,2.423583333333333,3,42762.0,0.0021200945017318
30649,3.608732969001231,-30.37078147940514,5.199111,5.191101782842315,5.197815075853208,5.204528368855921,3,1,1,1.0,0.0,0.0,0.0,0.0,spl+lines,templ,4.376664999999999,6,42803.0,0.0096474820344693
30673,3.606978004687358,-30.37076670831414,0.717342,0.7143709839511069,0.7511566347704394,0.7709149749092785,2,1,1,0.0,0.0,0.0,1.0,0.0,templ,templ,9.920441666666663,"2,5,7",43341.0,0.0130989045821076
30790,3.625604263208541,-30.37083042012625,0.855729,0.8283185218442627,0.8540678397677738,0.8580503615384364,2,1,1,0.0,0.0,0.0,1.0,0.0,templ,templ,4.376664999999999,6,42903.0,0.0153983598195549
31083,3.60113791192953,-30.37024078070812,4.751185,4.7462239580284376,4.752459387693689,4.758691449001351,3,1,0,1.0,0.0,0.0,0.0,0.0,spl+lines,templ,7.294441666666666,"5,7",43220.0,0.0033903885540384
31109,3.548954154709603,-30.37019154083902,0.185634,0.1346299370379842,0.1714287340495175,0.1867756896795523,2,1,1,0.0,0.0,0.0,0.0,1.0,templ,templ,7.294441666666666,"5,7",43258.0,0.0103270327869878
31133,3.602095006020594,-30.37025601168761,2.494205,2.486031088569536,2.4898111529265337,2.4935912148526564,3,1,1,1.0,0.0,0.0,0.0,0.0,spl+lines,templ,2.6259999999999994,2,43268.0,0.0057953849932702
31232,3.545605816953135,-30.37405148069098,2.367282,2.367738950845101,2.3724086703454463,2.376871547333664,3,1,1,1.0,0.0,0.0,0.0,0.0,spl+lines,templ,6.800248333333332,"3,6",41286.0,0.0157700243275769
31707,3.599726360265741,-30.36954021162342,3.292657,3.284577146265846,3.28922310804101,3.293869069742908,3,1,0,1.0,0.0,0.0,0.0,0.0,spl+lines,templ,2.6259999999999994,2,43897.0,0.00434255210001
31808,3.601504527130071,-30.36927191427481,4.751185,4.746223548438449,4.752454439755086,4.758685331071723,3,1,0,1.0,0.0,0.0,0.0,0.0,spl+lines,templ,2.423583333333333,3,43986.0,0.0016347373769538
31809,3.601633866738569,-30.36924337640829,4.755212,4.746223548438449,4.752454439755086,4.758685331071724,3,1,1,1.0,0.0,0.0,0.0,0.0,spl+lines,templ,11.671106666666663,"5,6,7",43987.0,0.0060934017479309
31912,3.597864659967604,-30.3690458455888,3.470078,3.465018988183066,3.469860631679066,3.474702254692024,3,1,0,1.0,0.0,0.0,0.0,0.0,spl+lines,templ,7.294441666666666,"5,7",44084.0,0.0097737469234578
31914,3.583322563049885,-30.3690414826051,0.441346,0.4403731017807973,0.4429282268286707,0.4474738080433496,2,1,1,0.0,0.0,0.0,0.0,1.0,templ,templ,4.376664999999999,4,44086.0,0.0036226245859886
31927,3.547034691655121,-30.36945236351608,2.368629,2.366449598620117,2.3700999985658657,2.373750411713448,3,1,1,1.0,0.0,0.0,0.0,0.0,spl+lines,templ,7.294441666666666,"5,7",44597.0,0.1272730149148448
32065,3.59553069830252,-30.36879374961148,6.30023,6.2902137374290215,6.298118847470599,6.306023957512014,3,1,1,1.0,0.0,0.0,0.0,0.0,spl+lines,templ,16.720689999999998,"2,3,5,6,7",44237.0,0.0926135419560916
32111,3.606001170050417,-30.36888517095076,2.330112,2.323989987664368,2.327594341058582,2.3311986944527967,3,1,0,1.0,0.0,0.0,0.0,0.0,spl+lines,templ,7.294441666666666,"5,7",44283.0,0.0108630866347807
32265,3.537530019411128,-30.37016699117356,0.0,,,,3,1,1,0.0,0.0,0.0,0.0,0.0,fixed,fixed,14.094689999999998,"3,5,6,7",44489.0,0.002618221364902
32305,3.52838591651595,-30.36841319099102,3.231166,3.223808708430094,3.228534093458864,3.233144671619109,3,1,0,1.0,0.0,0.0,0.0,0.0,manual/spl+lines,manual/spl+lines,6.800248333333332,"3,4",44473.0,0.0035597908176816
32310,3.603195333128175,-30.36829953343136,5.080616,5.074343179946126,5.080929866289801,5.087516552633476,3,1,0,1.0,0.0,0.0,0.0,0.0,spl+lines,templ,7.002664999999999,"2,6",44477.0,0.0075829954634254
32575,3.549918341407495,-30.36792481386499,2.253743,2.250793998782804,2.2543952836535914,2.258066079679144,3,1,0,1.0,0.0,0.0,0.0,0.0,spl+lines,templ,4.376664999999999,6,44781.0,0.0011989028878182
32921,3.586493340018857,-30.3703920542622,3.791799,3.787861519436434,3.793053215254608,3.7982449110727816,3,1,1,1.0,0.0,0.0,0.0,0.0,spl+lines,templ,4.376664999999999,4,45120.0,0.0147308422300313
33157,3.540782270324589,-30.36843673476909,0.778385,0.7761691729768018,0.7780952783627354,0.7800212623416873,3,1,1,1.0,0.0,0.0,0.0,0.0,spl+lines,templ,4.376664999999999,6,45334.0,0.01206085399211
33251,3.604372280740574,-30.36666358625502,2.088476,2.0714206620967355,2.084533392516973,2.091691561266547,2,1,1,0.0,0.0,0.0,1.0,0.0,templ,templ,7.294441666666666,"5,7",45470.0,0.0157436410773682
33373,3.594637842915118,-30.36640370338478,3.881272,3.8798918847436856,3.8851833732690566,3.890474861794428,3,1,0,1.0,0.0,0.0,0.0,0.0,spl+lines,templ,7.002664999999999,"2,6",45583.0,0.0028443992653086
33437,3.546419625357212,-30.36624398147922,0.0,,,,3,1,0,0.0,0.0,0.0,0.0,0.0,fixed,fixed,14.094689999999998,"3,5,6,7",45661.0,0.006546878450919
33586,3.587360090758888,-30.36649686265491,5.728861,5.723549838610309,5.730840489235591,5.738131139863362,3,1,1,1.0,0.0,0.0,0.0,0.0,spl+lines,templ,2.423583333333333,3,45830.0,0.018161706354555
33673,3.600113527958513,-30.36581355252957,6.774164,6.767876752840828,6.776299814596082,6.784722876351335,3,1,0,1.0,0.0,0.0,0.0,0.0,spl+lines,templ,7.294441666666666,"5,7",45905.0,0.0037358526793216
33744,3.607382681944373,-30.36582089709066,0.202951,0.1976813675696169,0.2029938823061166,0.2096270120541202,2,1,1,0.0,0.0,0.0,0.0,1.0,templ,templ,2.423583333333333,3,45961.0,0.0034539795791532
34026,3.61746137134869,-30.36720800331858,2.847816,2.8463642264546447,2.8505350139739978,2.854718215028851,3,1,1,1.0,0.0,0.0,0.0,0.0,spl+lines,templ,6.800248333333332,"3,6",46264.0,0.0051257250866876
34064,3.548302139693425,-30.36519949551672,3.908193,3.90317456061992,3.908491295608768,3.913808030597616,3,1,1,1.0,0.0,0.0,0.0,0.0,spl+lines,templ,14.094689999999998,"3,5,6,7",46297.0,0.0012444726069891
34114,3.543021398958145,-30.36525817461086,1.576433,1.5583867008482597,1.5611608758076116,1.5639350507669636,3,1,1,1.0,0.0,0.0,0.0,0.0,spl+lines,templ,4.376664999999999,6,46339.0,0.0060438214689387
34138,3.612379571489302,-30.36503987176917,2.835523,2.829171771130584,2.8344190378088308,2.8389870401897657,3,1,0,1.0,0.0,0.0,0.0,0.0,spl+lines,templ,2.6259999999999994,2,46368.0,0.0029757036725328
34265,3.607180703847201,-30.36481663770747,6.351511,6.348277006459394,6.3562450771419625,6.364213147824531,3,1,0,1.0,0.0,0.0,0.0,0.0,spl+lines,templ,2.6259999999999994,2,46529.0,0.0052235214753437
34310,3.583190974721729,-30.36618680941115,2.585887,2.581336536099179,2.585219942050379,2.5891033480194574,3,1,1,1.0,0.0,0.0,0.0,0.0,spl+lines,templ,4.376664999999999,4,46581.0,0.0218962144076417
34495,3.600256972680903,-30.36428822043922,5.667906,5.659848022543355,5.667069598394693,5.674291174246031,3,1,0,1.0,0.0,0.0,0.0,0.0,spl+lines,templ,5.0495833333333335,"2,3",46798.0,0.0073998728482915
34506,3.531631600827036,-30.36427182580553,1.612234,1.6202389392642234,1.623990124668312,1.6270159351394966,3,1,1,1.0,0.0,0.0,0.0,0.0,spl+lines,templ,2.423583333333333,3,46804.0,0.0032250725635071
34579,3.529660301295419,-30.3648360416567,2.50085,2.497110530631089,2.500902606497082,2.5046946823630742,3,1,1,1.0,0.0,0.0,0.0,0.0,spl+lines,templ,2.423583333333333,3,46937.0,0.0128299746496044
34605,3.530556846876181,-30.36596643350503,3.255047,3.250722059480795,3.2553313105735504,3.2599405616663057,3,1,1,1.0,0.0,0.0,0.0,0.0,spl+lines,templ,4.376664999999999,4,46961.0,0.0115585919971998
34695,3.588637702819949,-30.3639785984301,1.626304,1.5996379125774738,1.6244380505296248,1.63035820275551,2,1,0,0.0,0.0,0.0,1.0,0.0,templ,templ,2.423583333333333,3,47003.0,0.0096365624328284
34777,3.528941229844678,-30.36381533927931,2.563623,2.5591349990148577,2.565522205074636,2.577508662240652,2,1,0,0.0,0.0,0.0,1.0,0.0,templ,templ,4.376664999999999,4,47082.0,0.0026528070114811
34878,3.554092944266401,-30.36362309241883,5.774095,5.766355863714565,5.773692930858073,5.781029998001581,3,1,1,1.0,0.0,0.0,0.0,0.0,spl+lines,templ,7.294441666666666,"5,7",47184.0,0.0090529924545832
34909,3.602969570691482,-30.36360877464881,0.241944,0.2409766002423069,0.2423541286948407,0.2437151164680321,2,1,0,0.0,0.0,0.0,0.0,1.0,templ,templ,7.294441666666666,"5,7",47212.0,0.0037124880163734
34976,3.549098799805949,-30.36332289078268,2.313171,2.308206585765012,2.311794972022652,2.31538221392405,3,1,0,1.0,0.0,0.0,0.0,0.0,spl+lines,templ,4.376664999999999,6,47301.0,0.0071035920634467
35076,3.605366024844371,-30.36314978148766,4.798539,4.789723886144705,4.796010178587137,4.803609705178261,3,1,1,1.0,0.0,0.0,0.0,0.0,spl+lines,templ,2.423583333333333,3,47875.0,0.0120349790804657
35113,3.612512384507468,-30.36308992065051,2.341454,2.330756299496464,2.335547548830003,2.3403793067065086,3,1,0,1.0,0.0,0.0,0.0,0.0,spl+lines,templ,2.6259999999999994,2,47433.0,0.0011455519613101
35123,3.591928729950257,-30.36306885803072,6.254383,6.244093628094552,6.251948728006631,6.25980382791768,3,1,0,1.0,0.0,0.0,0.0,0.0,spl+lines,templ,2.423583333333333,3,47443.0,0.0092308311089422
35401,3.588951602408107,-30.36303001246324,2.4991,2.4915664143742418,2.4953524785043437,2.499138542633141,3,1,1,1.0,0.0,0.0,0.0,0.0,spl+lines,templ,4.376664999999999,4,47781.0,0.0109442011643347
35426,3.532610169727253,-30.36340130778234,1.155187,1.1550640169527164,1.1606159916725634,1.1635613361901065,2,1,1,0.0,0.0,0.0,1.0,0.0,templ,templ,4.376664999999999,4,47763.0,0.0199269557348963
35436,3.534222639371892,-30.36552595681587,2.303907,2.292497070396372,2.296067274589274,2.299637478782176,3,1,1,1.0,0.0,0.0,0.0,0.0,spl+lines,templ,2.423583333333333,3,47771.0,0.0369029888073356
35492,3.594310427913879,-30.36251657068431,5.670385,5.65920835404624,5.670532808223947,5.6805480763244445,3,1,1,1.0,0.0,0.0,0.0,0.0,manual/spl+lines,manual/spl+lines,7.002664999999999,"2,4",47841.0,0.0006226788174156
35516,3.600600453820034,-30.36271684333974,2.496652,2.4915664143736342,2.4953524785024297,2.499138542631225,3,1,1,1.0,0.0,0.0,0.0,0.0,spl+lines,templ,14.094689999999998,"3,5,6,7",47891.0,0.0062255891130238
35542,3.534151290710487,-30.36247994760748,0.285281,0.279689273543085,0.2858450671988289,0.300075207534354,2,1,0,0.0,0.0,0.0,0.0,1.0,templ,templ,4.376664999999999,4,47896.0,0.0012424941144511
35585,3.558938591647417,-30.36242712493549,4.281477,4.274408101680007,4.280127382067225,4.2858466624544445,3,1,1,1.0,0.0,0.0,0.0,0.0,spl+lines,templ,7.294441666666666,"5,7",47943.0,0.0123854483068066
35738,3.613165668447987,-30.36217977922291,5.842176,5.831076451254234,5.83848373665449,5.845890983314145,3,1,0,1.0,0.0,0.0,0.0,0.0,spl+lines,templ,11.671106666666663,"5,6,7",48078.0,0.0019308632989404
35796,3.591943712196029,-30.36207078797736,2.301926,2.316644123085517,2.320995756779011,2.3259886646260424,3,1,1,1.0,0.0,0.0,0.0,0.0,spl+lines,templ,4.376664999999999,4,48188.0,0.0087598533408653
35849,3.609666988873312,-30.36202553339319,1.997497,1.9907139690210505,1.9970727290203312,2.006571744799581,2,1,0,0.0,0.0,0.0,1.0,0.0,templ,templ,4.376664999999999,6,48233.0,0.0071445127664579
35973,3.549187536849705,-30.36186053855397,2.589834,2.586993220212913,2.5908827599637174,2.594792775140622,3,1,0,1.0,0.0,0.0,0.0,0.0,spl+lines,templ,11.671106666666663,"5,6,7",48327.0,0.003521330629536
35992,3.586629326408839,-30.36181441666599,1.41688,1.3791947758894398,1.4157536192211455,1.4218165776944724,2,1,0,0.0,0.0,0.0,1.0,0.0,templ,templ,4.376664999999999,4,48347.0,0.0048984897251102
36282,3.601415002455688,-30.36146626572321,0.314659,0.3099705563740711,0.3157182338646099,0.3206248490221393,2,1,1,0.0,0.0,0.0,0.0,1.0,templ,templ,7.294441666666666,"5,7",48647.0,0.0025927186471619
36334,3.599456230148821,-30.36124972234967,0.259957,0.2505541223892436,0.2551767045952062,0.260502371163153,2,1,0,0.0,0.0,0.0,0.0,1.0,templ,templ,4.376664999999999,4,48698.0,0.0057894118183239
36678,3.59479913773713,-30.36072884931821,3.004048,2.995723060510969,3.000163984961279,3.004496846229465,3,1,0,1.0,0.0,0.0,0.0,0.0,spl+lines,templ,2.423583333333333,3,49070.0,0.0028968657016732
36689,3.54777932025955,-30.36282392787126,1.859669,1.8543731729062207,1.8574682994476064,1.860563425988992,3,1,1,1.0,0.0,0.0,0.0,0.0,spl+lines,templ,7.294441666666666,"5,7",49023.0,0.0007713130531733
36691,3.546526020858145,-30.36106014304124,2.013727,2.012533587203775,2.015800214269596,2.019098091545468,3,1,1,1.0,0.0,0.0,0.0,0.0,spl+lines,spl+lines,7.294441666666666,"5,7",49024.0,0.0090185479590645
36755,3.600330212871877,-30.36068623407005,6.252933,6.244093628094072,6.25194872800512,6.259803827916167,3,1,0,1.0,0.0,0.0,0.0,0.0,spl+lines,templ,11.176913333333331,"3,4,6",49139.0,0.0105316105467434
36857,3.582829450604097,-30.36029629501599,6.764063,6.755562011452439,6.763971719773991,6.772381428095543,3,1,0,1.0,0.0,0.0,0.0,0.0,spl+lines,templ,4.376664999999999,4,49245.0,0.0009026772585117
37005,3.602208000625025,-30.35999730062787,3.895449,3.895401349299812,3.900709655444519,3.9060179634196697,3,1,1,1.0,0.0,0.0,0.0,0.0,spl+lines,templ,7.002664999999999,"2,6",49401.0,0.001110573350874
37056,3.52712034914978,-30.36017815272822,5.033975,5.026346136125027,5.032880966724772,5.039415607898129,3,1,0,1.0,0.0,0.0,0.0,0.0,spl+lines,templ,4.376664999999999,4,49457.0,0.0096188599213389
37126,3.590110771951833,-30.35974219091935,10.119248,10.11816269479749,10.130493029365049,10.14274996681338,2,1,0,0.0,0.0,0.0,1.0,0.0,templ,templ,4.376664999999999,4,49514.0,0.0018915303883926
37169,3.604592241705081,-30.35965346383699,3.592874,3.5874018979172178,3.5929307504042662,3.5979056897395734,3,1,1,1.0,0.0,0.0,0.0,0.0,spl+lines,templ,9.920441666666663,"2,5,7",49557.0,0.0018298208767876
37187,3.531233474859032,-30.36078648729006,0.23971,0.2389951210840986,0.2403386197970405,0.2416821185099823,2,1,1,0.0,0.0,0.0,0.0,1.0,templ,templ,4.376664999999999,4,50999.0,0.0204080831826338
37206,3.602916724913664,-30.35961392787175,2.689186,2.6850896910902944,2.6890856013022253,2.693081511514156,3,1,0,1.0,0.0,0.0,0.0,0.0,spl+lines,templ,8.753329999999998,"4,6",49587.0,0.0043359726836332
37504,3.610603503506573,-30.35896482285579,6.561018,6.549174844868001,6.557364005354941,6.565549922210224,3,1,0,1.0,0.0,0.0,0.0,0.0,spl+lines,templ,11.671106666666663,"5,6,7",49872.0,0.0008412069795592
37753,3.524153427672907,-30.35877050165959,4.699656,4.69178134389332,4.6979532010535765,4.704125058213833,3,1,1,1.0,0.0,0.0,0.0,0.0,spl+lines,templ,4.376664999999999,4,50127.0,0.1500108835632796
37775,3.538197099484689,-30.35855118695167,3.156635,3.1490984694895574,3.1538858811449346,3.159549386370943,3,1,0,1.0,0.0,0.0,0.0,0.0,spl+lines,templ,2.423583333333333,3,50146.0,0.0103065337676093
37844,3.570830536235141,-30.35860582412118,0.254927,0.2526066334216877,0.2540566795225659,0.2555067799207512,2,1,0,0.0,0.0,0.0,0.0,1.0,templ,templ,4.376664999999999,4,50215.0,0.0017061925412667
38054,3.538483091675639,-30.35795380394177,3.898386,3.8952760051980673,3.900584230692289,3.905977601464336,3,1,1,1.0,0.0,0.0,0.0,0.0,spl+lines,templ,4.376664999999999,4,50430.0,0.0052661850155543
38059,3.605254866904467,-30.35794114836597,7.589203,7.584452032568439,7.593760544013676,7.603069061403555,3,1,0,1.0,0.0,0.0,0.0,0.0,spl+lines,templ,5.0495833333333335,"2,3",50437.0,0.0027747769688952
38108,3.530008614510292,-30.35801311552825,4.961999,4.959786539132062,4.966249006504356,4.972711473876649,3,1,0,1.0,0.0,0.0,0.0,0.0,spl+lines,templ,4.376664999999999,4,50494.0,0.0024292134165512
38163,3.599024167062871,-30.35971994492639,1.360104,1.3557841980803178,1.3583386819391436,1.3608931657979697,3,1,0,1.0,0.0,0.0,0.0,0.0,spl+lines,templ,2.6259999999999994,2,49932.0,0.015394200633267
38248,3.610133367539723,-30.35760707985218,6.554216,6.549173332287842,6.557359243985748,6.565545155683655,3,1,0,1.0,0.0,0.0,0.0,0.0,spl+lines,templ,7.294441666666666,"5,7",50617.0,0.0040298202323004
38335,3.541383112541549,-30.35743501482807,6.231206,6.221143105409992,6.228973324729987,6.236803538352536,3,1,0,1.0,0.0,0.0,0.0,0.0,spl+lines,templ,2.423583333333333,3,50740.0,0.0006602369427269
38369,3.536258302196468,-30.36038064827926,1.891395,1.888629145709692,1.8914682503118372,1.893839521235038,3,1,1,1.0,0.0,0.0,0.0,0.0,manual/spl+lines,manual/spl+lines,2.423583333333333,3,50714.0,0.0193495322940089
38458,3.55219065634526,-30.35762574731501,1.861672,1.8634009994331333,1.8665384480493927,1.8696828141245443,3,1,1,1.0,0.0,0.0,0.0,0.0,spl+lines,templ,7.294441666666666,"5,7",50836.0,0.0039371849683398
38475,3.606601050373981,-30.35734610005801,2.403409,2.3947568674841606,2.401251272545175,2.407377222743825,2,1,1,0.0,0.0,0.0,1.0,0.0,templ,templ,5.0495833333333335,"2,3",50849.0,0.0077115668799173
38607,3.532560160480609,-30.35872536211338,2.493506,2.491566397945651,2.4953524620696825,2.4991385374171564,3,1,1,1.0,0.0,0.0,0.0,0.0,spl+lines,templ,4.376664999999999,4,50996.0,0.0066036175469835
38669,3.598059836625809,-30.35699585994587,5.207796,5.200932381478943,5.207656334246376,5.214380287013809,3,1,0,1.0,0.0,0.0,0.0,0.0,spl+lines,templ,4.376664999999999,4,51076.0,0.0042201582541768
38693,3.60531993720437,-30.35698043069766,2.353839,2.350464070847625,2.3540971312933423,2.357730191739007,3,1,1,1.0,0.0,0.0,0.0,0.0,spl+lines,templ,16.047771666666662,"4,5,6,7",51102.0,0.0068833672131951
38744,3.575084460319732,-30.35707722978458,0.310852,0.3075344697284167,0.3095256605721486,0.3110692580065071,2,1,1,0.0,0.0,0.0,0.0,1.0,templ,templ,8.753329999999998,"4,6",51165.0,0.0128205181655844
38766,3.513563315910684,-30.35679962823883,12.190246,12.181993032422188,12.206281445706225,12.402632655294507,2,1,1,0.0,0.0,0.0,1.0,0.0,templ,templ,4.376664999999999,4,51183.0,0.0085201621297592
38987,3.609138843342225,-30.35684000950778,1.062268,1.0585779312311172,1.0608222274711945,1.063054450650424,3,1,1,1.0,0.0,0.0,0.0,0.0,spl+lines,templ,7.002664999999999,"2,6",51405.0,0.0073563226917935
39243,3.513892074566507,-30.35602383838864,0.0,,,,3,1,0,0.0,0.0,0.0,0.0,0.0,fixed,fixed,4.376664999999999,4,51651.0,0.004960396408152
39369,3.571513657343051,-30.35610390949944,2.436336,2.4311587855140666,2.434880655257953,2.4386012180668684,3,1,0,1.0,0.0,0.0,0.0,0.0,spl+lines,templ,8.753329999999998,"4,6",51789.0,0.0003910517811295
39408,3.538710548689325,-30.35570719805588,2.319804,2.3124455395286048,2.316072773728548,2.320306305682366,3,1,0,1.0,0.0,0.0,0.0,0.0,spl+lines,templ,4.376664999999999,4,51829.0,0.0032034083896291
39646,3.589375407700017,-30.35540328112234,2.690189,2.6923824268308043,2.700239437755894,2.711909653438662,2,1,0,0.0,0.0,0.0,1.0,0.0,templ,templ,4.376664999999999,4,52056.0,0.0055426682421552
39744,3.547242081951557,-30.35640978195318,2.186445,2.179554411658985,2.183002146996317,2.18644988233195,3,1,0,1.0,0.0,0.0,0.0,0.0,spl+lines,templ,2.423583333333333,3,52140.0,0.0055031304783999
39855,3.544342540547786,-30.35586861411156,2.186126,2.184603096750525,2.188056306604825,2.1915095164591256,3,1,1,1.0,0.0,0.0,0.0,0.0,spl+lines,templ,2.423583333333333,3,52257.0,0.0194624529918169
40074,3.541322786854551,-30.35454971943085,5.021919,5.016792228248502,5.023316509479988,5.029840790711475,3,1,0,1.0,0.0,0.0,0.0,0.0,spl+lines,templ,4.376664999999999,4,52481.0,0.0107807152202159
40242,3.57088584337454,-30.35437330357962,3.896917,3.89540135197907,3.900709658124554,3.906017964270045,3,1,1,1.0,0.0,0.0,0.0,0.0,spl+lines,templ,4.376664999999999,4,52632.0,0.003950387454182
40362,3.599279796577219,-30.3540501374427,5.666572,5.659848021559761,5.66706959741082,5.674291173933853,3,1,0,1.0,0.0,0.0,0.0,0.0,spl+lines,templ,2.423583333333333,3,52791.0,0.0032404021903852
40411,3.579907628503514,-30.35699315178414,3.21608,3.21052009862099,3.2152314654335408,3.2197972835319124,3,1,1,1.0,0.0,0.0,0.0,0.0,spl+lines,templ,4.376664999999999,4,,
40777,3.567145723626258,-30.35333581707079,2.411587,2.397205187593256,2.4090946321240843,2.4202481295569918,2,1,0,0.0,0.0,0.0,1.0,0.0,templ,templ,4.376664999999999,6,53191.0,0.0015317194839577
41033,3.528986932192909,-30.35275803659545,3.994343,3.989497715270657,3.994908491539058,4.000319715491623,3,1,1,1.0,0.0,0.0,0.0,0.0,spl+lines,templ,4.376664999999999,4,53459.0,0.0040027608208579
41216,3.533301413683919,-30.35498934942069,0.254927,0.25283234555848,0.25419084876566,0.2555493519728401,2,1,1,0.0,0.0,0.0,0.0,1.0,templ,templ,4.376664999999999,4,54243.0,0.0144381956676032
41225,3.533996360109116,-30.35330846833722,6.768724,6.7678767528386095,6.776299814593862,6.784722876350631,3,1,0,1.0,0.0,0.0,0.0,0.0,spl+lines,templ,4.376664999999999,4,53157.0,0.0062486050226146
41274,3.56819094109948,-30.35228808252373,5.620732,5.617715798371098,5.624891688337224,5.632067578349802,3,1,1,1.0,0.0,0.0,0.0,0.0,spl+lines,templ,6.800248333333332,"3,6",53669.0,0.0028335962262745
41455,3.575750637062835,-30.35222561191614,0.23612,0.2294965062637214,0.2351191885578147,0.2410311530982333,2,1,1,0.0,0.0,0.0,0.0,1.0,templ,templ,4.376664999999999,4,53839.0,0.017147599475615
41657,3.578394124191803,-30.3528961507991,0.30771,0.2919063909925998,0.3020536439954066,0.3096720062097647,2,1,1,0.0,0.0,0.0,0.0,1.0,templ,templ,7.294441666666666,"5,7",54060.0,0.1280056868118831
41744,3.517614726162668,-30.35145109747492,3.974903,3.973691221042307,3.979084420450508,3.984477619858709,3,1,0,1.0,0.0,0.0,0.0,0.0,spl+lines,templ,4.376664999999999,4,54151.0,0.0001217320103205
41851,3.578862543780475,-30.35132377775824,0.208135,0.2060505434560036,0.2080729020638833,0.2097900762323791,2,1,0,0.0,0.0,0.0,0.0,1.0,templ,templ,4.376664999999999,6,54259.0,0.0117330480920745
41913,3.597077644611595,-30.3510926399905,1.680507,1.6788566994788574,1.681772881426289,1.6846779616198069,3,1,0,1.0,0.0,0.0,0.0,0.0,spl+lines,templ,4.376664999999999,4,54352.0,0.0140400573945561
41916,3.519390286892957,-30.35115013105053,5.021316,5.016792228248502,5.023316509479988,5.029840790711475,3,1,0,1.0,0.0,0.0,0.0,0.0,spl+lines,templ,4.376664999999999,4,54355.0,0.0012107626217891
41964,3.575268563070321,-30.35105368196042,3.69222,3.6901195055099296,3.695205215227462,3.700290930717369,3,1,1,1.0,0.0,0.0,0.0,0.0,spl+lines,templ,4.376664999999999,4,54381.0,0.0077516645740873
42041,3.581923147516579,-30.35180436128502,2.246267,2.2406705389378363,2.244184545267548,2.247698551597259,3,1,1,1.0,0.0,0.0,0.0,0.0,spl+lines,templ,4.376664999999999,4,,
42156,3.538101683954999,-30.35070945910832,3.477236,3.472139367385961,3.4770530831034243,3.481902496770545,3,1,0,1.0,0.0,0.0,0.0,0.0,spl+lines,templ,4.376664999999999,4,54571.0,0.0037438424023187
42203,3.563828462671671,-30.36763464399957,1.324502,1.322384047781152,1.3249023143392202,1.3274205808972883,3,1,1,1.0,0.0,0.0,0.0,0.0,spl+lines,templ,11.671106666666663,"5,6,7",54614.0,0.0658822916747373
42213,3.563478822759592,-30.3701042902041,1.860813,1.8589055159393104,1.8620055571062075,1.8651055982731048,3,1,0,1.0,0.0,0.0,0.0,0.0,spl+lines,templ,11.671106666666663,"4,5,7",54625.0,0.0157238599039375
42238,3.562698647843957,-30.36562486736085,1.327759,1.326071666926059,1.328593932137141,1.3311161973482228,3,1,0,1.0,0.0,0.0,0.0,0.0,spl+lines,templ,4.376664999999999,6,54643.0,0.0137284560327035
42244,3.560916329460413,-30.36665397601377,2.319473,2.3134590199054905,2.317051954092811,2.3206448882801305,3,1,1,1.0,0.0,0.0,0.0,0.0,spl+lines,templ,7.294441666666666,"5,7",54664.0,0.0154429844151595
42280,3.562646954813941,-30.36874215524301,2.996847,2.995670680947004,3.000003368301227,3.0043361092679604,3,1,1,1.0,0.0,0.0,0.0,0.0,spl+lines,templ,4.376664999999999,6,,
42328,3.581659016432357,-30.35060069520608,5.666573,5.659848022543355,5.667069598394693,5.674291174246031,3,1,0,1.0,0.0,0.0,0.0,0.0,spl+lines,templ,4.376664999999999,4,54761.0,0.0044436955505733
42360,3.571637384537469,-30.35075373171117,1.529461,1.5261188273805235,1.528858012819029,1.5315971987990342,3,1,1,1.0,0.0,0.0,0.0,0.0,spl+lines,templ,8.753329999999998,"4,6",54804.0,0.0014104590481678
42422,3.561702883346216,-30.3504618859921,3.782224,3.7802711214047298,3.785454586609391,3.790638051814052,3,1,1,1.0,0.0,0.0,0.0,0.0,spl+lines,templ,2.423583333333333,3,54864.0,0.0055322355813802
42489,3.523296852564072,-30.35023272502571,3.681908,3.682249719623353,3.68732689576772,3.692692937995096,3,1,1,1.0,0.0,0.0,0.0,0.0,spl+lines,templ,4.376664999999999,4,54974.0,0.0074341084520103
42644,3.588418495868178,-30.34991720319647,5.013494,5.007253554729967,5.013767492744573,5.020281430758902,3,1,1,1.0,0.0,0.0,0.0,0.0,spl+lines,templ,4.376664999999999,4,55118.0,0.0049844736458385
43078,3.568650772812348,-30.34918530975187,1.347864,1.3445977801303166,1.3471401340484124,1.3496824879659162,3,1,0,1.0,0.0,0.0,0.0,0.0,spl+lines,templ,4.376664999999999,6,55574.0,0.0060227299001915
43158,3.579180079255826,-30.34916325173185,0.2458,0.2409724082188131,0.2511724595116037,0.2532324584995983,2,1,1,0.0,0.0,0.0,0.0,1.0,templ,templ,7.294441666666666,"5,7",55661.0,0.0048686608671715
43197,3.593125936253167,-30.3488530200051,3.79084,3.787788635635653,3.792980255445442,3.798221558103236,3,1,0,1.0,0.0,0.0,0.0,0.0,spl+lines,templ,4.376664999999999,4,55712.0,0.0049655400906473
43239,3.576038833016646,-30.34966522656748,0.172194,0.1702100251481249,0.1714793812750137,0.1727487374018278,2,1,1,0.0,0.0,0.0,0.0,1.0,templ,templ,7.294441666666666,"5,7",56010.0,0.0988144981204791
43311,3.563818351595278,-30.34873405359645,3.290511,3.2845771400171166,3.28922310242733,3.2938690685998826,3,1,0,1.0,0.0,0.0,0.0,0.0,spl+lines,templ,7.294441666666666,"5,7",55788.0,0.0022491446978259
43388,3.566053322346358,-30.34854295118942,3.801391,3.795487245812157,3.8007365093562058,3.8059365275254873,3,1,0,1.0,0.0,0.0,0.0,0.0,spl+lines,templ,7.294441666666666,"5,7",55908.0,0.006245212713252
43497,3.574647123264998,-30.34853652628033,1.026637,1.0261687240907822,1.0283658646537222,1.0305629315917373,2,1,1,0.0,1.0,0.0,0.0,0.0,manual/templ,manual/templ,4.376664999999999,6,56018.0,0.0039448154220787
43514,3.583505989235473,-30.34836066302626,3.973908,3.9658062193777206,3.9711908687220663,3.97657551806465,3,1,0,1.0,0.0,0.0,0.0,0.0,spl+lines,templ,4.376664999999999,4,56038.0,0.0034819483460778
43709,3.575939430037462,-30.34802820207057,6.726886,6.718734801994929,6.727104576899744,6.735474351804558,3,1,1,1.0,0.0,0.0,0.0,0.0,spl+lines,templ,8.753329999999998,"4,5",56223.0,0.0129815115158511
43842,3.564845462577069,-30.3476294183227,4.312199,4.3079880484359165,4.313743741085362,4.319499433734806,3,1,0,1.0,0.0,0.0,0.0,0.0,spl+lines,templ,2.423583333333333,3,56364.0,0.0053279235631008
44387,3.563346090589764,-30.34651683482088,2.580053,2.574728535382739,2.579466353620921,2.584256961204921,2,1,0,0.0,0.0,0.0,1.0,0.0,templ,templ,4.376664999999999,6,56896.0,0.0051321763586655
44394,3.573319873590545,-30.34652003820094,1.379232,1.3363499814129656,1.3435437906982697,1.379006693176016,2,1,0,0.0,0.0,0.0,1.0,0.0,templ,templ,2.9177766666666662,7,56904.0,0.0008953709018494
44472,3.583433825682449,-30.34651255690972,2.443905,2.323989964602754,2.3275943179901906,2.331198687133196,3,1,1,1.0,0.0,0.0,0.0,0.0,spl+lines,templ,7.294441666666666,"5,7",56988.0,0.0115950295058727
44493,3.593160882975037,-30.34647500036664,5.681066,5.670593161087615,5.679598286877197,5.687269137578833,3,1,0,1.0,0.0,0.0,0.0,0.0,manual/spl+lines,manual/spl+lines,4.376664999999999,4,57009.0,0.0049588525148964
44644,3.582911844334689,-30.34600599328564,3.657494,3.52656957435812,3.658067345525111,3.70515797397852,2,1,1,0.0,0.0,0.0,1.0,0.0,templ,templ,8.753329999999998,"4,6",57156.0,0.0051363026195775
44755,3.581993206619945,-30.34624275687531,3.696915,3.6901195139590897,3.695205223679078,3.7002909333990655,3,1,1,1.0,0.0,0.0,0.0,0.0,spl+lines,templ,11.671106666666663,"5,6,7",57248.0,0.0010005504038251
44984,3.567898263107428,-30.34518142340613,4.466321,4.461763182659188,4.467685620674605,4.473608058690023,3,1,0,1.0,0.0,0.0,0.0,0.0,spl+lines,templ,11.671106666666663,"5,6,7",57501.0,0.0026007641159439
45092,3.566919926483153,-30.34727124202078,3.459809,3.4579403964495024,3.4627743438015632,3.467608291153624,3,1,0,1.0,0.0,0.0,0.0,0.0,spl+lines,templ,7.294441666666666,"5,7",57618.0,0.011940477034919
45097,3.567461400372616,-30.34583301897544,3.458917,3.450873562169385,3.4557009759551867,3.4605272616409533,3,1,1,1.0,0.0,0.0,0.0,0.0,spl+lines,templ,7.294441666666666,"5,7",57622.0,0.0123663738820426
45099,3.565937712912368,-30.34570400635107,1.034149,1.033897279075778,1.036611375637294,1.0394355177969172,2,1,1,0.0,0.0,0.0,1.0,0.0,templ,templ,2.423583333333333,3,57624.0,0.0230293082898421
45209,3.555937584577315,-30.34475130672644,3.000846,2.995670759418721,3.000003446796637,3.0043361341745536,3,1,0,1.0,0.0,0.0,0.0,0.0,spl+lines,templ,2.423583333333333,3,57703.0,0.0026246813516096
45570,3.578343677815771,-30.34696412478411,3.692221,3.690119513959088,3.6952052236790767,3.700290933399066,3,1,1,1.0,0.0,0.0,0.0,0.0,spl+lines,templ,4.376664999999999,4,58018.0,0.0150806788706944
45576,3.57835068456424,-30.34561589362534,4.305297,4.299636160140222,4.305513760859882,4.311260548067029,3,1,1,1.0,0.0,0.0,0.0,0.0,spl+lines,templ,4.376664999999999,4,58022.0,0.0082879797464797
45889,3.56712988564632,-30.34342503257744,1.853019,1.8539676482844352,1.877193785558287,1.8861088889744888,2,1,0,0.0,0.0,0.0,1.0,0.0,templ,templ,7.294441666666666,"5,7",58404.0,0.0023659633111194
45924,3.584760065466972,-30.34362752753509,4.466714,4.461763182659188,4.467685620674605,4.473608058690023,3,1,1,1.0,0.0,0.0,0.0,0.0,manual/spl+lines,manual/spl+lines,16.047771666666662,"4,5,6,7",58453.0,0.0072745376676371
46151,3.586117577214089,-30.34363139039135,2.391179,2.386223399518397,2.391291407746168,2.3968265282269083,2,1,1,0.0,0.0,0.0,1.0,0.0,templ,templ,11.671106666666663,"4,5,7",58685.0,0.0084015579817457
46310,3.577179511301788,-30.34261363630498,1.602253,1.599301757289996,1.6021202985883876,1.604938858856197,2,1,1,0.0,0.0,0.0,1.0,0.0,templ,templ,2.423583333333333,3,58856.0,0.0005182132446544
46491,3.555492450783238,-30.34201140693182,3.747441,3.7424992514261537,3.747641760193044,3.752784267644098,3,1,1,1.0,0.0,0.0,0.0,0.0,spl+lines,templ,2.423583333333333,3,59038.0,0.0034941274323273
46523,3.56869977346322,-30.34189065598298,4.003842,3.997421427231924,4.002840358381057,4.008259289530191,3,1,0,1.0,0.0,0.0,0.0,0.0,spl+lines,templ,7.294441666666666,"6,7",59066.0,0.0030093999693059
46702,3.558483375931619,-30.34165190511789,4.292051,4.291171436108553,4.296908893741061,4.3026463513735695,3,1,0,1.0,0.0,0.0,0.0,0.0,spl+lines,templ,2.423583333333333,3,59260.0,0.0061914174585338
46730,3.574246586708567,-30.34152384509764,0.3372,0.336369214479503,0.3389587563520903,0.3435126929244726,2,1,1,0.0,0.0,0.0,0.0,1.0,templ,templ,7.294441666666666,"5,7",59286.0,0.0067347720075807
46758,3.563005571771961,-30.34147920917394,3.456688,3.450873036235908,3.4556993201281303,3.460525604020353,3,1,0,1.0,0.0,0.0,0.0,0.0,spl+lines,templ,2.423583333333333,3,59317.0,0.0016953658913272
46937,3.5793404698907,-30.34199404219214,4.466322,4.461763182659188,4.467685620674605,4.473608058690023,3,1,1,1.0,0.0,0.0,0.0,0.0,spl+lines,templ,11.671106666666663,"5,6,7",59513.0,0.0028817325669133
46972,3.572018481938384,-30.3424956433513,4.471791,4.470435694208931,4.476367536222724,4.482299378236516,3,1,1,1.0,0.0,0.0,0.0,0.0,spl+lines,templ,14.094689999999998,"3,5,6,7",59554.0,0.0046468583051332
46973,3.572150877670315,-30.34152605386452,3.024923,3.021109521222664,3.025469793006007,3.029830064789349,3,1,1,1.0,0.0,0.0,0.0,0.0,spl+lines,templ,11.671106666666663,"5,6,7",59555.0,0.0015815129864035
46974,3.569901417488298,-30.34222465408249,2.552693,2.5436215187471998,2.548788991937977,2.554273995365787,3,1,0,1.0,0.0,0.0,0.0,0.0,spl+lines,templ,2.423583333333333,3,59556.0,0.0022055669227963
47025,3.550250119730208,-30.34080118902273,4.531759,4.522760750917837,4.528749408067296,4.534737988680351,3,1,0,1.0,0.0,0.0,0.0,0.0,spl+lines,templ,4.376664999999999,4,59614.0,0.0023130325019999
47040,3.580625483924651,-30.34125754520926,4.457583,4.453104420006385,4.4590174689319815,4.464930517857579,3,1,0,1.0,0.0,0.0,0.0,0.0,spl+lines,templ,4.376664999999999,6,59626.0,0.0014026824320106
47271,3.567194328660442,-30.34153590273758,1.837998,1.8345008989384253,1.8367838439233228,1.8389463502418844,3,1,1,1.0,0.0,0.0,0.0,0.0,manual/spl+lines,manual/spl+lines,4.376664999999999,6,59890.0,0.0118195544323258
47378,3.560137076815277,-30.33982951405244,1.25806,1.2569487292203896,1.2594106570834018,1.2618961703481808,3,1,0,1.0,0.0,0.0,0.0,0.0,spl+lines,templ,2.423583333333333,3,60021.0,0.006219683885995
47584,3.589420483308963,-30.33974463176702,4.473979,4.470435694208931,4.476367536222724,4.482299378236516,3,1,0,1.0,0.0,0.0,0.0,0.0,spl+lines,templ,7.294441666666666,"5,7",60273.0,0.0070594175733806
47653,3.571397582351806,-30.33927267895291,4.416262,4.410016078520124,4.415882404799003,4.421748731077883,3,1,0,1.0,0.0,0.0,0.0,0.0,spl+lines,templ,6.800248333333332,"3,6",60340.0,0.0072591963913334
47875,3.585372873298383,-30.34093460413817,1.86654,1.8589055159393104,1.8620055571062075,1.8651055982731048,3,1,1,1.0,0.0,0.0,0.0,0.0,spl+lines,templ,16.047771666666662,"4,5,6,7",60579.0,0.0075218657618308
48006,3.521258000683432,-30.34757078985189,1.577391,1.5787629703497164,1.5815592403219956,1.5843555979655757,2,1,1,0.0,0.0,0.0,1.0,0.0,manual/templ,manual/templ,4.376664999999999,4,60833.0,0.0103756269240888
48070,3.577271729714065,-30.33835156994644,3.255778,3.195710464959254,3.2561370626370394,3.2658824705834526,2,1,0,0.0,0.0,0.0,1.0,0.0,templ,templ,7.294441666666666,"5,7",60721.0,0.0011746058535891
48208,3.563801399667385,-30.33881163844836,1.611451,1.6075629900369954,1.6103904890814111,1.613217988125948,3,1,1,1.0,0.0,0.0,0.0,0.0,spl+lines,templ,2.423583333333333,3,60948.0,0.0073911522107513
48252,3.573862355910408,-30.34051954983556,1.86732,1.8637616283237493,1.8678154319719704,1.8923214899332168,2,1,1,0.0,0.0,0.0,1.0,0.0,templ,templ,14.094689999999998,"3,5,6,7",60982.0,0.005241402528011
48262,3.556128850824283,-30.33786481981946,3.051981,3.047458447365303,3.0528228244119684,3.057212759175336,3,1,1,1.0,0.0,0.0,0.0,0.0,spl+lines,templ,4.376664999999999,4,60992.0,0.0111050179653035
48445,3.549028393647545,-30.3375016415643,1.767039,1.7668734260207146,1.797819453307491,1.837698648440846,2,1,0,0.0,0.0,0.0,1.0,0.0,templ,templ,4.376664999999999,4,61195.0,0.0047315822066834
48463,3.550858551727083,-30.33746633233278,1.010746,1.0100149108956893,1.0121945682638736,1.01447045581542,3,1,0,1.0,0.0,0.0,0.0,0.0,spl+lines,templ,4.376664999999999,4,61218.0,0.0027049695582174
48464,3.548039239968174,-30.33743089862941,3.875906,3.9788280481768536,3.9844230685797934,3.991221836287617,3,1,1,1.0,0.0,0.0,0.0,0.0,spl+lines,templ,4.376664999999999,4,61225.0,0.0052335393367435
48510,3.586106765193395,-30.33734620807059,5.633987,5.628223800143125,5.635411084467738,5.642598368738149,3,1,0,1.0,0.0,0.0,0.0,0.0,spl+lines,templ,4.376664999999999,6,61285.0,0.0098539154261989
48512,3.574890840384879,-30.33753239990904,5.795127,5.7878609662136205,5.7952213525795,5.802581738683445,3,1,0,1.0,0.0,0.0,0.0,0.0,spl+lines,templ,6.800248333333332,"3,6",61280.0,0.0037155410542968
48540,3.545614582719143,-30.33772401944714,1.647474,1.5746748771781005,1.577466714147301,1.580258551116424,3,1,1,1.0,0.0,0.0,0.0,0.0,spl+lines,templ,4.376664999999999,4,61321.0,0.010062732691593
48573,3.584987650166063,-30.33713240304541,0.205118,0.1780585929088496,0.2051194622252561,0.2142556983947295,2,1,0,0.0,0.0,0.0,0.0,1.0,templ,templ,7.294441666666666,"5,7",61356.0,0.0028004488013032
48834,3.56255164842299,-30.33684988556001,2.534974,2.524241588105424,2.528166885926276,2.53240222941111,3,1,1,1.0,0.0,0.0,0.0,0.0,spl+lines,templ,2.423583333333333,3,61646.0,0.0086427473786406
48984,3.556500649576883,-30.33589146837693,3.685655,3.675269894901725,3.6803597467781337,3.685429376309381,3,1,1,1.0,0.0,0.0,0.0,0.0,spl+lines,templ,4.376664999999999,4,61815.0,0.003467511040087
49057,3.566514474320234,-30.33601586586184,3.944648,3.942221076041284,3.94758015255452,3.9529426920400703,3,1,1,1.0,0.0,0.0,0.0,0.0,spl+lines,templ,2.423583333333333,3,61898.0,0.0015975136696906
49236,3.575115321862601,-30.33511554074772,4.409225,4.40143935272588,4.407296378871621,4.413153405016974,3,1,0,1.0,0.0,0.0,0.0,0.0,spl+lines,templ,2.423583333333333,3,62082.0,0.0033210151236264
49431,3.548054920290077,-30.33581838328604,3.7679,3.765126406394995,3.770293449496956,3.7754604925989534,3,1,0,1.0,0.0,0.0,0.0,0.0,spl+lines,templ,4.376664999999999,4,62634.0,0.0020383678683298
49545,3.557911184295238,-30.33559816722914,0.257565,0.2548928339470806,0.256408402500338,0.2578956900340708,2,1,1,0.0,0.0,0.0,0.0,1.0,templ,templ,4.376664999999999,4,62405.0,0.0173069975634373
49702,3.547714325949791,-30.33370172649842,4.874412,4.875289085441896,4.881659928385381,4.888030771335641,3,1,0,1.0,0.0,0.0,0.0,0.0,spl+lines,templ,4.376664999999999,4,62592.0,0.0023795835227157
49721,3.552666895237592,-30.33391780163697,2.511017,2.5081957591518447,2.5119998552348632,2.515824053112034,3,1,0,1.0,0.0,0.0,0.0,0.0,spl+lines,templ,4.376664999999999,4,62617.0,0.0043304926775712
49723,3.551861072039059,-30.3349071448452,2.494205,2.491566414373635,2.4953524785024324,2.4991385426312283,3,1,1,1.0,0.0,0.0,0.0,0.0,spl+lines,templ,4.376664999999999,4,62619.0,0.0012184712875748
50000,3.58097922560424,-30.33405400065976,2.123974,2.1195908794877343,2.1229735936405354,2.1263563077933365,3,1,1,1.0,0.0,0.0,0.0,0.0,spl+lines,templ,4.376664999999999,6,62937.0,0.003054185448523
50379,3.559976443700897,-30.33209503223014,1.775153,1.773995623298564,1.777003592810349,1.7800205172596837,3,1,0,1.0,0.0,0.0,0.0,0.0,spl+lines,templ,4.376664999999999,4,63343.0,0.0027164486373189
50802,3.556858323764129,-30.33084637331541,5.162643,5.152828258142037,5.1607903921310605,5.1674635810733145,3,1,0,1.0,0.0,0.0,0.0,0.0,spl+lines,templ,4.376664999999999,4,63812.0,0.0040785001494363
51076,3.553695099646515,-30.33005478898781,5.929627,5.918334523405107,5.925836387915639,5.933338252426147,3,1,0,1.0,0.0,0.0,0.0,0.0,spl+lines,templ,4.376664999999999,4,64133.0,0.0147686828036656
51398,3.575060222246004,-30.33130673480997,3.785574,3.7802711214047298,3.785454586609391,3.790638051814052,3,1,0,1.0,0.0,0.0,0.0,0.0,spl+lines,templ,2.423583333333333,3,64480.0,0.0069959541795188
51435,3.562258433860792,-30.32908799652893,3.677697,3.675260414632653,3.6803300119560056,3.685399609279359,3,1,1,1.0,0.0,0.0,0.0,0.0,spl+lines,templ,4.376664999999999,4,64528.0,0.0010224045199208
51660,3.56095117776596,-30.32932097580294,4.437427,4.436110037013021,4.442537537028433,4.448436220460564,3,1,1,1.0,0.0,0.0,0.0,0.0,spl+lines,templ,4.376664999999999,4,64792.0,0.0094827377278649
52621,3.560646611968914,-30.32610828345969,6.189387,6.186853576196185,6.194646608117826,6.202439640039467,3,1,0,1.0,0.0,0.0,0.0,0.0,spl+lines,templ,4.376664999999999,4,65886.0,0.0054248730292599
53362,3.566449472746168,-30.32439621998799,2.963415,2.9578838195746844,2.962317997777702,2.9666098686461138,3,1,0,1.0,0.0,0.0,0.0,0.0,spl+lines,templ,4.376664999999999,4,66701.0,0.0070524200286847
53845,3.560745780823197,-30.32315188086716,5.280225,5.272761855807489,5.281457048389576,5.289879557689166,3,1,1,1.0,0.0,0.0,0.0,0.0,spl+lines,templ,4.376664999999999,4,67255.0,0.0029083607000195
60010,3.547025001,-30.37529332999998,3.67289,3.665916968915365,3.671242576154189,3.677611879067099,2,1,1,0.0,0.0,0.0,1.0,0.0,templ,templ,7.294441666666666,"5,7",40373.0,0.0467087699497409
60018,3.574879169,-30.35606971999999,2.311847,2.313387178469941,2.3169800347563267,2.320621770221293,3,1,0,1.0,0.0,0.0,0.0,0.0,spl+lines,templ,8.753329999999998,"4,6",51666.0,0.0605764635766517
60040,3.554079167,-30.37987860999999,3.98985,3.981588742981065,3.986990506031188,3.9923922690813103,3,1,0,1.0,0.0,0.0,0.0,0.0,spl+lines,templ,8.753329999999998,"4,6",36027.0,0.0295396181095915
60046,3.556483332,-30.37639000000002,3.515004,3.508042132562684,3.5134864037191726,3.518375280903687,3,1,1,1.0,0.0,0.0,0.0,0.0,spl+lines,templ,8.753329999999998,"4,6",39286.0,0.0527356509414027
60053,3.552411668,-30.37398972,2.392292,2.3878823980025863,2.3915560328407643,2.3952296676789424,3,1,1,1.0,0.0,0.0,0.0,0.0,spl+lines,templ,4.376664999999999,6,40778.0,0.0362609399465647
60055,3.550452916,-30.37851332999998,2.397385,2.393261877138713,2.3969413451917605,2.4006208142627865,3,1,1,1.0,0.0,0.0,0.0,0.0,spl+lines,templ,4.376664999999999,4,37042.0,0.078268229272465
60061,3.551117917,-30.37475583000003,3.749341,3.735434756613824,3.741339404549866,3.7464845610845465,3,1,1,1.0,0.0,0.0,0.0,0.0,spl+lines,templ,7.294441666666666,"5,7",40113.0,0.0835977672239972
60067,3.545253332,-30.37469750000003,2.379089,2.371559081653101,2.3752173323841697,2.3790323205423243,3,1,1,1.0,0.0,0.0,0.0,0.0,spl+lines,templ,14.094689999999998,"3,5,6,7",41282.0,0.0892992531067123
60076,3.552054167,-30.37716139000003,2.385176,2.382498515694627,2.386166312658998,2.389842953789713,3,1,1,1.0,0.0,0.0,0.0,0.0,spl+lines,templ,4.376664999999999,4,,
60081,3.546264998,-30.37326694000001,3.477236,3.472108800616864,3.476958111413412,3.48180742220996,3,1,1,1.0,0.0,0.0,0.0,0.0,spl+lines,templ,6.800248333333332,"3,6",41302.0,0.127263187815302
60141,3.62034203,-30.38859876999999,7.127927,7.1207437117584345,7.129553885116241,7.138360590497764,2,1,0,1.0,0.0,0.0,0.0,0.0,spl+lines,templ,2.6259999999999994,2,31035.0,0.0116421270935035
60157,3.6038467,-30.38223800000003,7.880038,7.875292254057935,7.884916136764945,7.894540019471954,3,1,1,1.0,0.0,0.0,0.0,0.0,spl+lines,templ,12.344025000000002,"2,3,5,7",34541.0,0.1603105851703034
