id_msa,ra,dec,z_spec,z_spec16,z_spec50,z_spec84,flag_zspec_qual,flag_successful_spectrum,flag_potential_local_background_issue,flag_emission_lines,flag_line_and_break,flag_break_strong_abs_features_only,flag_break_only,flag_stellar_bump_only,method_best_zfit,method_zuncert,texp_tot,masks,id_DR3,sep_DR3,mu,mu_low_68,mu_high_68,mu_low_95,mu_high_95,mu_rad,mu_rad_low_68,mu_rad_high_68,mu_rad_low_95,mu_rad_high_95,mu_t,mu_t_low_68,mu_t_high_68,mu_t_low_95,mu_t_high_95,gamma1,gamma1_low_68,gamma1_high_68,gamma1_low_95,gamma1_high_95,gamma2,gamma2_low_68,gamma2_high_68,gamma2_low_95,gamma2_high_95,theta,theta_low_68,theta_high_68,theta_low_95,theta_high_95
3686,3.617202003263485,-30.42553381079773,9.318165,9.30275839636045,9.313930145473265,9.325101894586078,3,1,1,1.0,0.0,0.0,0.0,0.0,spl+lines,templ,2.6259999999999994,2,12863.0,0.0127284892090657,1.6335622,1.6220613,1.637684,1.6178712,1.6451113,0.9998962,0.9974035,1.0008084,0.9961827,1.0016849,1.6337318,1.6243298,1.6377845,1.6225444,1.6430458,-0.0052825,-0.0062165,-0.0050963,-0.0066288,-0.0047858,-0.1939322,-0.1949915,-0.1928346,-0.1959522,-0.1918272,-45.780137,-45.912658,-45.751333,-45.979697,-45.712521
7309,3.611317802661625,-30.41455737328158,6.346668,6.33339693045836,6.348374638354964,6.363111646280458,3,1,0,0.0,1.0,0.0,0.0,0.0,manual/templ,manual/templ,2.6259999999999994,2,17536.0,0.0153420802679371,2.0785094,2.0599528,2.0895958,2.0437136,2.0968665,1.0285831,1.0258141,1.0297101,1.0246986,1.0309853,2.0207505,2.006274,2.0322238,1.9927906,2.0386866,-0.0734987,-0.0744364,-0.0728657,-0.0750387,-0.0725089,-0.227074,-0.2288623,-0.2256409,-0.2295809,-0.2246619,-53.967796,-54.091462,-53.908554,-54.144421,-53.817548
8613,3.60060193250919,-30.41027142361719,6.380238,6.371631593847814,6.379624988970781,6.387618384093746,3,1,0,1.0,0.0,0.0,0.0,0.0,spl+lines,templ,2.6259999999999994,2,19120.0,0.0175560365885713,7.2056086,6.9463765,7.4450842,6.7326727,7.6483311,1.0671585,1.0593091,1.0700738,1.0530932,1.0765385,6.7521085,6.556239,6.9373553,6.3657884,7.1516478,-0.0536922,-0.0554018,-0.0511225,-0.0572745,-0.0495359,-0.390812,-0.3941959,-0.3898607,-0.397334,-0.3870895,-48.911338,-49.019628,-48.732206,-49.149969,-48.607043
8936,3.604124454272525,-30.40954777649949,6.645962,6.6239581554603255,6.636318609523333,6.655152517433513,2,1,0,0.0,0.0,0.0,1.0,0.0,templ,templ,2.6259999999999994,2,19485.0,0.033348562317479,3.3562219,3.3188871,3.3907285,3.2810177,3.4390086,1.0657826,1.0604409,1.0673702,1.0579438,1.0707137,3.149066,3.1217671,3.180963,3.1030431,3.2142044,-0.1267593,-0.1287064,-0.1258426,-0.131186,-0.123422,-0.2832956,-0.2857863,-0.282117,-0.2871032,-0.2805353,-57.052949,-57.286526,-56.895744,-57.474469,-56.708365
8943,3.614087403729256,-30.41044795973289,6.325826,6.320618889049481,6.329011639616588,6.339001462160193,3,1,0,1.0,0.0,0.0,0.0,0.0,spl+lines,templ,2.6259999999999994,2,20026.0,0.0078265588017637,2.0969157,2.0898774,2.1327911,2.072748,2.1454646,1.0288206,1.0251118,1.0296024,1.0233297,1.0309223,2.0381727,2.0313329,2.0789843,2.0182616,2.0897463,-0.130324,-0.1320517,-0.1303019,-0.1330072,-0.1295329,-0.2023373,-0.2085829,-0.2012461,-0.2111111,-0.1993888,-61.39265,-61.540419,-61.072516,-61.686471,-60.884512
10646,3.636959983509949,-30.40636155877451,8.51059,8.501931225621085,8.512234601441035,8.522537977260987,3,1,0,1.0,0.0,0.0,0.0,0.0,spl+lines,templ,2.6259999999999994,2,21390.0,0.0086114331441189,1.4066665,1.3968289,1.4099672,1.391135,1.4135852,0.9948198,0.9906403,0.9958837,0.9891467,0.9969739,1.4139912,1.4048447,1.4196614,1.3992295,1.4222335,-0.1294989,-0.1324178,-0.1280684,-0.1335842,-0.1263818,-0.0736846,-0.0749378,-0.071449,-0.0759145,-0.070655,-75.180111,-75.46732,-75.210121,-75.56027,-75.049322
10740,3.615159727040683,-30.40606642726874,6.141379,6.130084534234983,6.137855939895061,6.145587465235897,3,1,1,1.0,0.0,0.0,0.0,0.0,spl+lines,templ,2.6259999999999994,2,21524.0,0.0069536863492024,1.8575374,1.8383891,1.8670729,1.8301228,1.87569,1.0791781,1.0784424,1.0820372,1.0775616,1.0834038,1.7212519,1.7045583,1.7264728,1.6975469,1.7317426,-0.1415865,-0.1419852,-0.1404425,-0.1427626,-0.1392631,-0.0991123,-0.0989662,-0.0951681,-0.1007719,-0.0940104,-72.503745,-72.99205,-72.562047,-73.184734,-72.22542
11045,3.612434169529675,-30.40554575330742,6.331689,6.324996410390961,6.332939236865283,6.340882063339604,3,1,1,1.0,0.0,0.0,0.0,0.0,spl+lines,templ,2.6259999999999994,2,21840.0,0.0059146326047714,2.0040676,1.9849379,2.0154141,1.9712847,2.0247982,1.0724089,1.0703432,1.0739622,1.0683651,1.0758323,1.8687533,1.8514439,1.8782391,1.8406448,1.8890678,-0.1529767,-0.1535362,-0.1516104,-0.1542801,-0.1506303,-0.126778,-0.1296435,-0.123954,-0.1318833,-0.1227456,-70.175043,-70.474925,-69.803986,-70.609826,-69.576118
11254,3.5804459401238,-30.40502288450324,6.87195,6.867101245062186,6.87563190044337,6.8841625558245525,3,1,0,1.0,0.0,0.0,0.0,0.0,spl+lines,templ,7.294441666666666,"5,7",22153.0,0.0138496213371732,5.1585815,5.1123408,5.2863374,5.0284823,5.3505127,1.9408552,1.9278321,1.9954668,1.9035105,2.0223511,2.6578911,2.6297156,2.6715486,2.6050449,2.6837976,-0.0373976,-0.040615,-0.0316457,-0.0461442,-0.0273839,0.0585797,0.0523261,0.0587419,0.0473801,0.0621009,61.277185,59.758025,63.037255,58.144762,64.75925
12899,3.582353077987806,-30.40273183209246,6.873525,6.867100221611924,6.87563155310562,6.884163123466276,3,1,1,1.0,0.0,0.0,0.0,0.0,spl+lines,templ,7.294441666666666,"5,7",23918.0,0.0121451390195798,13.345513,13.239698,13.864782,12.864393,14.261568,2.537849,2.4759063,2.5818019,2.4469587,2.6198488,5.2585921,5.2475081,5.4343997,5.1469252,5.5506218,-0.1007582,-0.1071393,-0.0971273,-0.1100475,-0.0938444,0.0154431,0.0141024,0.0234146,0.0113855,0.0314376,85.643081,83.524856,85.971403,81.844513,86.921127
13077,3.570869324641364,-30.40158532661826,13.163633,12.908682991435173,13.15264545713766,13.214464048625526,2,1,0,0.0,0.0,0.0,1.0,0.0,templ,templ,7.294441666666666,"5,7",24119.0,0.0295062594007079,2.5791878,2.5447337,2.5944264,2.5226486,2.6133617,1.2780229,1.2667562,1.2772531,1.2617241,1.2826121,2.0181078,2.0047017,2.0354971,1.994354,2.04843,-0.1225107,-0.1271175,-0.1229326,-0.1290831,-0.1205587,-0.0746691,-0.0755601,-0.0722496,-0.0773049,-0.0700878,-74.319048,-75.103791,-74.329478,-75.481254,-73.868777
13123,3.579828558636116,-30.40156942018814,7.039813,7.146647650494824,7.155685527452545,7.164723422132208,3,1,0,1.0,0.0,0.0,0.0,0.0,spl+lines,templ,16.720689999999998,"2,3,5,6,7",24175.0,0.0095944870462636,6.8704263,6.8100272,7.0340867,6.7260655,7.1218371,1.8097466,1.7853499,1.8715301,1.7715333,1.8970819,3.7963463,3.7457808,3.8311623,3.6658591,3.8643968,-0.1364246,-0.1423457,-0.1282705,-0.143804,-0.1238576,-0.0478602,-0.0473067,-0.0376942,-0.050982,-0.0327305,-80.334116,-82.09426,-80.390163,-82.702308,-79.957121
13151,3.592501339027848,-30.40146428899556,9.798486,9.805003607362549,9.81671996591658,9.828438843269444,3,1,1,1.0,0.0,0.0,0.0,0.0,spl+lines,templ,11.671106666666663,"5,6,7",24203.0,0.0012402150554164,12.216912,11.753601,12.721891,11.489671,13.143373,2.7724983,2.724083,2.8862435,2.6517928,2.9597949,-4.4064921,-4.4854827,-4.2510117,-4.6204028,-4.107922,0.1958389,0.1892786,0.2058168,0.1834008,0.2113195,-0.2190261,-0.2227615,-0.2086379,-0.2247601,-0.2017532,-24.099495,-24.690554,-22.919563,-25.082664,-21.980166
15383,3.583534552387626,-30.39667857268421,7.042226,7.031051492107511,7.039759926191883,7.048468360276256,3,1,0,1.0,0.0,0.0,0.0,0.0,spl+lines,templ,9.426248333333332,"2,3,6",26651.0,0.003818370959641,6.7379986,6.3988282,7.3075732,6.1816379,7.6459628,1.8739642,1.8476131,1.9328166,1.8160468,1.9670514,-3.5962357,-3.8075571,-3.4312853,-3.917017,-3.3145726,0.1314173,0.1313879,0.1405047,0.1280248,0.1461133,-0.3839822,-0.3897811,-0.3681116,-0.396821,-0.3562929,-35.553285,-35.578036,-34.640852,-35.826605,-34.183739
16155,3.58295318947418,-30.39523246397209,6.87195,6.867101245062186,6.875631900443369,6.8841625558245525,3,1,1,1.0,0.0,0.0,0.0,0.0,spl+lines,templ,16.720689999999998,"2,3,5,6,7",27427.0,0.0110659145773926,11.450019,11.269203,13.170924,10.426138,14.079692,1.6971764,1.6821141,1.7675123,1.651545,1.8057425,-6.7463195,-7.4697449,-6.6463233,-7.9745785,-6.1143363,0.0662688,0.0531838,0.069678,0.0477097,0.0741187,-0.3627175,-0.3659785,-0.3461701,-0.3710955,-0.3405228,-39.823106,-40.637177,-39.536286,-41.042905,-39.271185
16594,3.597202696492125,-30.39432868826726,7.041422,7.031051492107511,7.039759926191883,7.048468360276256,3,1,0,1.0,0.0,0.0,0.0,0.0,spl+lines,templ,11.671106666666663,"1,5,6,7",27966.0,0.0052340131294272,3.599483,3.5118911,3.6524677,3.4252858,3.6956021,1.8230198,1.786661,1.8330648,1.7644563,1.847662,1.9744618,1.9560319,1.9969882,1.9385439,2.0053541,0.0199322,0.0194494,0.0255792,0.0176573,0.0276049,0.0067266,-0.0022638,0.0120181,-0.0059597,0.0160241,9.3240456,-3.2814308,13.98979,-7.9200748,18.972253
18924,3.581044323249695,-30.3895606891702,7.68681,7.680324084107461,7.6897365539679425,7.699149023828424,3,1,1,1.0,0.0,0.0,0.0,0.0,spl+lines,templ,16.720689999999998,"2,3,5,6,7",30500.0,0.0157279113221049,17.629533,16.770944,19.74211,15.705392,21.650554,1.1782276,1.166817,1.1795043,1.1611499,1.1835411,14.962703,14.403948,16.794054,13.447214,18.388172,0.151021,0.1500044,0.158267,0.1471753,0.1610322,-0.3606028,-0.3648927,-0.3601504,-0.3662904,-0.3578719,-33.637998,-33.820599,-33.2073,-34.030131,-33.01227
19025,3.623700753761731,-30.3893629899024,7.55577,7.543742567200225,7.553143513004843,7.562415734590402,2,1,0,0.0,1.0,0.0,0.0,0.0,spl+lines,templ,2.6259999999999994,2,30616.0,0.0068358645170276,1.5121514,1.4981824,1.5139163,1.4918258,1.5202319,1.0468671,1.0423509,1.0472931,1.0406794,1.0487018,1.444454,1.4340075,1.4481302,1.4286164,1.4520095,-0.1301081,-0.1327935,-0.1280147,-0.1343514,-0.1260585,0.0188326,0.0183543,0.0213596,0.0172175,0.0221075,85.88193,85.257107,86.100011,85.133353,86.32475
20466,3.640408392504773,-30.38643760620369,8.503934,8.486867414819637,8.497154456265001,8.50744149771036,3,1,0,1.0,0.0,0.0,0.0,0.0,spl+lines,templ,2.6259999999999994,2,32209.0,0.000993550709287,1.3489872,1.3383951,1.3521372,1.3349174,1.3562943,1.0132572,1.0095702,1.0138849,1.0081464,1.0151735,1.3313375,1.3237417,1.3344495,1.3193815,1.3400401,-0.1176952,-0.1197128,-0.1156364,-0.1210197,-0.1143031,0.0068773,0.0058857,0.0084807,0.005349,0.0089209,88.327923,87.905677,88.565289,87.778945,88.725615
22223,3.568114511635839,-30.38305164327892,9.569852,9.55089473347697,9.56233555562915,9.573776370256407,3,1,0,1.0,0.0,0.0,0.0,0.0,spl+lines,templ,4.376664999999999,4,33989.0,0.0052768179609834,4.3432222,4.2100646,4.4000197,4.1416142,4.5446199,1.1722222,1.1627612,1.1702246,1.1592783,1.17298,3.7051213,3.616002,3.7602936,3.5669955,3.8703261,-0.0528052,-0.0532601,-0.0488281,-0.0548512,-0.0469621,-0.2867708,-0.2909029,-0.286564,-0.2935446,-0.2848209,-50.216709,-50.243374,-49.805705,-50.333818,-49.63849
23604,3.605246620651772,-30.38058434235268,7.882703,7.875292254057935,7.884916136764945,7.894540019471954,3,1,0,1.0,0.0,0.0,0.0,0.0,spl+lines,templ,4.376664999999999,6,35557.0,0.0027521088804586,1.8716421,1.8475975,1.8766444,1.8281273,1.8871289,1.257674,1.2510469,1.2590855,1.2468724,1.2622904,1.4881775,1.4742022,1.4915001,1.4656715,1.4967881,-0.0336748,-0.0364633,-0.0305643,-0.0383079,-0.0290457,0.0515543,0.0499266,0.0523035,0.0487499,0.0534714,61.576115,60.106936,63.131701,59.435893,63.661269
23619,3.607271939131035,-30.38057787708868,6.716076,6.706497967652168,6.714854474130324,6.723210980080162,3,1,1,1.0,0.0,0.0,0.0,0.0,spl+lines,templ,7.294441666666666,"5,7",35556.0,0.008584828058364,1.845278,1.8227271,1.8497403,1.8091691,1.8566704,1.2342356,1.2294547,1.2359911,1.2258418,1.2375413,1.4950776,1.4815931,1.4970142,1.4741732,1.5043528,-0.0488215,-0.051028,-0.0457037,-0.0525231,-0.043817,0.0511065,0.0491928,0.0521529,0.0480134,0.0531236,66.845016,65.816077,67.909435,64.901518,68.604843
24531,3.601342849372456,-30.37919855119247,7.89159,7.889384969543119,7.899024133621938,7.908663297700757,3,1,1,1.0,0.0,0.0,0.0,0.0,spl+lines,templ,2.423583333333333,3,36502.0,0.0210141616628776,2.0253316,1.9987777,2.0282456,1.9782931,2.049923,1.2942522,1.2793259,1.2955041,1.2759964,1.3021622,1.5648668,1.5568576,1.5718192,1.5494197,1.5792284,0.0226764,0.0218016,0.026966,0.0192238,0.0282586,0.0628412,0.0622643,0.0660822,0.0603134,0.0675613,35.07896,33.701359,35.429842,33.06338,36.238326
24714,3.628748130795594,-30.37890926708201,6.352246,6.348277006459394,6.3562450771419625,6.364213147824531,3,1,0,1.0,0.0,0.0,0.0,0.0,spl+lines,templ,2.6259999999999994,2,36725.0,0.0005530071986162,1.4323106,1.4208772,1.4346921,1.4164571,1.4395415,1.0476838,1.0443502,1.047813,1.0433545,1.0492871,1.3671212,1.3582646,1.3704261,1.3540626,1.3747106,-0.0991668,-0.1000434,-0.0963825,-0.1012576,-0.095059,0.0509971,0.0513269,0.0534999,0.0504684,0.0547489,76.392628,75.61992,76.351289,75.464865,76.74383
25447,3.569435090915393,-30.37788728720045,6.247132,6.232609262718839,6.240451910939016,6.248294557832248,3,1,1,1.0,0.0,0.0,0.0,0.0,spl+lines,templ,4.376664999999999,4,37450.0,0.0496532304808244,3.511165,3.4071265,3.5343146,3.3517466,3.6032807,1.3192276,1.3076329,1.3183027,1.3014883,1.3265816,2.6615313,2.5994754,2.6859302,2.5720484,2.7261383,-0.0685765,-0.0705199,-0.0660996,-0.0734334,-0.0633882,-0.178423,-0.1821586,-0.1765439,-0.1836225,-0.1745517,-55.51208,-55.679747,-55.180811,-55.943002,-54.92657
26185,3.567070796096838,-30.3778606473943,10.060783,10.047732562053309,10.059796990913435,10.07178023846888,3,1,0,1.0,0.0,0.0,0.0,0.0,spl+lines,templ,4.376664999999999,"1,4",38201.0,0.0021024061390665,4.0703132,3.9648012,4.1043043,3.8924991,4.2084857,1.4016938,1.3944071,1.4096484,1.3890651,1.4222384,2.9037814,2.8357879,2.9122811,2.7900925,2.9785849,-0.0748008,-0.0732939,-0.0692502,-0.0751854,-0.067852,-0.1686808,-0.1700882,-0.1657965,-0.1720992,-0.1647544,-56.957353,-56.823521,-56.169545,-57.029803,-55.9117
27335,3.625080666905728,-30.37526088785461,6.753977,6.743267390705045,6.751665055450042,6.760061435063911,3,1,0,1.0,0.0,0.0,0.0,0.0,spl+lines,templ,7.294441666666666,"5,7",39368.0,0.0054018129751098,1.4644124,1.4511442,1.4657037,1.4447887,1.473334,1.0564723,1.053312,1.05654,1.0518021,1.0581033,1.3861343,1.3756396,1.3885603,1.371461,1.3956638,-0.0941874,-0.0957401,-0.091062,-0.0977618,-0.0901784,0.0616277,0.0616487,0.0637063,0.060332,0.0647634,73.401445,72.653698,73.515109,72.339714,73.908499
27506,3.622081372730471,-30.37496034289143,6.132101,6.130065813253892,6.1377972676235935,6.145528721993295,3,1,1,1.0,0.0,0.0,0.0,0.0,spl+lines,templ,7.294441666666666,"5,7",39640.0,0.0022374493171766,1.4878033,1.4734879,1.487639,1.4674285,1.4944278,1.0629562,1.0583764,1.0628992,1.0571504,1.0646375,1.3996845,1.3874334,1.4015071,1.3846068,1.4073684,-0.0902672,-0.091421,-0.0868384,-0.0931199,-0.0858869,0.0682471,0.0680099,0.070591,0.0669282,0.0716766,71.454327,70.720405,71.424311,70.484401,71.896284
28308,3.605812329200131,-30.37391080590589,6.363283,6.359945036558458,6.367925759416289,6.375906482274119,3,1,1,1.0,0.0,0.0,0.0,0.0,spl+lines,templ,2.423583333333333,3,40540.0,0.0025393413697479,1.7219904,1.696704,1.7207186,1.6920071,1.7268435,1.2058382,1.1981912,1.2047159,1.1959142,1.2085255,1.4280443,1.416039,1.4304873,1.4116826,1.434178,-0.0292519,-0.0317428,-0.026236,-0.0328918,-0.0248014,0.0575081,0.0567665,0.0595907,0.0551678,0.0607179,58.480233,56.99976,59.423402,56.548943,60.100376
28876,3.569597426299371,-30.37322304257577,7.042225,7.031051492107511,7.039759926191883,7.048468360276256,3,1,0,1.0,0.0,0.0,0.0,0.0,spl+lines,templ,4.376664999999999,"1,4",41096.0,0.009975950255621,3.1073255,3.0394506,3.1045319,3.0101812,3.1695915,1.521812,1.5000346,1.527424,1.4886085,1.5366958,2.0418594,1.9998807,2.05597,1.981914,2.0819326,-0.0501308,-0.0514224,-0.0470484,-0.0534456,-0.0450837,-0.0670029,-0.0744709,-0.0627347,-0.0766391,-0.0596453,-63.401721,-63.9976,-61.996636,-64.578593,-61.292871
30390,3.604634245985477,-30.37115252344006,6.372124,6.359945036558463,6.367925759416298,6.375906482274128,3,1,0,1.0,0.0,0.0,0.0,0.0,spl+lines,templ,2.423583333333333,3,42549.0,0.0038284100763569,1.721673,1.6987084,1.7209732,1.6879766,1.7332822,1.2207667,1.2132914,1.2207985,1.2090319,1.2238494,1.410321,1.3983541,1.4101693,1.3915418,1.4163945,-0.0236203,-0.0252584,-0.0202991,-0.027376,-0.0192843,0.0497245,0.048592,0.0511848,0.0471192,0.052951,57.704403,55.985019,58.728589,55.163969,59.758296
32065,3.59553069830252,-30.36879374961148,6.30023,6.2902137374290215,6.298118847470599,6.306023957512014,3,1,1,1.0,0.0,0.0,0.0,0.0,spl+lines,templ,16.720689999999998,"2,3,5,6,7",44237.0,0.0926135419560916,1.9813938,1.946008,1.9805567,1.9321223,1.9954232,1.3697222,1.3527026,1.3685112,1.3491069,1.3745115,1.4465662,1.4306046,1.4570719,1.4244235,1.4680429,-0.0186981,-0.0258852,-0.01663,-0.026983,-0.0144371,-0.0051387,-0.0067775,-0.0033946,-0.0086763,-0.0016852,-82.316488,-85.203793,-80.616133,-87.914113,-78.710915
33673,3.600113527958513,-30.36581355252957,6.774164,6.767876752840828,6.776299814596082,6.784722876351335,3,1,0,1.0,0.0,0.0,0.0,0.0,spl+lines,templ,7.294441666666666,"5,7",45905.0,0.0037358526793216,1.7741765,1.7477507,1.7751936,1.7406809,1.7810928,1.2495051,1.2403566,1.2489593,1.2373786,1.252657,1.4199035,1.4058358,1.4217077,1.4004822,1.4276091,-0.0357711,-0.0395324,-0.0332166,-0.0406733,-0.0311109,0.0320394,0.0303075,0.0330252,0.0286533,0.034491,69.074971,67.59091,71.076862,66.282907,72.029742
34265,3.607180703847201,-30.36481663770747,6.351511,6.348277006459394,6.3562450771419625,6.364213147824531,3,1,0,1.0,0.0,0.0,0.0,0.0,spl+lines,templ,2.6259999999999994,2,46529.0,0.0052235214753437,1.636783,1.6191617,1.6368389,1.610979,1.6461223,1.1595388,1.1545783,1.1595631,1.1536222,1.161598,1.4115812,1.3998691,1.4116671,1.3953878,1.4174062,-0.038141,-0.039575,-0.0347993,-0.0410416,-0.0337821,0.0668821,0.0661185,0.0684047,0.0653236,0.0689723,59.847449,58.573192,60.291121,58.272146,61.118486
35123,3.591928729950257,-30.36306885803072,6.254383,6.244093628094552,6.251948728006631,6.25980382791768,3,1,0,1.0,0.0,0.0,0.0,0.0,spl+lines,templ,2.423583333333333,3,47443.0,0.0092308311089422,2.1010257,2.067304,2.0997364,2.0509739,2.1111246,1.4457191,1.4264264,1.4424968,1.4169951,1.4480604,1.4532738,1.445937,1.4571481,1.4415154,1.4612118,0.0001363,-0.0011513,0.0032942,-0.0038308,0.0059742,0.0017927,0.0007624,0.0055962,-0.0014902,0.0077105,42.825594,14.195556,45.277799,-74.158936,77.88184
36755,3.600330212871877,-30.36068623407005,6.252933,6.244093628094072,6.25194872800512,6.259803827916167,3,1,0,1.0,0.0,0.0,0.0,0.0,spl+lines,templ,11.176913333333331,"3,4,6",49139.0,0.0105316105467434,1.7172011,1.6942938,1.7160548,1.6855987,1.7287462,1.1947367,1.187576,1.1944779,1.1838693,1.1975767,1.4373051,1.426269,1.4378471,1.4197572,1.4443399,-0.0343245,-0.0365943,-0.0315489,-0.038123,-0.0294246,0.0617275,0.0605369,0.0634167,0.0593284,0.0644896,59.538475,58.338643,60.362161,57.507942,61.230377
36857,3.582829450604097,-30.36029629501599,6.764063,6.755562011452439,6.763971719773991,6.772381428095543,3,1,0,1.0,0.0,0.0,0.0,0.0,spl+lines,templ,4.376664999999999,4,49245.0,0.0009026772585117,4.3271679,4.1578769,4.4074547,4.0668156,4.5049833,1.4488106,1.4278847,1.443324,1.4164208,1.4496865,2.9867003,2.8953396,3.0680871,2.8482206,3.1314026,0.0112207,0.0053796,0.0133148,0.0042407,0.0160545,-0.1773472,-0.1855581,-0.1757603,-0.1887144,-0.1735753,-43.189864,-44.170667,-42.855062,-44.351031,-42.320508
37126,3.590110771951833,-30.35974219091935,10.119248,10.11816269479749,10.130493029365049,10.14274996681338,2,1,0,0.0,0.0,0.0,1.0,0.0,templ,templ,4.376664999999999,4,49514.0,0.0018915303883926,2.1962479,2.1489045,2.1920446,2.1332915,2.2111129,1.3954309,1.3842815,1.3933704,1.3810768,1.3995529,1.5738851,1.5502814,1.5752281,1.5415765,1.5866508,-0.0371649,-0.0392985,-0.0326363,-0.042544,-0.0315302,0.0164112,0.0153939,0.0191926,0.0140607,0.0213737,78.087412,75.172713,79.045108,73.668422,80.697826
37504,3.610603503506573,-30.35896482285579,6.561018,6.549174844868001,6.557364005354941,6.565549922210224,3,1,0,1.0,0.0,0.0,0.0,0.0,spl+lines,templ,11.671106666666663,"5,6,7",49872.0,0.0008412069795592,1.5231723,1.5070289,1.5219018,1.5036467,1.5296349,1.091014,1.0868225,1.0912596,1.0846535,1.0924374,1.396107,1.3855186,1.3957401,1.3836146,1.4006578,-0.0545415,-0.0567978,-0.0521362,-0.0578041,-0.0507542,0.0839961,0.082884,0.0845583,0.0823942,0.085205,61.498494,60.960358,62.089435,60.675494,62.449637
38059,3.605254866904467,-30.35794114836597,7.589203,7.584452032568439,7.593760544013676,7.603069061403555,3,1,0,1.0,0.0,0.0,0.0,0.0,spl+lines,templ,5.0495833333333335,"2,3",50437.0,0.0027747769688952,1.5955704,1.5745872,1.5945032,1.5688477,1.6029289,1.1237623,1.1189295,1.1236818,1.1165452,1.1255116,1.4198469,1.4077228,1.4198469,1.4040615,1.4260249,-0.0476103,-0.0500499,-0.045463,-0.051635,-0.0442737,0.0796367,0.078094,0.0796367,0.0772896,0.0806716,60.43641,59.935002,61.229305,59.508078,61.728889
38248,3.610133367539723,-30.35760707985218,6.554216,6.549173332287842,6.557359243985748,6.565545155683655,3,1,0,1.0,0.0,0.0,0.0,0.0,spl+lines,templ,7.294441666666666,"5,7",50617.0,0.0040298202323004,1.5166775,1.4996442,1.5157552,1.4966053,1.5226916,1.0882935,1.0840226,1.0886099,1.0823584,1.0902021,1.3936291,1.3827262,1.3937711,1.3786926,1.3974726,-0.0508022,-0.0531215,-0.0483719,-0.0539746,-0.0466342,0.0868991,0.085673,0.0869602,0.0851685,0.0879888,60.155514,59.625092,60.788927,59.105915,61.155501
38335,3.541383112541549,-30.35743501482807,6.231206,6.221143105409992,6.228973324729987,6.236803538352536,3,1,0,1.0,0.0,0.0,0.0,0.0,spl+lines,templ,2.423583333333333,3,50740.0,0.0006602369427269,2.1543656,2.0923559,2.185223,2.0611664,2.2151522,1.2227391,1.1995537,1.2351764,1.1924944,1.2453081,1.7619176,1.7432658,1.7715409,1.7278119,1.7803982,0.0587253,0.0571146,0.0643265,0.0555012,0.0657106,-0.1105008,-0.1142764,-0.1068906,-0.1152847,-0.1049911,-31.005872,-31.280081,-30.203845,-31.572025,-30.008271
38766,3.513563315910684,-30.35679962823883,12.190246,12.181993032422188,12.206281445706225,12.402632655294507,2,1,1,0.0,0.0,0.0,1.0,0.0,templ,templ,4.376664999999999,4,51183.0,0.0085201621297592,1.672597,1.6182361,1.6981353,1.609257,1.7193141,1.0085822,1.0012978,1.009835,1.0000345,1.0140684,1.6583646,1.6147067,1.6797304,1.6046254,1.6995455,-0.107192,-0.1097932,-0.1043802,-0.1110914,-0.1034622,-0.161989,-0.1649637,-0.1572854,-0.1667226,-0.1556172,-61.746778,-61.96334,-61.736108,-62.040836,-61.591216
41225,3.533996360109116,-30.35330846833722,6.768724,6.7678767528386095,6.776299814593862,6.784722876350631,3,1,0,1.0,0.0,0.0,0.0,0.0,spl+lines,templ,4.376664999999999,4,53157.0,0.0062486050226146,1.8838621,1.8393792,1.9120896,1.8159787,1.9399024,1.086594,1.0729509,1.0925211,1.0702543,1.0991746,1.7337314,1.7092829,1.7536569,1.6960669,1.7652595,0.0439897,0.0429653,0.0460402,0.0419018,0.0468109,-0.1660294,-0.1694341,-0.165575,-0.1706914,-0.164291,-37.580196,-37.834679,-37.254029,-37.985779,-37.106741
43709,3.575939430037462,-30.34802820207057,6.726886,6.718734801994929,6.727104576899744,6.735474351804558,3,1,1,1.0,0.0,0.0,0.0,0.0,spl+lines,templ,8.753329999999998,"4,5",56223.0,0.0129815115158511,2.3924834,2.3546158,2.3997696,2.3360962,2.418635,1.1294765,1.1185395,1.130195,1.1161237,1.1338861,2.1182233,2.0978195,2.1344711,2.0762258,2.1524938,0.2065803,0.2046539,0.2110112,0.2025726,0.2139485,-0.0048024,-0.006316,-0.0025032,-0.0073939,0.0004078,-0.6658643,-0.8738252,-0.3421511,-1.0142467,0.0557136
52621,3.560646611968914,-30.32610828345969,6.189387,6.186853576196185,6.194646608117826,6.202439640039467,3,1,0,1.0,0.0,0.0,0.0,0.0,spl+lines,templ,4.376664999999999,4,65886.0,0.0054248730292599,1.4544239,1.4456344,1.455309,1.4423448,1.4617654,1.0115502,1.0066921,1.0111985,1.0050541,1.0142234,1.4378164,1.4326565,1.4409467,1.4298691,1.4481874,0.1421483,0.1413527,0.1448526,0.1400595,0.1475563,-0.0356121,-0.0374349,-0.033565,-0.0384015,-0.0329073,-7.0323534,-7.3127746,-6.6197895,-7.4796256,-6.4775073
60141,3.62034203,-30.38859876999999,7.127927,7.1207437117584345,7.129553885116241,7.138360590497764,2,1,0,1.0,0.0,0.0,0.0,0.0,spl+lines,templ,2.6259999999999994,2,31035.0,0.0116421270935035,1.5604206,1.5441537,1.5625943,1.5362347,1.5672825,1.0672385,1.0628692,1.0674468,1.0615569,1.0689203,1.4621105,1.4493779,1.4652421,1.4414647,1.4698799,-0.1234873,-0.125552,-0.1203238,-0.127441,-0.1187501,0.0275696,0.0272819,0.0300752,0.0261777,0.0314471,83.7073,82.997884,83.882565,82.686359,84.135658
60157,3.6038467,-30.38223800000003,7.880038,7.875292254057935,7.884916136764945,7.894540019471954,3,1,1,1.0,0.0,0.0,0.0,0.0,spl+lines,templ,12.344025000000002,"2,3,5,7",34541.0,0.1603105851703034,1.9488461,1.9194603,1.9527614,1.8962653,1.9640163,1.276099,1.2670407,1.2772542,1.2607425,1.2817504,1.5271902,1.5154445,1.5297981,1.5036536,1.5354884,-0.0185558,-0.0205786,-0.0149197,-0.0217209,-0.0130139,0.0616902,0.0609125,0.062852,0.0597279,0.0649034,53.370383,51.625127,54.317185,50.861081,54.690528
