wavelength_A,flux,error
2989.093198323402,4.508127456271304e-15,2.657392759651772e-16
2994.584102095712,3.845985284260146e-15,2.5086439802954644e-16
3002.820635421098,4.317950771920822e-15,2.514708471500009e-16
3005.5661936534084,3.9563981465171125e-15,2.422952833395299e-16
3008.311775341795,3.5670365824220975e-15,2.333025462967678e-16
3013.803008832723,3.6162911247884615e-15,2.2938478068770026e-16
3016.5486605082137,3.962239285721378e-15,2.3296802122216157e-16
3019.2943353856795,3.840784501964005e-15,2.289423118518783e-16
3022.040033401582,3.681356807664748e-15,2.2280357291555076e-16
3027.531498594514,3.857808170137922e-15,2.34051032254565e-16
3030.2772656444386,3.656887296367992e-15,2.1854813232810436e-16
3038.5147038453133,3.865543275012248e-15,2.0971969320733e-16
3046.7523462877953,3.71090978719445e-15,1.995569786712831e-16
3052.2442205358716,3.336091567045555e-15,1.9189101286127647e-16
3054.9901912550445,3.872362313754119e-15,1.9628801383003274e-16
3060.482199565623,3.6114816717139515e-15,1.8770899944244517e-16
3063.2282370297985,3.1420945523447184e-15,1.7789828003554164e-16
3076.958754894453,3.5290556250672147e-15,1.7660983704364944e-16
3079.7049241306704,3.864530647123806e-15,1.801362337264161e-16
3082.451115106136,3.5395073763616223e-15,1.7486562415168543e-16
3085.1973277571924,4.251509507538194e-15,1.844632618327953e-16
3087.9435620201743,3.652453078889116e-15,1.7343130620440828e-16
3093.436095127236,3.27179668415127e-15,1.6671743189689508e-16
3096.182393843963,3.220757655123278e-15,1.648429612195111e-16
3104.421417882706,3.445490319106421e-15,1.6676866415531416e-16
3107.1678016461615,3.602345574344867e-15,1.6765337683383148e-16
3109.914206512053,3.920067209343481e-15,1.7296075293242891e-16
3112.6606324166705,3.2325047315522742e-15,1.621301132128026e-16
3115.407079296302,3.465958658518584e-15,1.6512744517578035e-16
3118.153547087228,3.85729190355657e-15,1.6938084759019742e-16
3123.6465451480676,3.755473037582446e-15,1.6761868818766345e-16
3131.8861974808,4.181245159948135e-15,1.7127543530007867e-16
3137.379401786607,4.397180116224621e-15,1.7352312986984656e-16
3142.872687697905,4.879251977495461e-15,1.7836222909751038e-16
3145.619361096205,4.649645062417343e-15,1.7420762513545665e-16
3148.36605470458,4.542803291066001e-15,1.7244798036198484e-16
3164.846637194623,3.709028103502125e-15,1.5672135785833066e-16
3173.0871961087564,3.577932390739103e-15,1.5246708194118673e-16
3175.834088309436,3.5774800751452694e-15,1.511329388748122e-16
3184.074881705871,3.3329852854697365e-15,1.4534845823378398e-16
3186.82185155671,3.3185342681148677e-15,1.4491256713819304e-16
3189.5688406605,3.659441100703964e-15,1.4803760255285918e-16
3195.0628763715486,3.548825585814367e-15,1.4588350512376288e-16
3200.5569883282055,3.307046595525968e-15,1.4031132535003007e-16
3203.3040727389885,3.9910985452672795e-15,1.4902607676741514e-16
3206.051176019587,3.780562153480119e-15,1.459678643113535e-16
3208.7982981061296,3.954062029648585e-15,1.4779556288818126e-16
3211.5454389347406,4.050863495959648e-15,1.4882850633246808e-16
3214.29259844154,4.139608831909376e-15,1.4846950994662006e-16
3219.7869732341615,4.136999970431833e-15,1.4746140839048944e-16
3222.5341883922015,3.716930497383534e-15,1.4231753612049168e-16
3228.0286739122535,3.4814619025521796e-15,1.366835361764991e-16
3230.7759441464577,3.7602117634058605e-15,1.404520386983927e-16
3233.523232611568,3.4363601509679667e-15,1.347833104035627e-16
3236.2705392436706,3.509660052882749e-15,1.3512483673487358e-16
3239.0178639788455,3.4543189435156524e-15,1.3404330801012785e-16
3244.5125675027193,3.5073021249158298e-15,1.3399019639735705e-16
3247.259946163559,3.686825675888695e-15,1.3606000081331173e-16
3250.007342671755,3.315440903791495e-15,1.3081324051000218e-16
3255.502188974451,3.1942717818955833e-15,1.2833717791672065e-16
3263.7445906850357,3.645068645654953e-15,1.3311035415828644e-16
3266.4920929344876,3.258667885227065e-15,1.2737666902431388e-16
3269.2396125836303,3.329647340382844e-15,1.2847442372395545e-16
3274.73470382511,3.3302180288310567e-15,1.2765539580351974e-16
3277.482275289498,3.5425266253021103e-15,1.3022455261166044e-16
3280.2298638976795,3.453525485402312e-15,1.2855216546664563e-16
3288.4727319451135,3.3071232520076946e-15,1.255050835529065e-16
3291.2203884885807,3.039080946398492e-15,1.215057116133269e-16
3293.9680618558773,3.3008873954500084e-15,1.2491992937014158e-16
3299.46345880594,3.32252082868112e-15,1.2432220204206586e-16
3302.2111822606857,3.1195706757278056e-15,1.2113997866857026e-16
3304.9589222832196,3.3252791914738537e-15,1.232791074373018e-16
3310.454451775573,3.2302952461093614e-15,1.221200222583231e-16
3313.2022411173393,3.2584171634746778e-15,1.220826469295255e-16
3315.9500467707926,3.529550504066648e-15,1.3060317633908312e-16
3318.697868671897,3.369353703851284e-15,1.231466923648443e-16
3321.4457067566136,3.572630388005765e-15,1.2551233627251736e-16
3332.437219650686,3.531087233591204e-15,1.2340162281218825e-16
3335.1851376927452,3.294724383725786e-15,1.1942563692288676e-16
3337.9330715341016,3.5034019617101973e-15,1.232153020335719e-16
3340.6810211106927,3.3539959377263794e-15,1.2180234519843333e-16
3346.1769672132964,3.970197583777306e-15,1.2705140837256822e-16
3348.92496361116,4.527020102643338e-15,1.3256127828511864e-16
3351.6729754879593,5.480157055551922e-15,1.4331109253273118e-16
3354.421002779611,5.696786578845156e-15,1.4489826022231832e-16
3357.169045422029,5.8539607419882435e-15,1.4602922126047023e-16
3359.9171033511216,6.120013790720819e-15,1.4812160439842516e-16
3365.4132648129507,4.856940706148309e-15,1.3390569162597863e-16
3376.4057683563256,3.1973909807238472e-15,1.1291908716410385e-16
3381.90210941211,3.0398712281382804e-15,1.1016671977645e-16
3384.6503020366126,3.049192613964577e-15,1.1010124677660521e-16
3390.1467311582137,3.163164496907669e-15,1.1075538782245704e-16
3395.6432183490624,3.139921912835011e-15,1.1085316718830571e-16
3401.1397630960587,3.1719998975804787e-15,1.0982628532354768e-16
3406.636364886047,3.075104834128744e-15,1.0991971041065187e-16
3409.3846870117877,3.2324615328719643e-15,1.0936532734667393e-16
3412.1330232058194,3.0544376537322126e-15,1.0696437937045711e-16
3417.629737542116,3.271755814811565e-15,1.0905583606612599e-16
3425.8749129546545,4.951478053391361e-15,1.2736175330350832e-16
3431.3717650864,9.071613597843361e-15,1.6443462516448553e-16
3434.1202115167525,9.758177847306228e-15,1.6922802431766702e-16
3436.868671437847,1.0051995789016853e-14,1.7118721152466622e-16
3439.6171447854927,1.0741819421260755e-14,1.7634145994826784e-16
3450.6111711577328,4.5026852695851955e-15,1.2012725813589914e-16
3453.3597106752104,3.843497124977587e-15,1.1328417159926025e-16
3456.108263234047,3.354502886945311e-15,1.0718462778907793e-16
3461.605407218951,3.3967768190351156e-15,1.071825499113792e-16
3533.0727688997245,2.7421260181677114e-15,9.512359992167084e-17
3535.821671714737,2.7651036926861156e-15,9.508337909156607e-17
3538.570585643552,2.7380638599109166e-15,9.459953137278175e-17
3544.0684465854083,2.6419084679803716e-15,9.320654598635265e-17
3546.817393469853,2.5790844577989937e-15,9.27113890542335e-17
3549.5663512109063,2.6896809144472773e-15,9.361859442796736e-17
3552.3153197442634,2.5903756187441304e-15,9.203928826292192e-17
3555.0642990056176,2.499009774613835e-15,9.095294203828868e-17
3566.060322044773,2.6719207511257228e-15,9.262297999036384e-17
3574.307448816683,2.5785427802292246e-15,9.14182344415722e-17
3577.0565115866552,2.6673683725507045e-15,9.232567804332248e-17
3579.805584505747,2.6431749939947536e-15,9.18705103307366e-17
3582.5546675096284,2.7482043265972082e-15,9.282858400342002e-17
3585.3037605339646,2.779670965312995e-15,9.319004869621589e-17
3588.052863514419,2.7061679872491086e-15,9.21590309283951e-17
3593.551099086327,2.972568954764769e-15,1.0003713216957463e-16
3596.300231549096,2.8738819931131178e-15,9.663034580338314e-17
3610.0460380571967,2.97185448247376e-15,9.407222689333634e-17
3615.5444267498347,2.391155587132287e-15,8.692126373270522e-17
3621.0428524355416,2.540767228364051e-15,8.88646153940577e-17
3623.7920789898862,2.490863011727143e-15,8.779336356124233e-17
3637.5383463017492,2.3973219869882984e-15,8.53532469286599e-17
3643.036914810236,2.4183572032004117e-15,8.566622560267036e-17
3651.2848319460422,2.5142392152472303e-15,8.676393398019763e-17
3654.0341545665888,2.5262681418894255e-15,8.639391954859041e-17
3656.783485534125,2.5594091529836972e-15,8.645004209879091e-17
3659.5328247842594,2.587225291455055e-15,8.663721652779941e-17
3665.0315278747444,2.742696706615924e-15,8.80050357712722e-17
3667.7808915863,2.4728667379715413e-15,8.432353279748449e-17
3670.530263322867,2.4542423892855506e-15,8.407870718850349e-17
3673.2796430200424,2.49174307895934e-15,8.743127021118091e-17
3676.0290306134225,2.59237398122494e-15,9.320813417312875e-17
3678.7784260386015,2.62956762145535e-15,9.011345959566576e-17
3681.527829231174,2.3400386310731477e-15,8.203962756922148e-17
3684.277240126729,2.5987722563502623e-15,8.503370374930822e-17
3687.026658660857,2.5647784948363422e-15,8.43284098543761e-17
3689.7760847691443,2.5300770372949912e-15,8.396042036090841e-17
3695.2749594505385,2.4180745059542656e-15,8.15672743522292e-17
3700.773863655577,2.4693259284937815e-15,8.212848661934437e-17
3706.2727968688937,2.2613050128017292e-15,7.871214466271666e-17
3709.022274192598,2.2588918159350017e-15,7.903527449720438e-17
3722.769765404471,2.3705352053060916e-15,7.882069061141832e-17
3725.5192841144967,2.5346463565289546e-15,8.035932596010576e-17
3728.268809496725,2.5686562116688724e-15,8.117077028868558e-17
3731.0183414867192,2.8156671127142242e-15,8.313912265687186e-17
3733.7678800200397,2.7302379107529973e-15,8.225348353606849e-17
3736.5174250322457,2.9697676050499623e-15,8.438287142590659e-17
3744.7660982977436,3.1352655609657174e-15,8.529899049792132e-17
3747.515668581052,2.7328978059656126e-15,8.067745300624875e-17
3750.26524502102,2.6480092227829707e-15,7.943326086840569e-17
3755.764416113131,2.6369641249090114e-15,7.866852246593307e-17
3758.5140106363724,2.490612078216519e-15,7.677331933367607e-17
3761.2636110584644,2.4977644244231342e-15,7.66644954522886e-17
3775.0116993957195,3.5436826135168756e-15,8.621888151352929e-17
3777.7613338573133,3.4615479462039942e-15,8.51286243789599e-17
3783.260619058947,2.8524137313067207e-15,8.55169691329413e-17
3786.010269670055,2.6673016687061082e-15,8.292951508965092e-17
3788.759925535403,2.6036793299719432e-15,7.767300729000305e-17
3794.2592527709407,2.3356677293070787e-15,7.143646913549214e-17
3797.00892401219,2.3926713525913986e-15,7.174129511738529e-17
3799.758600249799,2.2711322890557736e-15,7.0161380147409e-17
3802.508281419293,2.0803275297749018e-15,7.028394846185466e-17
3805.2579674561985,2.0851551940577777e-15,6.996270459916357e-17
3810.7573538743404,2.1079469448442596e-15,6.700949775878185e-17
3816.2567589884084,2.334541599003704e-15,6.951946152228825e-17
3819.006468395217,2.11092151279678e-15,6.669905356616824e-17
3821.7561822825683,2.1411887528592546e-15,6.663199899699225e-17
3824.50590058598,2.0257072454459187e-15,6.552910254266304e-17
3830.005350183052,2.1914146302578824e-15,6.64222855506529e-17
3835.5048166705583,2.140204500574545e-15,6.540181599000338e-17
3838.254556087008,2.2130506045878358e-15,6.617643423771234e-17
3841.004299532606,2.142553746453755e-15,6.511264026529975e-17
3843.754046942863,2.2431528849838327e-15,6.603339154874477e-17
3849.2535533993946,2.03626508761697e-15,6.336695168312294e-17
3852.0033123166863,2.162294061047753e-15,6.446759158874109e-17
3857.502841206861,2.2370320131487363e-15,6.500468326919422e-17
3871.251724913492,2.6947626886143295e-15,6.893182579768568e-17
3874.0015116784803,3.417114291856928e-15,7.597420330494574e-17
3876.7513016341936,3.8719832665102226e-15,7.979757767995365e-17
3879.501094716132,4.42579627731466e-15,8.452227452017893e-17
3882.250890859794,4.60887694314952e-15,8.600200137436279e-17
3885.0006900006797,5.096266053746749e-15,8.941786687495767e-17
3893.2501047616547,3.8298645532080025e-15,7.831118044131016e-17
3895.999915246409,3.653445801503298e-15,7.662481063522075e-17
3898.7497284058695,3.4730193134086592e-15,7.496217098654426e-17
3901.499544175532,3.0828602677938043e-15,7.171602309531057e-17
3904.2493624908902,2.939808684980288e-15,6.935553417721494e-17
3906.999183287439,2.793969516737358e-15,6.770270819932579e-17
3917.9984899953815,2.408556396725969e-15,6.300619505693141e-17
3926.2479929179344,2.1567366778808177e-15,5.999824209488848e-17
3928.9978312417034,2.0482821557979035e-15,5.838153413126584e-17
3931.74767146608,2.0447529930231684e-15,5.811629370476703e-17
3934.4975135265536,1.975363206951149e-15,5.736607397640594e-17
3939.9972028977404,1.9762472975898455e-15,5.704698740075238e-17
3942.7470500794284,1.9260464076631617e-15,5.633356066603765e-17
3945.4968988391624,2.008913970233655e-15,5.713130688367359e-17
3948.246749112429,1.825794764399695e-15,5.48680547009448e-17
3953.7464539415028,1.9306834895329054e-15,5.60706760499234e-17
3956.496308368282,1.964188089519786e-15,5.608772920543179e-17
3959.2461640505353,2.0358737583953384e-15,5.667030258468554e-17
3961.9960209237483,2.0013184140373888e-15,5.626186065054155e-17
3964.7458789234056,2.0926707056405282e-15,5.707190869824738e-17
3967.495737984991,2.1793990443846065e-15,5.786176030411712e-17
3970.24559804399,2.0936187472667426e-15,5.69552960842121e-17
3975.745320896159,2.8197074598726272e-15,6.405442479893821e-17
3978.495183560296,2.8995591616344215e-15,6.466877514860379e-17
3986.7447757307204,3.208766209688999e-15,6.704008358911161e-17
3989.494640965141,2.766152954749527e-15,6.290722455100066e-17
3992.2445066808395,2.7521324418901e-15,6.261982891897524e-17
3994.9943728132985,2.6425369664272343e-15,6.137493533197273e-17
4003.243973066059,2.228994941028714e-15,5.697165440800595e-17
4005.9938402203816,2.0863740744688766e-15,5.535429793478307e-17
4008.7437074688755,2.0940994384643094e-15,5.527132841062155e-17
4014.2434419903057,1.9583602910844397e-15,5.3751251686157356e-17
4016.9933091342064,1.8952262668443668e-15,5.296665433153856e-17
4019.7431761142066,1.9648998089537165e-15,5.356332617715266e-17
4022.49304286579,2.0433873641539577e-15,5.4306101280000775e-17
4027.9927754256296,2.013471007489883e-15,5.388595639455039e-17
4030.742641104852,2.0813920384313636e-15,5.4505120935381034e-17
4036.242370939314,2.0331497004369686e-15,5.377158047689146e-17
4038.992234965519,1.9664659728731897e-15,5.3065012723816014e-17
4041.7420983116826,1.85068567458771e-15,5.1623058245123775e-17
4052.7415436056003,1.951521982343019e-15,5.242510911066744e-17
4055.4914025838125,1.8585338583604945e-15,5.134799753039274e-17
4058.241260494885,1.7398382844288022e-15,5.012094126611933e-17
4060.9911172743027,1.976360376488304e-15,5.2619238474266287e-17
4063.740972857551,1.8600398829407127e-15,5.128153853125778e-17
4066.490827180113,1.8980473100751972e-15,5.1681692115663984e-17
4069.240680177475,1.986357482848273e-15,5.2703759789256955e-17
4071.9905317851217,1.91296991302345e-15,5.169162159173707e-17
4074.7403819385395,2.0702207326482635e-15,5.331926819178011e-17
4077.4902305732144,2.147291201727748e-15,5.403635106480233e-17
4080.2400776246336,2.1911325682864467e-15,5.469084614395634e-17
4082.989923028282,2.3549961741304746e-15,5.599836722949646e-17
4085.7397667196497,2.392449641717455e-15,5.643816261757865e-17
4088.4896086342214,2.348301860990087e-15,5.60753678183578e-17
4091.2394487074866,2.315606600984308e-15,5.5485065263460355e-17
4093.9892868749344,2.3326001994885973e-15,5.577682840912006e-17
4102.238789297259,2.264310709215061e-15,5.5071560983967546e-17
4104.988619196328,2.1731473059591593e-15,5.395258082980786e-17
4110.488272244852,2.4345789429315156e-15,5.647619969086629e-17
4113.238095265289,2.2583857137490173e-15,5.4706681689603055e-17
4115.987915863834,2.4432313844877183e-15,5.638513703159156e-17
4118.737733975979,2.474509346614504e-15,5.663427721464763e-17
4121.487549537218,2.401098271625395e-15,5.588572508240144e-17
4124.237362483045,2.4187489559385168e-15,5.620519546985922e-17
4129.736980270444,2.2388107823379704e-15,5.4198177371119757e-17
4132.486784983008,2.0659235227486056e-15,5.2410666537172266e-17
4137.986385723347,2.0299150933696412e-15,5.19478689106162e-17
4143.485974453954,2.0715338454747444e-15,5.221605410009569e-17
4146.235764154358,1.900783861769539e-15,5.035145665050316e-17
4151.7353339028605,1.8512085056744025e-15,4.9906211796545464e-17
4154.485113821964,1.9179741836758283e-15,5.046960451175533e-17
4157.2348903516395,1.8771726066065886e-15,5.0216834660171377e-17
4162.734432984717,1.850556925579727e-15,4.951072020207161e-17
4165.48419895913,1.8515890352259565e-15,5.0679308031927324e-17
4168.2339612861315,1.826073226481105e-15,5.1588098283714834e-17
4173.733474739934,1.87687678034976e-15,4.96556488628358e-17
4176.483225737749,1.8807246392708995e-15,4.959820613237767e-17
4179.232972830187,1.8406436754815365e-15,4.913011454990126e-17
4184.73245504097,1.8394044662797034e-15,4.900542534436502e-17
4192.981647454599,1.8599219336028075e-15,4.8971524174140144e-17
4201.230801237519,1.8695531217295626e-15,4.904398188707734e-17
4206.730214771517,1.910208585615401e-15,4.937925142423488e-17
4209.47991464869,1.844635530003709e-15,4.8594174304860804e-17
4212.229609846672,1.8770910796854154e-15,4.896664711724853e-17
4214.979300300989,1.797375961986366e-15,4.8006565050037834e-17
4217.728985947162,1.8992363325749054e-15,4.900076335443267e-17
4220.478666720716,1.8505713251398305e-15,4.849304982061497e-17
4223.228342557178,1.871282551249619e-15,4.872588792815885e-17
4225.978013392073,1.7291703279746079e-15,4.7205238794710764e-17
4228.727679160931,1.825009776615827e-15,4.801069102693325e-17
4231.47733979928,1.8098925678479427e-15,4.7836989715742013e-17
4234.226995242652,1.8676597913342124e-15,4.859288059438277e-17
4236.976645426578,1.928387183212899e-15,4.9111598939069874e-17
4253.47443247171,2.0135080651813254e-15,4.98795070976498e-17
4258.973649822167,1.856425169838305e-15,4.8073798290226144e-17
4261.72324977022,1.9592293468883226e-15,4.9056555032388145e-17
4264.472843814215,1.9327589320119153e-15,4.868599135285419e-17
4267.2224318897,1.96879192534635e-15,4.9174947739101635e-17
4272.721589877326,1.8464818500704867e-15,4.8899483360231676e-17
4278.220723217497,1.865587101712281e-15,4.791724277877191e-17
4280.970280483667,1.800878866739736e-15,4.709257017783614e-17
4283.719831394632,1.8887509117208445e-15,4.793053391685441e-17
4291.968445351876,1.822162263605395e-15,4.717477538711166e-17
4294.717970197603,1.7926848817662348e-15,4.6695649215263796e-17
4297.467488365924,1.8550161305305474e-15,4.7375899389970254e-17
4302.966504412598,1.9161579332786782e-15,4.796754528618248e-17
4311.214976791207,1.840276063182428e-15,4.6964396887559824e-17
4313.964453541982,1.8715491548697673e-15,4.73290511887977e-17
4316.713923164331,1.808864269849976e-15,4.654520822289755e-17
4319.463385593829,1.7891286139371876e-15,4.630388985971378e-17
4322.212840766056,1.7992858095241876e-15,4.6233109669058844e-17
4324.962288616587,1.914572711117892e-15,4.743571447442519e-17
4327.711729081004,1.9540148003067883e-15,4.830664963265982e-17
4330.461162094889,1.950109766661709e-15,4.83328083923512e-17
4335.9600055134,1.992118365680786e-15,4.8649128876036377e-17
4338.7094157892,2.1010580258842403e-15,4.959838149466753e-17
4344.208213151835,2.016278921710031e-15,4.874524064577014e-17
4346.957600109853,2.451014981998275e-15,5.2242801812383204e-17
4349.706979166465,2.798852661678279e-15,5.5364654236052236e-17
4352.456350257267,2.664130377351588e-15,5.4192552542954396e-17
4357.955068283836,2.8672814888716387e-15,5.578354511569399e-17
4360.704415090806,2.9619600788586458e-15,5.651867706968212e-17
4363.453753674371,2.764254542156493e-15,5.473902445155388e-17
4366.2030839701365,2.7173352696257093e-15,5.4316831466906813e-17
4368.952405913712,2.6437626231019112e-15,5.3595265274964556e-17
4377.200320987403,2.4939758578083025e-15,5.2373205181590964e-17
4379.9496088783335,2.4271743926648553e-15,5.163527404840996e-17
4382.698888095145,2.4724574092997807e-15,5.206053421876837e-17
4390.946673057062,2.2189959288446137e-15,5.0105737686460605e-17
4393.695916933609,2.237218783913606e-15,5.176366571436799e-17
4396.445151814156,2.2094174685188253e-15,5.134839788580922e-17
4404.692801836108,1.9756531039773467e-15,4.678321124618621e-17
4415.689538683194,1.9131545662059513e-15,4.5948930115255026e-17
4418.438699278611,1.894274201811653e-15,4.5677942437860204e-17
4421.187850298779,1.9193969872689787e-15,4.612539090096974e-17
4432.184357339995,1.8491472509972592e-15,4.509585544080664e-17
4434.933459518713,1.6816234040299086e-15,4.336279294349984e-17
4440.4316339278685,1.6869655349491231e-15,4.349412937243856e-17
4443.180706029635,1.7428240755678736e-15,4.402246617328843e-17
4448.67881970589,1.749190904595029e-15,4.3869087035386395e-17
4451.427861151724,1.776920751584885e-15,4.420809212019023e-17
4454.17689225026,1.78411100251589e-15,4.440721103724399e-17
4456.9259129371785,1.827757339738483e-15,4.4617248738383457e-17
4459.674923148159,1.7415838075748565e-15,4.780648991219596e-17
4467.921890282314,1.7506125435178769e-15,4.368380850434187e-17
4473.419814812983,1.7365378205498258e-15,4.351603973250386e-17
4476.168760817765,1.7438933487846637e-15,4.3545070463282023e-17
4481.666619984719,1.817899358540101e-15,4.438097948565871e-17
4484.415533018293,1.80414693160848e-15,4.42193450852434e-17
4487.164434932873,1.8716465636587016e-15,4.4888338986174235e-17
4495.411073319737,1.868901965151361e-15,4.472254883036146e-17
4498.159930115447,1.8885222128250858e-15,4.506924338613958e-17
4500.90877547073,1.860327027109832e-15,4.453426928805459e-17
4506.406431602904,1.7812662423625364e-15,4.3831208780776366e-17
4509.155242251249,1.8812176124462015e-15,4.490873064263489e-17
4511.904041202068,1.7969359283702673e-15,4.384297790653177e-17
4514.652828391095,1.799290891721871e-15,4.395388297434043e-17
4520.150367226719,1.8591720976862507e-15,4.442920411537055e-17
4522.8991187447955,1.9498933497436857e-15,4.5295477283672836e-17
4528.396585660191,1.968342150851358e-15,4.556274264831117e-17
4536.642694767633,1.87269667275506e-15,4.4580568241300405e-17
4539.391373208957,1.973816101272989e-15,4.558852090492077e-17
4542.140039245967,1.935980833585034e-15,4.5215306938704196e-17
4544.88869281443,1.8594814764702353e-15,4.443993430227659e-17
4547.637333850109,1.828743286089087e-15,4.4156088929440243e-17
4550.385962288775,1.7446948537110031e-15,4.317171753072254e-17
4553.134578066199,1.8559146207293474e-15,4.431909314094994e-17
4566.877464786948,1.8756168188407193e-15,4.453338916788283e-17
4575.123040774587,1.902388777446349e-15,4.464425783974454e-17
4577.871539711093,2.0103058571242305e-15,4.569925722788447e-17
4580.620025344248,1.8899615335607077e-15,4.4516623871227606e-17
4588.865401781672,1.84608289755233e-15,4.418443806339366e-17
4594.362251713051,2.003009303558345e-15,4.554450166144315e-17
4599.859046890555,1.9564135976134125e-15,4.691109667760936e-17
4602.607423786167,1.8536890416604368e-15,4.4189023952709655e-17
4605.355786800793,1.860325968318648e-15,4.445839035610387e-17
4608.104135870268,1.9085278604898115e-15,4.480545218007397e-17
4610.852470930428,1.925461107896609e-15,4.49486106743273e-17
4619.097391413455,1.7066603215222065e-15,4.2851744217452326e-17
4621.845669794803,1.6885006762869031e-15,4.273180964607704e-17
4630.09041870183,1.878711241955276e-15,4.4443904769216844e-17
4638.335036906443,1.881329632553476e-15,4.453537109263051e-17
4641.08321363039,1.877977499664717e-15,4.4608781717633364e-17
4646.579522677162,1.8236142898352256e-15,4.396318710187043e-17
4649.327654871752,1.903170588856665e-15,4.4730023234376486e-17
4652.075772094997,1.9347331540537282e-15,4.5171909735047214e-17
4660.320033295591,1.9876428553457313e-15,4.555950671775486e-17
4663.0680899924055,1.8861998602419513e-15,4.4617400939616167e-17
4665.816131397368,1.8790072799703414e-15,4.453802799675803e-17
4668.56415744639,1.826793204486271e-15,4.3962234189804766e-17
4671.312168075381,1.860986865775743e-15,4.452967678129369e-17
4682.304055109456,1.9191850172739283e-15,4.494658242746532e-17
4687.799904440332,1.9505413299483352e-15,4.5295328391162576e-17
4696.043559262506,2.6690463448192153e-15,5.199381713928229e-17
4701.539248947235,2.836228202234112e-15,5.327553018971076e-17
4704.287069538444,2.9985756191025547e-15,5.4715734354226836e-17
4709.782661898357,2.965448160535439e-15,5.452911248186752e-17
4712.530433538995,2.7205974052638224e-15,5.239249172475325e-17
4715.278188734716,2.279556666990928e-15,4.853406805283025e-17
4718.025927421498,2.113349744498321e-15,4.697699319392778e-17
4720.77364953532,1.9915353952548384e-15,4.581924804754141e-17
4723.521355012165,1.9029698420481656e-15,4.506028336574441e-17
4726.269043788025,1.956014433337019e-15,4.546841758870052e-17
4729.016715798888,1.878165964495481e-15,4.484972619518026e-17
4731.7643709807535,1.9415200055436033e-15,4.541240753506333e-17
4737.259630601487,1.857418951243671e-15,4.472662517642012e-17
4740.0072349123675,1.8021585217648005e-15,4.4035399969346306e-17
4742.754822138272,1.82082416330697e-15,4.4240487821700254e-17
4745.502392215217,1.8200453165119696e-15,4.4124742092946934e-17
4748.249945079221,1.8248033123349338e-15,4.4202116567445144e-17
4750.997480666308,1.8751420568737832e-15,4.4745891867247704e-17
4759.239983126364,1.9492188997594345e-15,4.561052390921468e-17
4833.415197358877,1.6740432003058115e-15,4.2504043810049337e-17
4836.162165651928,1.67853109849772e-15,4.231330588696196e-17
4841.656044208355,1.6530795583777412e-15,4.215420927666596e-17
4844.402954344065,1.6477901552594933e-15,4.196362024608884e-17
4847.149844966334,1.6733830440025452e-15,4.217496820131859e-17
4849.8967160113425,1.6839632266675802e-15,4.502615058494802e-17
4855.3903991143125,1.8024439718680252e-15,4.35564160725638e-17
4858.137211044653,1.9292306162701275e-15,4.478058051341573e-17
4860.884003142491,2.1084685053815314e-15,4.6439348956825465e-17
4866.377527585469,2.43925054139386e-15,4.9414393365378585e-17
4869.124259803027,2.960579626912858e-15,5.372085114428481e-17
4871.870971932913,3.3508595864809336e-15,5.68257728351761e-17
4885.604229035161,3.694279989341007e-15,5.918399196967088e-17
4891.097389030428,2.7955130225254922e-15,5.227334132059866e-17
4896.590466634587,2.4154258339282014e-15,4.892153268663989e-17
4899.336974380646,2.408410918817278e-15,4.886694869237874e-17
4902.083461337716,2.30007095794048e-15,4.7861801825396154e-17
4907.576372629976,2.01264980904752e-15,4.513532188219277e-17
4918.561942942912,1.9719784632939207e-15,4.4708490068670506e-17
4921.308282592941,2.0046671587943586e-15,4.5035871611506743e-17
4924.054600944296,1.920133694174853e-15,4.430761849149261e-17
4926.800897933285,1.767930661520083e-15,4.264134586556579e-17
4935.039660089262,1.7212050418968653e-15,4.2112813850091356e-17
4937.785870992009,1.838973114751314e-15,4.340353655175175e-17
4940.532060214027,1.732315573066e-15,4.2301056996451274e-17
4943.278227691654,1.803052141524154e-15,4.2982624042692917e-17
4946.024373361237,1.953524368230328e-15,4.451484046982694e-17
4951.516599021687,2.3322298343324104e-15,4.789235787722386e-17
4957.008736686251,2.5496515451895645e-15,4.9776622373060456e-17
4959.754772360995,2.8156080321661532e-15,5.1954129013492e-17
4962.500785845885,3.4991977136765006e-15,5.721397862281459e-17
4967.99274599163,7.3024480681653e-15,8.068479837008822e-17
4973.484616614606,8.614778236203015e-15,8.722593089592075e-17
4976.230518196057,9.850113956368263e-15,9.315376524582686e-17
4978.976397206023,1.1024758071796845e-14,9.834534267611178e-17
4981.722253580919,1.0902441432015641e-14,9.777247047108205e-17
4992.705451458272,4.838361461966759e-15,6.623168328518598e-17
4998.1969129336785,4.8096254457146836e-15,6.60494851747426e-17
5000.942609083119,4.596748701894259e-15,6.458399906198446e-17
5011.92516160984,8.622358334047994e-15,8.685783552333465e-17
5014.67074140611,1.4356254696861782e-14,1.1148102374301306e-16
5020.16183055152,2.189145301937246e-14,1.3705183668987712e-16
5022.907339773643,2.4429610962742494e-14,1.447043029122869e-16
5028.398287199227,2.958427909116948e-14,1.590882061409756e-16
5033.889139509986,1.9469894243389664e-14,1.2917045981347187e-16
5036.634529838602,1.3015491326850634e-14,1.0608267101192459e-16
5039.3798961980765,9.706431757525516e-15,9.190507986289642e-17
5042.125238524942,8.305750970891493e-15,8.524759942082463e-17
5044.870556755737,7.182442134264205e-15,7.939892294681739e-17
5047.615850827007,5.624566008663413e-15,7.074650786039431e-17
5050.3611206753,4.1319330193413575e-15,6.105693401728285e-17
5053.106366237173,3.1472525594770234e-15,5.3973061821774675e-17
5055.851587449186,2.2592371936192446e-15,4.658055861355562e-17
5061.341956569905,1.7711033293031425e-15,4.189370363199341e-17
5069.577326041385,1.6486267061740253e-15,4.06401378834489e-17
5072.322399822338,1.5714026064937324e-15,3.988084232940687e-17
5075.067448809517,1.5794515370750163e-15,3.979044472334463e-17
5077.8124729395295,1.5980686859809554e-15,4.0005829319963635e-17
5086.0473955527195,1.4654278792430235e-15,3.855224137313645e-17
5088.792319620246,1.4831661255870678e-15,3.8753368684717494e-17
5091.537218513728,1.4530826916741473e-15,3.8490709061729856e-17
5097.026940525119,1.3905540842331244e-15,3.7851123085936504e-17
5099.771763516332,1.3984561604771782e-15,3.782875612217307e-17
5102.516561080099,1.4036742010696199e-15,3.778347625544192e-17
5105.261333153085,1.4659627805492146e-15,3.854145493794876e-17
5108.006079671963,1.4466808166587993e-15,3.827909640870409e-17
5110.750800573406,1.3440478461432454e-15,3.728825314887377e-17
5113.4954957941,1.4638220106541477e-15,3.8463114316495087e-17
5116.240165270734,1.4375728831352106e-15,3.8185095603893564e-17
5118.98480894,1.425028219307256e-15,3.797336052813714e-17
5127.218584470639,1.5612525048076657e-15,3.943094872040663e-17
5129.963124277507,1.5008423267677258e-15,3.881263121252324e-17
5132.707637960572,1.4466349710005291e-15,3.827130767605629e-17
5135.452125456566,1.4626600932087517e-15,3.8360626638599766e-17
5138.196586702224,1.459336124165489e-15,3.828085334032515e-17
5140.941021634291,1.444473554677373e-15,3.822531643399834e-17
5146.429812304652,1.3936567659189169e-15,3.761382812925219e-17
5151.9184969617145,1.489855674167127e-15,3.8748842352405604e-17
5157.4070750996425,1.5645311575882503e-15,3.9385275115703903e-17
5162.895546212701,1.7511716911421831e-15,4.1182801452508186e-17
5168.383909795252,1.7594748374867618e-15,4.1440504609265407e-17
5173.872165341759,1.950216916329537e-15,4.3295053468776645e-17
5176.616252443542,1.910403826709743e-15,4.2800260496127026e-17
5179.360312346783,2.043387999428668e-15,4.4131938564276145e-17
5184.848350304988,1.9132170348858113e-15,4.288350464425191e-17
5193.080201674334,1.6214075141722452e-15,4.1487134434756246e-17
5195.824097060098,1.6824195091212093e-15,4.377902030156917e-17
5206.799401566425,1.7549750808335918e-15,4.149325557128914e-17
5209.543158118275,1.6756488571364504e-15,4.0721820314577284e-17
5223.261520274524,1.5460390519211496e-15,3.940224555315104e-17
5226.005108143656,1.4833303440997168e-15,3.881400102361763e-17
5228.748667678269,1.4268945505274125e-15,3.820409097948023e-17
5231.492198815322,1.4313011335563845e-15,3.824805728339865e-17
5236.979175644572,1.4433152371220027e-15,3.844069110445e-17
5250.696116348233,1.5120990769993802e-15,3.913968519183691e-17
5253.439418035832,1.4751074541268904e-15,3.888013245923002e-17
5258.9259344539505,1.5353148736550813e-15,3.997864154759024e-17
5261.669149058513,1.3523827562233462e-15,3.801109650768181e-17
5264.412334509451,1.4478437928953794e-15,3.8537193303432886e-17
5267.155490743803,1.5314830024808213e-15,3.933250430134547e-17
5269.898617698614,1.453238545736442e-15,3.850016539049256e-17
5275.384783517827,1.4225563654089311e-15,3.831658092534254e-17
5278.127822256353,1.5492222017369313e-15,3.963041505331767e-17
5280.870831463588,1.5730088985990817e-15,4.044845366574076e-17
5283.613811076609,1.478026117904892e-15,3.886434985314251e-17
5286.356761032503,1.6059593272802213e-15,4.0278031298497685e-17
5291.842571721287,1.6604412276014467e-15,4.084201627502614e-17
5294.585432328383,1.7547761339701054e-15,4.196201882442294e-17
5297.328263026765,1.7396549017957216e-15,4.1815968506748126e-17
5300.071063753553,1.7467603435528827e-15,4.183928838257722e-17
5302.813834445874,1.931269001057695e-15,4.3731510355906575e-17
5305.556575040862,2.0026827723571786e-15,4.440110644432335e-17
5308.299285475659,2.107406961340385e-15,4.5350541042689266e-17
5311.041965687414,2.319792426051402e-15,4.743809013714444e-17
5313.784615613279,2.387630024247578e-15,4.799357169697585e-17
5316.5272351904205,2.5487198089475848e-15,4.9315316980329434e-17
5319.269824356004,2.5105914678598797e-15,4.906129312293685e-17
5322.012383047208,2.1405242555121336e-15,4.5679034316268774e-17
5327.497408755215,1.9062552710923282e-15,4.369241118271242e-17
5330.2398756464045,1.8426270031275324e-15,4.300435573174591e-17
5332.982311811989,1.82588349110092e-15,4.291311771018131e-17
5335.724717189181,1.8037340030466935e-15,4.276570419885701e-17
5338.467091715198,1.6938419601731703e-15,4.167768045194151e-17
5341.209435327266,1.5315636823690472e-15,3.9957002502765855e-17
5349.436280052139,1.5458030473662209e-15,4.026903157343311e-17
5354.92068748177,1.6322433949082327e-15,4.110218112128632e-17
5357.662844292285,1.5499966016089585e-15,4.285472537637997e-17
5360.404969749631,1.6420614596789757e-15,4.374919878612541e-17
5368.631157375529,1.4457873027785644e-15,3.935493413083546e-17
5371.373156793107,1.502766362107414e-15,3.9833623551319895e-17
5374.115124544007,1.4285022190613011e-15,3.9089706939226455e-17
5376.857060565545,1.5518820969495466e-15,4.04186586200766e-17
5379.598964795051,1.500110490301298e-15,3.9913472950210864e-17
5382.340837169859,1.4920893000490367e-15,3.9795728753097616e-17
5387.824486104751,1.4219348549838833e-15,3.9171898913612174e-17
5390.566262539541,1.3900137830918946e-15,3.888984025089894e-17
5396.049719030629,1.4589995344480738e-15,3.955356997441149e-17
5398.7913989616745,1.4509492274382505e-15,3.95349749542413e-17
5401.5330465995685,1.4378391691180037e-15,3.9389186025640054e-17
5412.4993129676,1.3513025774573601e-15,3.852543410384483e-17
5415.240798200781,1.3114548653658472e-15,3.8240943530130694e-17
5420.723670598543,1.3677811799297189e-15,3.8884235275068283e-17
5423.465057638007,1.4566503944479824e-15,3.987517448784966e-17
5431.689021368196,1.4042343016059918e-15,3.926436116248335e-17
5434.430276607087,1.5701152222930242e-15,4.12609997988965e-17
5437.171498739524,1.5916431999222027e-15,4.147535207411104e-17
5442.653843435014,1.579186204004289e-15,4.1253280549420154e-17
5453.618132798694,1.6545765832328948e-15,4.21439191498458e-17
5456.3591214361495,1.5296364706558069e-15,4.07968952269726e-17
5464.581885460892,1.5338722706667888e-15,4.0884185942654093e-17
5470.063559279993,1.352961597363676e-15,3.8926586922431e-17
5472.804345343055,1.399119599033115e-15,3.942698487091128e-17
5475.545097425243,1.2279128528111028e-15,3.7636499495481045e-17
5481.026499397404,1.3432446471510115e-15,3.887168529081463e-17
5483.7671491626,1.414089635826414e-15,3.971548561623507e-17
5486.507764697369,1.3221156220399898e-15,3.8683501701458815e-17
5489.24834593934,1.3828154853478907e-15,3.934572926497897e-17
5491.988892826153,1.3663128483156536e-15,3.913860654831814e-17
5494.729405295455,1.2852514776260618e-15,3.8223966475238656e-17
5497.4698832849,1.2874880681232868e-15,3.8354512119511775e-17
5500.210326732149,1.290579208985173e-15,3.848482284449093e-17
5505.691109750757,1.3956767277398816e-15,3.9529148294006476e-17
5508.431449197479,1.4561322220424996e-15,4.015285240203881e-17
5511.171753852737,1.4267174147623179e-15,3.9902097562427035e-17
5516.652258539679,1.4058137004152658e-15,3.966899806580959e-17
5522.132623313294,1.3530129487361034e-15,3.9251768164837844e-17
5530.352907046554,1.3356409382626281e-15,3.8912488456070644e-17
5533.092931128058,1.3320098138968673e-15,3.888539001920341e-17
5535.832919857708,1.3311184175990006e-15,3.898463514909752e-17
5538.572873173279,1.4184348089667101e-15,3.982984499028175e-17
5541.312791012557,1.5755118809582182e-15,4.167126483911055e-17
5544.052673313331,1.5695484513721927e-15,4.162963780196443e-17
5546.7925200134,1.53690591916738e-15,4.1255805104649666e-17
5549.532331050571,1.5420949488813783e-15,4.153665608366857e-17
5552.272106362661,1.5682295151941993e-15,4.153430358200647e-17
5555.011845887495,1.4652313675992605e-15,4.0365421275852687e-17
5557.751549562903,1.4430864323471257e-15,4.0215655262866286e-17
5563.230849116816,1.4833174268472711e-15,4.065205921043701e-17
5565.970444871023,1.4027314533993258e-15,3.982014712478018e-17
5568.710004527219,1.3520589778792582e-15,3.938883530106033e-17
5571.449528023272,1.3315571806656783e-15,3.893069966443661e-17
5574.189015297067,1.3668335618199782e-15,3.9349577309188565e-17
5582.407259163843,1.3504630619275127e-15,3.9240372924719314e-17
5587.885906158608,1.2647753031591363e-15,3.8265464472209216e-17
5593.364406774206,1.312830129234833e-15,3.878327953566741e-17
5596.103602034675,1.2326080623168518e-15,3.789518203408353e-17
5601.581882150733,1.284598732861084e-15,3.852778660550693e-17
5604.320966882263,1.300202879694521e-15,3.865405407165193e-17
5607.060014646767,1.254904828224782e-15,3.822370839488754e-17
5609.799025382235,1.2457659779986185e-15,3.8155800175319386e-17
5612.537999026669,1.281607330128737e-15,3.849983782696999e-17
5615.276935518074,1.1754932659582048e-15,3.746790685175294e-17
5618.015834794467,1.2817143739174463e-15,3.859167472729808e-17
5620.754696793873,1.2308111877983702e-15,3.8027077637116334e-17
5626.232308713867,1.2873206732370857e-15,3.8602219625746904e-17
5628.971058510546,1.3558329331757497e-15,3.941239009618339e-17
5631.709770782424,1.431194301525912e-15,4.0345274464853345e-17
5634.448445467565,1.3332272120003086e-15,3.92229491922965e-17
5637.1870825040505,1.2687672635604275e-15,3.8567471422574777e-17
5642.664243383393,1.3310429257875765e-15,3.924262285598546e-17
5645.402767102446,1.3312989414958841e-15,3.926652837568824e-17
5648.141252925233,1.3210014560769952e-15,3.913442763186352e-17
5650.879700789871,1.3196560501194002e-15,3.9168772170896724e-17
5659.094816016227,1.3182716806462314e-15,3.9059905276117395e-17
5661.833111429643,1.3719163947782144e-15,3.965710651732353e-17
5667.309587392392,1.2357763890560565e-15,3.809236865722637e-17
5670.047767818074,1.3344846324105076e-15,3.9256509564109e-17
5675.5240132490035,1.3164744884903946e-15,3.904794424445988e-17
5681.00010437405,1.2395228157817623e-15,3.8162503647003516e-17
5686.476040698976,1.270838470874701e-15,3.856623726910085e-17
5689.213950656984,1.2291910255285096e-15,3.8006788551051633e-17
5691.951821729686,1.2927079086607414e-15,3.889093543802996e-17
5694.689653855341,1.4096393247215399e-15,4.0293023119919596e-17
5697.42744697222,1.3176279356063181e-15,3.91099199246748e-17
5702.902915932769,1.4488014695213688e-15,4.072910612141265e-17
5708.378228117664,1.3377557677736853e-15,3.9294348114049624e-17
5721.2918303874285,1.5312707148484156e-15,3.264974852847651e-17
5731.040554154202,1.6915243721503641e-15,3.400465713694857e-17
5735.914990249198,1.8639758332883666e-15,3.548171716083756e-17
5755.4132267582945,1.8359453954813537e-15,3.4962691104962587e-17
5770.037417736965,1.4124455448757934e-15,3.1058673237675664e-17
5774.9122452931715,1.435557897632811e-15,3.117517997259253e-17
5779.787121277455,1.3873316532644138e-15,3.0626123951759434e-17
5789.537018081586,1.3154198265919446e-15,2.983460805849724e-17
5799.287107251905,1.248467060188294e-15,2.8949872218922776e-17
5804.162223693882,1.160127876536775e-15,2.808481996920462e-17
5809.0373878907785,1.1970355372683682e-15,2.853050819197064e-17
5813.912599730365,1.1890416638286557e-15,2.83442602052482e-17
5818.787859100398,1.245904044369021e-15,2.8896998834168386e-17
5823.663165888624,1.259523804765278e-15,2.8857383500271997e-17
5833.413921270581,1.2528321386028507e-15,2.875850232984741e-17
5838.289369639751,1.214285892634794e-15,2.8268980152060976e-17
5848.040407172989,1.2951374109117036e-15,2.903073408688351e-17
5857.791631683976,1.2890385619332358e-15,2.88698838536889e-17
5867.54304227403,1.2706468296703848e-15,2.866543127604539e-17
5877.294638044293,1.2802240194467523e-15,2.8797280556963894e-17
5882.170505091062,1.3412344262089403e-15,2.935922736046302e-17
5887.046418095736,1.3298138809811105e-15,2.9235788852012955e-17
5891.922376945909,1.3254822603679705e-15,2.914323726763562e-17
5896.798381529161,1.4114419167124154e-15,2.997855071997127e-17
5911.4266685530965,1.1303172931119887e-15,2.7299845420226498e-17
5916.302854944309,1.0825310823596901e-15,2.686148105460402e-17
5930.9316846930815,1.1934002836169895e-15,2.806642678110389e-17
5935.808051092754,1.2590160085133991e-15,2.864530431738075e-17
5940.684462213289,1.2303443667653147e-15,2.8360823669833964e-17
5955.313962774832,1.2439064230420401e-15,2.847289009922265e-17
5960.190551653518,1.206185398922846e-15,2.8113288217166245e-17
5965.067184690362,1.1960448263574359e-15,2.8051954429106663e-17
5974.820582788224,1.1540773084363007e-15,2.7649555876517992e-17
5979.697347624067,1.144299160093197e-15,2.7465101217363567e-17
5984.574156167719,1.2002826380716675e-15,2.8007376011534956e-17
5994.3279039279805,1.1772061783357898e-15,2.7860141171222967e-17
5999.2048429193355,1.1861447052699276e-15,2.7832787962727063e-17
6004.081825167986,1.216672407963683e-15,2.8146342354443864e-17
6008.958850561278,1.1607709863019778e-15,2.759421583917697e-17
6013.835918986548,1.1815220229602873e-15,2.7731175441919824e-17
6033.344620753796,1.1480479161595078e-15,2.7249066456783093e-17
6038.221902648657,1.195561276423672e-15,2.7577402566046216e-17
6043.0992268993095,1.1555712627970205e-15,2.7147220671043114e-17
6047.9765933930175,1.179292632243114e-15,2.724439950376707e-17
6052.85400201704,1.1611878323911453e-15,2.7053051121387627e-17
6057.731452658625,1.2076886706459855e-15,2.7516727213754227e-17
6062.608945205008,1.2585574460515793e-15,2.787890493623812e-17
6067.48647954342,1.2498170189479806e-15,2.776834728428673e-17
6072.364055561076,1.3042471443803052e-15,2.824018103185433e-17
6077.2416731451885,1.3194771144092927e-15,2.8296389608838533e-17
6082.119332182956,1.4751702404441056e-15,2.961987197147848e-17
6091.874774168198,1.678372597457465e-15,3.122505565480703e-17
6111.386150618227,2.46861759719164e-15,3.695615336782353e-17
6121.1420832773565,2.201089228823184e-15,3.494357661536771e-17
6126.020110320388,1.7449375286503915e-15,3.1439771889491095e-17
6135.776285268905,1.3470758830505612e-15,2.803050729018439e-17
6145.532620614609,1.1763144644005678e-15,2.640025672557303e-17
6155.289115454072,1.1490082397634573e-15,2.6073641151984016e-17
6165.045768883715,1.2037630964519355e-15,2.646174271486532e-17
6169.9241547874435,1.1774963929993428e-15,2.6326998301802882e-17
6174.802579999811,1.1988351646439284e-15,2.6480695077060135e-17
6184.55954789849,1.082664066532409e-15,2.533144342120346e-17
6199.195291736268,1.1572543172632148e-15,2.6103302194388942e-17
6208.952647636003,1.1387443180251033e-15,2.5884991032762722e-17
6213.8313832491085,1.1534469041653067e-15,2.593197323719451e-17
6218.710157153624,1.1123516184216066e-15,2.5565783688739734e-17
6223.5889692364835,1.105805641926107e-15,2.6363023671840792e-17
6243.104597089644,1.105339773805117e-15,2.5509336883739115e-17
6247.983598367861,1.0971537297654963e-15,2.548695006764098e-17
6252.862637145818,1.1045446216258821e-15,2.556875657586125e-17
6262.62082674841,1.118187463669952e-15,2.5701615017127066e-17
6389.490488274248,2.3466363824575483e-15,3.460915741987987e-17
6394.37056529785,2.0830246944371963e-15,3.272643147998263e-17
6399.25067642357,1.8089419851228866e-15,3.067331956878926e-17
6409.011000527827,1.4055303678944093e-15,2.7339766810949532e-17
6413.891213279577,1.255643229196551e-15,2.6060963781916028e-17
6418.771459679875,1.2216293506501336e-15,2.5665721995987165e-17
6423.651739615303,1.213717427648068e-15,2.5579647235806122e-17
6428.532052972442,1.214772089546518e-15,2.560973675776835e-17
6448.053638349437,1.2504533524496054e-15,2.58846270732932e-17
6462.695172751398,1.2586238322588204e-15,2.5974769907726777e-17
6467.575749398163,1.2659323501650857e-15,2.6010408157238012e-17
6472.45635844551,1.282969888503514e-15,2.618399366314349e-17
6482.217673287943,1.2301388553964871e-15,2.566519260039513e-17
6487.098378856013,1.1812711953287816e-15,2.5216336275883032e-17
6501.740686785385,1.2384776830039689e-15,2.5771988234920628e-17
6526.145163939011,1.2533137827124832e-15,2.5950346572960537e-17
6531.026152938393,1.3005043175446252e-15,2.6373485852228363e-17
6535.907172862313,1.344569089043162e-15,2.6767116290323972e-17
6545.669305029377,1.6340971265132987e-15,2.929357568960591e-17
6550.550417045315,1.8985515064370503e-15,3.1305467536514535e-17
6555.431559531376,2.3552640483000438e-15,3.454221203854473e-17
6565.193935459361,4.1559184513087575e-15,4.5218238466795084e-17
6574.956431904276,7.422135517678227e-15,5.995852419059613e-17
6584.719047956951,8.029668205030479e-15,6.237455994118592e-17
6599.363194311425,9.147570430355443e-15,6.652923669513356e-17
6604.244635248336,9.575399148717065e-15,6.820288115467945e-17
6609.126105405144,9.792918056604916e-15,6.881759546381456e-17
6614.007604668151,7.49443316785817e-15,6.036395518731042e-17
6623.7706900579315,2.8537905833624826e-15,3.794841606958499e-17
6628.652275957277,2.2323337331485536e-15,3.378611601911206e-17
6633.53389050796,1.9014125719746386e-15,3.1438054662539434e-17
6638.41553359625,1.6936421662767367e-15,2.989106478966521e-17
6643.297205108407,1.5900088498504755e-15,2.9090539245171093e-17
6648.178904930688,1.5103342838537759e-15,2.835876564446993e-17
6653.060632949339,1.3637859372757572e-15,2.716005024234381e-17
6657.942389050603,1.2917956541765485e-15,2.648617266707646e-17
6662.824173120713,1.2731124367007236e-15,2.6337256995759765e-17
6667.705985045901,1.2636729956574033e-15,2.629347928902101e-17
6672.587824712386,1.2502742049812611e-15,2.6088790137722312e-17
6677.469692006385,1.1882042658811764e-15,2.5508465035373484e-17
6687.233509021754,1.1896875264509371e-15,2.5560483115374494e-17
6696.9974351816045,1.1909359471360716e-15,2.5469041607379207e-17
6701.879438906181,1.239900168959764e-15,2.594680293121636e-17
6726.289859422473,1.2891157478105543e-15,2.635544835179103e-17
6731.172023107523,1.372032650050225e-15,2.7045513851646044e-17
6736.054213054177,1.5014538845556434e-15,2.822470944567714e-17
6740.936429148571,1.6948237772381565e-15,2.967119687412617e-17
6745.81867127683,1.7805564287527373e-15,3.039500637988967e-17
6750.700939325076,1.7826803638679774e-15,3.040076024823059e-17
6755.583233179426,1.8406764980082426e-15,3.084509189479202e-17
6765.347897850866,1.3657664061855561e-15,2.6961928905108786e-17
6784.877531855396,1.123524300633246e-15,2.477578319035974e-17
6789.760003163197,1.0562981543458692e-15,2.413044996367037e-17
6794.64249936581,1.0652381635876647e-15,2.424505914626204e-17
6882.531558108888,1.07984757610367e-15,2.4345179433244235e-17
6892.297475822621,1.075225740826977e-15,2.4337212029584124e-17
6897.180468487917,1.0648756334862399e-15,2.4263487075948498e-17
6902.063483540092,1.0746920041910884e-15,2.434673949587951e-17
6906.946520865094,1.045342630206082e-15,2.554949815683979e-17
6916.7126618773,1.1093196639869098e-15,2.4660474212969847e-17
6926.478890611958,1.126140361890841e-15,2.5327199984661064e-17
6931.362037590005,1.1269056561586852e-15,2.4877862241032458e-17
6936.245206156409,1.099113022851614e-15,2.4554884607777453e-17
6941.128396197079,1.0811615359630983e-15,2.441467583958849e-17
6950.894840244808,1.0785533097602655e-15,2.441280310268167e-17
6955.77809402365,1.009668461203928e-15,2.3703348489268414e-17
6965.544664520718,1.0541258324735171e-15,2.415361929262798e-17
6989.961452583846,1.0058896354679897e-15,2.3670802240886903e-17
6994.844871309732,1.0696579815064377e-15,2.4305357304194707e-17
6999.728310140357,9.605713610866349e-16,2.3185817975940937e-17
7004.611768961564,1.0791789494709312e-15,2.4366595139303233e-17
7009.495247659187,1.080832993058682e-15,2.4423748356546972e-17
7014.378746119062,1.124635925497399e-15,2.4748477958339364e-17
7019.262264227015,1.1639175019427907e-15,2.513665727619825e-17
7029.029358930443,1.2128757945358525e-15,2.562373265373275e-17
7033.912935297549,1.2117229826946394e-15,2.5619409807851546e-17
7038.796530856,1.1983411326774423e-15,2.6907124880804697e-17
7043.680145491598,1.1837391316997254e-15,2.7121056948268062e-17
7048.563779090147,1.195124525060244e-15,2.724549138217564e-17
7053.447431537439,1.106512596799709e-15,2.5338798711210282e-17
7072.982227529828,1.0981976978729872e-15,2.4508473157968328e-17
7087.633516839302,1.1185593111337966e-15,2.478935226112806e-17
7092.517315964691,1.1671047810441902e-15,2.5187064008366005e-17
7097.401132910793,1.1682156647545142e-15,2.5143537764533465e-17
7112.052689530904,1.0371839029790103e-15,2.3971692497425517e-17
7116.936576617355,1.0531683676057646e-15,2.4141772411894995e-17
7121.820480953246,1.0543045564253878e-15,2.4164008681121646e-17
7126.70440242431,1.0377632735149322e-15,2.3991106426402136e-17
7136.472296314864,1.0861125494189181e-15,2.458665496074439e-17
7141.3562685058,1.1916352787131484e-15,2.555518088764803e-17
7146.2402573748,1.2304414579168937e-15,2.5851726791609514e-17
7151.124262807574,1.417169024106157e-15,2.7525766643488206e-17
7156.008284689836,1.5416770440010268e-15,2.8598092156738674e-17
7160.892322907286,1.710461064235655e-15,2.997990398745341e-17
7165.776377345628,1.6734465714735892e-15,2.9721062630173314e-17
7175.544534427773,1.3547970118812577e-15,2.7162801445061163e-17
7180.428636842961,1.2790843366162217e-15,2.6497830950629784e-17
7195.081038213206,1.1737287904499557e-15,2.5586031415773807e-17
7199.965202997113,1.1158949689982081e-15,2.5100193500435686e-17
7204.849383087387,9.823945296979315e-16,2.3845248014629436e-17
7209.733578369698,1.0413612577166317e-15,2.4450912967863213e-17
7224.386254225476,9.923198500156206e-16,2.4090237405371716e-17
7229.2705091325415,9.775119141526025e-16,2.396072573686429e-17
7234.154778659933,9.686280208435626e-16,2.3917589922280874e-17
7243.923361118271,1.0027114619707731e-15,2.4374479824902088e-17
7248.807673820502,1.0260871360952685e-15,2.4616296150814615e-17
7253.692000685627,1.0172289714120014e-15,2.452776797293674e-17
7258.57634159928,1.0902893747609475e-15,2.5282189778809603e-17
7268.3450651146795,1.01378662951436e-15,2.5383186877241103e-17
7273.229447487679,1.065093532711921e-15,2.520267290652488e-17
7282.998252892383,1.0357078421893012e-15,2.498140705575062e-17
7287.882675695319,1.0655473306134125e-15,2.530180057677201e-17
7292.767111746128,1.004726765110528e-15,2.4700986210650244e-17
7312.304986140197,1.1143710508469793e-15,2.593597844572049e-17
7317.189486714427,1.0311225352084585e-15,2.5190771431871468e-17
7322.073999850132,1.0337722660257067e-15,2.524803880003974e-17
7326.958525432904,1.1059246500551962e-15,2.6034475804340855e-17
7331.843063348327,1.2073872327958814e-15,2.7030116711723982e-17
7336.727613481988,1.3494315875559938e-15,2.836976383789444e-17
7341.612175719466,1.4692777498674127e-15,2.9518886453575553e-17
7346.496749946344,1.5114375442675746e-15,2.9922451330827924e-17
7351.381336048193,1.4651153240854867e-15,2.9514419678267767e-17
7361.1505434191,1.3754860033761808e-15,2.885726107754134e-17
7366.035164459295,1.2386101377810958e-15,2.757923063519996e-17
7370.91979691674,1.217946451395472e-15,2.7481029407238888e-17
7375.804440676995,1.2020366315471944e-15,2.7373285823731406e-17
7380.689095625619,1.1145424691396798e-15,2.6466101956693475e-17
7385.573761648172,1.0905032505801292e-15,2.631565103815988e-17
7400.227825014923,1.1298345902111722e-15,2.6831242640131533e-17
7405.112534188702,1.1387422004427352e-15,2.6878504431610363e-17
7414.88198392682,1.0455445416848838e-15,2.6077674484650824e-17
7419.766724262239,1.0644480936061133e-15,2.6230492794097546e-17
7424.651474755951,1.028016994786469e-15,2.5789875188486474e-17
7429.53623529349,1.044231217100166e-15,2.6007064693202073e-17
7434.421005760385,1.1167497311211061e-15,2.6767346246534262e-17
7439.305786042167,1.0036922202445752e-15,2.5661713478738733e-17
7449.0753755925025,1.0135053086967531e-15,2.5774937960984992e-17
7453.960184632104,1.0555033198039895e-15,2.624825567057151e-17
7463.729830667775,1.0528596240964904e-15,2.623666356146719e-17
7473.499513215521,1.0659861995592087e-15,2.7542513742169955e-17
7478.384367895206,1.052359768778492e-15,2.741232213119901e-17
7488.154103493751,9.82437093103531e-16,2.5636267748735377e-17
7493.038984183625,1.075207000223019e-15,2.652164382610396e-17
7497.923873314571,1.0330868046131412e-15,2.6255946795907028e-17
7507.6936764416905,1.0144281510927867e-15,2.5948174396671972e-17
7512.578590208862,1.033397771583902e-15,2.6208493098526085e-17
7527.233378950769,1.0281944481889188e-15,2.6193210109528556e-17
7532.118323963178,1.0461829927688768e-15,2.639097410473896e-17
7537.0032765006235,1.0408344032234395e-15,2.635987707679064e-17
7541.888236448593,1.125520651410806e-15,2.7226120466590872e-17
7546.77320369257,1.0775777395632654e-15,2.6787153913482456e-17
7576.083153959584,1.0326363948434387e-15,2.654392145436124e-17
7585.853190558395,1.1580873741668394e-15,2.7814087063438464e-17
7590.7382183130185,1.1022618678330318e-15,2.7311697264043158e-17
7595.6232522184155,1.1290809426463527e-15,2.7597686689027242e-17
7600.508292160053,1.1006609755627212e-15,2.732235465905529e-17
7605.393338023399,1.150323364293188e-15,2.7894872830782843e-17
7610.278389693918,1.2224276792029208e-15,2.861452658114888e-17
7615.163447057073,1.3194055401252497e-15,2.9574449829681965e-17
7620.048509998329,1.4493997924194856e-15,3.083808732936492e-17
7624.933578403144,1.7696038692282656e-15,3.363745181070158e-17
7629.818652156979,1.814958248388997e-15,3.4072413155284014e-17
7634.703731145294,1.671913971234651e-15,3.301861483339351e-17
7639.588815253546,1.30805476923645e-15,2.971946451722986e-17
7668.899421007195,1.0040959373230603e-15,2.700277342939543e-17
7678.669658691791,9.680298038245642e-16,2.7352124889301075e-17
7683.554783724869,9.884279453812239e-16,2.6982011196020348e-17
7688.439912732397,1.0172380770161844e-15,2.7335541572380612e-17
7693.325045599821,1.0590213652712918e-15,2.7916085050411153e-17
7698.210182212585,9.909129282902312e-16,2.7256661629167555e-17
7703.095322456134,1.022601595517317e-15,2.7557844707643013e-17
7707.98046621591,9.588294378306064e-16,2.6977941467406587e-17
7712.865613377357,9.593771505101247e-16,2.715667038236092e-17
7717.750763825913,9.929416780780236e-16,2.7524249594244784e-17
7722.635917447022,9.636857953545705e-16,2.723422021914899e-17
7737.2913962000575,1.0774016625893549e-15,2.870312755092066e-17
7742.176561365767,1.0747526729259355e-15,2.9163251729736955e-17
7747.061729131222,1.1707821745846948e-15,3.0264553379845155e-17
7756.832072003111,1.1193206878742598e-15,2.947924464989956e-17
7771.487602944932,1.0768264213390508e-15,2.9779441729084857e-17
7776.372783903005,1.1795068256996509e-15,3.0456753758255527e-17
7781.257966658871,1.1499722691365511e-15,3.02005064393764e-17
7786.143151097959,1.2449826842806451e-15,3.122212081799369e-17
7791.028337105705,1.1698596498260164e-15,3.045683647631678e-17
7795.913524567537,1.134702594438161e-15,3.022752546690483e-17
7800.798713368889,1.1510120020793058e-15,3.0473284135616786e-17
7805.683903395196,1.0788278543142943e-15,2.982210439635789e-17
7815.454286664389,9.833762408837992e-16,2.8869837531574595e-17
7820.339479678139,1.0238195230163503e-15,2.9404599871422777e-17
7825.224673458567,9.667513134698023e-16,2.891424720430134e-17
7830.109867891099,1.028358984338923e-15,2.968508027352726e-17
7834.9950628611705,1.0462404851301716e-15,2.993395906750976e-17
7839.88025825421,1.0605388247962979e-15,3.0192638297389795e-17
7854.535845825435,1.058148709577383e-15,3.0388276438425937e-17
7859.421041764647,1.064701779973816e-15,3.0545824566615237e-17
7864.306237553977,1.0812656151364922e-15,3.2082782393020416e-17
7874.076628224712,1.0577539922239625e-15,3.282616630079937e-17
7888.732210242454,1.1308240305726836e-15,3.1958116348541324e-17
7893.617402726529,1.2794288672675173e-15,3.36799159546276e-17
7913.158161998449,2.017062850702715e-15,4.1034438337840675e-17
7918.043348577492,1.7958578671866494e-15,3.905315217359651e-17
7922.928533631824,1.4249851265060644e-15,3.567528073289742e-17
7937.584078500885,1.0741383622809393e-15,3.202758628510598e-17
7957.124776696641,9.4754092386343e-16,3.0968679295752344e-17
7962.009945428896,9.429101947407907e-16,3.1550829158532464e-17
7966.895111605351,9.3930564603375e-16,3.1914778701888446e-17
7971.780275111441,9.252544282299852e-16,3.094681525780134e-17
7981.550593654281,1.0175556084922864e-15,3.218562410421791e-17
7986.435748461908,9.876746154537596e-16,3.192487030536159e-17
7991.320900140926,1.0819716170980286e-15,3.316544600956657e-17
8001.091193654894,1.0149126539386161e-15,3.274892748392162e-17
8005.976335260727,9.525431828125586e-16,3.199953493617308e-17
8015.74660759731,9.375730401401413e-16,3.186911502335307e-17
8020.631738098947,9.408166469325333e-16,3.2017392111236874e-17
8025.516864670073,9.731784935944495e-16,3.2618782195064977e-17
8030.401987196136,9.956220079604915e-16,3.2846822655056046e-17
8035.287105562586,9.396248715757465e-16,3.231980603446381e-17
8049.942434558719,1.0503437244849083e-15,3.392760029980558e-17
8059.7126309913065,1.0060926057379755e-15,3.3534279227259066e-17
8064.597721994508,9.86127086259126e-16,3.340920951864105e-17
8074.367889001996,1.0566053096683673e-15,3.461100037828464e-17
8084.138035247312,1.0779280935660734e-15,3.4963303218615876e-17
8098.793213681746,9.81774925097015e-16,3.3996004827741266e-17
8103.678261786126,9.834297098385947e-16,3.430964193751932e-17
8108.563304012735,9.207959644329938e-16,3.335665377124188e-17
8118.333370374488,9.585621989357477e-16,3.4156653228866414e-17
8123.218394280573,9.355165500233263e-16,3.4035636705249906e-17
8128.103411850755,9.190384769465596e-16,3.3653932557226087e-17
8132.9884229705085,9.943533643637413e-16,3.484453662626551e-17
8142.758425400616,9.59810301983527e-16,3.4558977335199956e-17
8147.643416481925,1.0709872938380349e-15,3.5976467120095326e-17
8157.41337780444,1.0373906848972587e-15,3.5834049779670846e-17
8172.068265970177,1.0216962231758206e-15,3.580182282300578e-17
8176.953213882551,9.773651656944907e-16,3.5387918188096496e-17
8181.838154199301,9.833572885216044e-16,3.5622480140036933e-17
8186.723086805918,9.726432746509032e-16,3.54682903651346e-17
8191.608011587892,1.0457843578880752e-15,3.6560142303924994e-17
8196.492928430718,9.919241797501344e-16,3.588730366750701e-17
8201.377837219892,1.0331879191712197e-15,3.653715660906337e-17
8225.802256353443,9.547305395197245e-16,3.5935564693165804e-17
8235.571963623852,9.754575416181556e-16,3.611429526248136e-17
8240.456803861875,1.0585274391839241e-15,3.7244002294824634e-17
8250.226456971115,9.66038852882043e-16,3.6236195214992077e-17
8264.880866500745,1.0060106553003286e-15,3.709125512291059e-17
8274.6504247621,1.0839655326558653e-15,3.7966127660860977e-17
8284.419943481658,9.868577580552512e-16,3.6983996267242065e-17
8289.304687727094,1.0186539984666384e-15,3.74852743358941e-17
8299.074145416955,1.034505796558029e-15,3.777963482867722e-17
8303.958858632459,1.054429282026871e-15,3.801777020086389e-17
8318.612934387798,1.003463627227935e-15,3.760831579765014e-17
8323.49760462768,1.0203408645810953e-15,3.796146567092863e-17
8338.151548709382,9.945118654039963e-16,3.755232559634765e-17
8352.805390430918,1.0170969401513482e-15,3.799258089685042e-17
8357.689981057365,1.0726175146241442e-15,3.8970314998333e-17
8367.459126702588,9.616192467215069e-16,3.733188527182472e-17
8372.343681492517,9.802684770003232e-16,3.7644294845573745e-17
8377.228224108096,8.679970126988443e-16,3.6274414268014477e-17
8382.112754434907,9.146928802897898e-16,3.687872926248857e-17
8391.881777764582,9.532768192239993e-16,3.7400663685397277e-17
8396.766270538626,1.0192202399918779e-15,3.8354217643213706e-17
8401.650750566265,9.869184267900983e-16,3.7962666737178055e-17
8406.535217733099,1.0149387002017442e-15,3.834588628008407e-17
8411.419671924727,9.741538520332128e-16,3.812432429865052e-17
8430.95735665131,1.0617734811960394e-15,3.904934714277877e-17
8440.726118189219,1.0543406612047645e-15,4.098145907396788e-17
8445.610478351491,1.0743303211226108e-15,4.1232389275869515e-17
8450.49482462348,1.0433133510226976e-15,3.898932360880947e-17
8455.379156890811,9.794090561962153e-16,3.829452829021188e-17
8465.147778954033,9.210693443167202e-16,3.7470679561166215e-17
8470.0320685212,9.392429655956532e-16,3.7795596105777044e-17
8479.800604154856,9.827355663383198e-16,3.8363697133033563e-17
8484.684849992642,9.984486627845975e-16,3.8600224466109426e-17
8489.569081025269,1.0645565138233618e-15,3.951313407734745e-17
8494.453297138392,1.0223581794240998e-15,3.8953655580796184e-17
8499.337498217672,1.0661741349943807e-15,3.955089983539417e-17
8504.22168414877,9.806864877597932e-16,3.857050221233917e-17
8509.105854817357,1.0854426522367584e-15,3.983963550001193e-17
8513.990010109099,1.0962873209395736e-15,4.016706336496247e-17
8518.874149909672,1.0988256669242579e-15,4.017910380595879e-17
8528.642382580027,9.819741895978566e-16,3.874428624159166e-17
8533.526475221171,9.993664229829475e-16,3.8799244121489685e-17
8538.410551913881,1.0126639932218928e-15,3.904925118982771e-17
8543.294612543847,1.0579533626039225e-15,3.95871899032281e-17
8548.178656996763,9.729919345878167e-16,3.848674852095695e-17
8553.062685158331,9.476581320475063e-16,3.8143316365514735e-17
8567.714670752,9.710513821056571e-16,3.8573506532323963e-17
8704.458854221186,9.727386717365877e-16,3.897948346824254e-17
8714.225727184312,9.794391258658428e-16,3.926183991597629e-17
8719.109133460292,1.0669104183837815e-15,4.031403350747844e-17
8723.992519447016,1.0209604691820118e-15,3.9702254035156674e-17
8728.875885030335,9.977794008771482e-16,3.934432967538253e-17
8738.642554530205,9.798176437141471e-16,3.93376923781474e-17
8743.525858218487,1.0286248468052424e-15,3.991294355461883e-17
8748.409141046828,9.68211174754395e-16,3.935766382685688e-17
8758.175643667211,1.0007029350945964e-15,3.9642541521097696e-17
8763.058863231025,9.617807123770772e-16,3.902782721196259e-17
8767.942061478443,1.0307575698873103e-15,4.032760588696921e-17
8792.357728976178,1.0927659932196006e-15,4.097706178183155e-17
8802.123842767312,1.0207408758904362e-15,4.015284247587146e-17
8811.889867642165,9.789410704928573e-16,3.961332881058477e-17
8816.772846450838,9.38871753406519e-16,3.904115805471449e-17
8821.655802688272,9.676147576804096e-16,3.944741954076379e-17
8831.421646993247,1.0469831212666768e-15,4.05005792792214e-17
8850.95305973069,9.834124515422944e-16,3.977083061665977e-17
8855.835854776478,1.062522999475241e-15,4.090615916844595e-17
8860.718626338816,1.0580439951292787e-15,4.096756574839944e-17
8865.6013743037,1.0800509698901295e-15,4.1186533691432026e-17
8880.24947547368,9.982006938892888e-16,4.012739178278443e-17
8885.132127908837,1.0760422805881301e-15,4.134762215264305e-17
8890.014756176606,9.87596370785257e-16,4.024609881813069e-17
8899.779939754135,9.535397170750033e-16,3.9927190913489443e-17
8909.545025294583,1.0331213212057418e-15,4.076105845411435e-17
8919.310011886364,9.433450402800874e-16,3.987640202387869e-17
8924.192467791656,1.0207768747906945e-15,4.084390886426766e-17
8929.074898617977,1.0117853024182348e-15,4.057749715002148e-17
8938.83968457802,1.0679153170965803e-15,4.135443812089049e-17
8948.604368855184,1.1050577118336814e-15,4.193673025873597e-17
8953.486672577927,1.0792397240848967e-15,4.1632989537806496e-17
8958.368950538252,1.043831946944654e-15,4.126365008557912e-17
8963.251202622272,1.05323380090094e-15,4.140641484186087e-17
8982.779949917782,9.992635084798561e-16,4.0931821619769797e-17
8992.544165347099,9.146565637521763e-16,3.971123390788655e-17
8997.426233108665,1.0085512247464995e-15,4.105791041490248e-17
9016.954235144853,1.0407087247098906e-15,4.149823519857671e-17
9021.83616783227,1.1206530707002908e-15,4.2635833533963735e-17
9031.599951024484,1.1541631764013286e-15,4.3223909318652185e-17
9046.24541864935,1.1123932289151405e-15,4.2893192583586134e-17
9056.008924296186,1.2172214970717406e-15,4.406772618768488e-17
9060.890634947382,1.1134926776806765e-15,4.2809915348236745e-17
9065.772317332085,1.214298915766358e-15,4.417526628476167e-17
9070.65397133655,1.2081315629982811e-15,4.4423354294078577e-17
9075.535596847034,1.3456871725335377e-15,4.591744762114126e-17
9080.417193749805,1.508098752147735e-15,4.7931956667508e-17
9085.298761931133,1.7601204883508064e-15,5.090277914621465e-17
9090.1803012773,2.113045659670257e-15,5.4742581328187857e-17
9095.061811674588,2.4596341775112978e-15,5.835074977758906e-17
9104.82474516771,2.866140535491687e-15,6.214921608999177e-17
9119.468925448346,1.7934361999904494e-15,5.150333212326285e-17
9124.350259764751,1.6738379006952207e-15,5.022312123282678e-17
9129.23156433647,1.445268177461016e-15,4.740421212797672e-17
9134.112839049842,1.4919415986788592e-15,4.7999848343463903e-17
9138.994083791216,1.3377021929397714e-15,4.619310059719088e-17
9143.875298446943,1.1409286042378354e-15,4.38168654689547e-17
9148.75648290339,9.925668659988636e-16,4.183898067138935e-17
9153.63763704692,9.565886121686452e-16,4.1329387783219933e-17
9158.518760763916,9.998800425863388e-16,4.2100157986719295e-17
9163.399853940753,9.92545372537827e-16,4.209118804015677e-17
9168.280916463824,9.458809510450483e-16,4.1454067062588826e-17
9173.161948219527,1.0169913786702966e-15,4.2453923282373524e-17
9178.042949094264,1.0283749720858023e-15,4.253450721764844e-17
9182.923918974446,1.0256341852267242e-15,4.268531547820666e-17
9187.804857746494,9.560667339940181e-16,4.1660895302951585e-17
9192.685765296834,1.0885596276035358e-15,4.368558197957518e-17
9197.566641511898,1.0941560801651633e-15,4.376960036875342e-17
9202.447486278123,1.1209466734956328e-15,4.416526401679468e-17
9207.328299481964,1.1322885505384863e-15,4.433747309416087e-17
9221.970548583744,1.1206441768543446e-15,4.444909946346368e-17
9226.851234402659,1.0997914962423646e-15,4.4332513319208003e-17
9231.731888091534,9.104371750045474e-16,4.1731556379598315e-17
9236.612509536862,9.57033410345072e-16,4.238230929366113e-17
9241.49309862515,8.787165852232619e-16,4.132681028843122e-17
9246.373655242893,9.076106260595598e-16,4.192956356590881e-17
9256.13467061284,9.53000580604076e-16,4.2535350941873244e-17
9261.015129138092,9.747419046568441e-16,4.3149178513391694e-17
9265.89555473891,1.0567750338951734e-15,4.438974098270687e-17
9275.656306713441,1.1813680747221238e-15,4.597266689011285e-17
9285.416925628886,1.125948826565643e-15,4.532257572054007e-17
9295.177410577831,9.943913749672494e-16,4.397121406253464e-17
9309.817884829383,8.900094931738522e-16,4.246570564301873e-17
9314.69797494716,9.031984314373121e-16,4.296781420100577e-17
9324.458052553333,9.427271297450654e-16,4.3557607212645877e-17
9339.097910688743,1.006244754031126e-15,4.484270177741846e-17
9358.617234664473,1.1478428283071538e-15,4.7344711372154555e-17
9363.496977961602,1.2420499385798955e-15,4.868595826562969e-17
9368.376685953412,1.117057627597433e-15,4.706623274713245e-17
9387.895162601775,9.80181762002348e-16,4.547154433141597e-17
9392.774692367819,9.821250673415862e-16,4.5801503369040925e-17
9397.65418614894,8.837745895282317e-16,4.4452954125118174e-17
9402.533643831901,8.772031491047552e-16,4.444675357924648e-17
9407.413065303472,8.575589198107111e-16,4.4244259765293496e-17
9417.171799159572,8.832722460509507e-16,4.499791063883546e-17
9426.93038681158,9.297009276865967e-16,4.5861411097724466e-17
9446.44711988135,1.009780375432084e-15,4.788064499975011e-17
9456.20526348847,1.1294648603296957e-15,4.96883853627582e-17
9461.08427916408,1.1289151359469276e-15,4.990283689964625e-17
9465.96325727022,1.1734998797959602e-15,5.0564061920263986e-17
9470.84219769377,1.0832272375632147e-15,4.928593552497155e-17
9475.721100321622,9.839982807044391e-16,4.801722906249487e-17
9495.236330614207,8.835826836261194e-16,4.731517109811906e-17
9504.993716046143,9.831118607251375e-16,4.930557941015846e-17
9514.750947129256,1.1637341193097102e-15,5.2186980355925676e-17
9519.629504507415,1.2140682051673497e-15,5.338658745875213e-17
9524.508022959279,1.4150393715185229e-15,5.621023134542844e-17
9529.386502371839,1.5585278115745854e-15,5.831778166709515e-17
9534.264942632093,1.925154270211466e-15,6.326134387995706e-17
9539.14334362705,2.3953591998912734e-15,6.879432191009976e-17
9544.021705243726,3.0184129189690136e-15,7.57240043307056e-17
9548.900027369149,3.817656267339226e-15,8.402782565466413e-17
9553.77830989035,4.61088059958625e-15,9.12730212306773e-17
9558.656552694378,4.760497534773934e-15,9.289080783781871e-17
9563.534755668286,4.917766565607114e-15,9.440417116443142e-17
9568.412918699134,4.780209262005963e-15,9.351227855819715e-17
9578.169124479959,3.3186852517377158e-15,8.073926655906361e-17
9583.047167004106,2.4124415250967876e-15,7.131472138421414e-17
9587.925169133541,2.0595476939963856e-15,6.772905886491927e-17
9592.803130755376,1.8247874304671728e-15,6.519760164037629e-17
9597.681051756723,1.6276837106740443e-15,6.277596091395585e-17
9602.558932024716,1.4370340643016385e-15,6.02840032180235e-17
9617.192327299994,1.4557043645250177e-15,6.156901837345728e-17
9626.947718414523,1.4082487083803851e-15,6.125847491917017e-17
9631.825351912621,1.2155714768904893e-15,5.872002967281234e-17
9636.702943887527,1.1086090033441635e-15,5.746327762454827e-17
9651.335469545222,9.488859063045514e-16,5.606303951850831e-17
9656.212894299524,8.60726505396087e-16,5.472160402785351e-17
9661.090276966761,7.757909118848725e-16,5.3726105395535744e-17
9665.967617434184,1.049085986437354e-15,5.838944197792184e-17
9670.844915589061,1.2112242920469434e-15,6.130909837265841e-17
9675.72217131866,1.0892915699490819e-15,5.985935516131838e-17
9685.476555051175,1.266234105652545e-15,6.61509107527314e-17
9690.353682828687,1.0367755272193153e-15,6.312839941190754e-17
9700.107809642783,1.0094318213742888e-15,6.025360267615095e-17
9704.984808454023,8.475005623807439e-16,5.81080086637517e-17
9709.861764051178,8.692120814616806e-16,5.85119970574777e-17
9724.492370431712,8.173504246232271e-16,5.899121918227662e-17
9729.369152046156,8.919511044471959e-16,6.035795978223064e-17
9734.24588988338,8.341219416766583e-16,6.029130225974867e-17
9743.999233775792,9.156233459823486e-16,6.243499044801659e-17
9748.875839605817,9.855488803935065e-16,6.405130798239011e-17
9763.505391280412,9.659483262358052e-16,6.456478200199362e-17
9768.381819524968,1.1339146420389777e-15,6.810573044609632e-17
9773.258203091813,1.211581316434211e-15,6.990283657514943e-17
9783.010835742343,1.2407202027318247e-15,7.088761825545096e-17
9802.515559960993,9.042490699292627e-16,6.723414677826145e-17
9807.391627634079,8.787906476665874e-16,7.016006327587382e-17
9812.267649729636,9.391572035097437e-16,7.180054110157878e-17
9822.019556738454,7.3121807943666065e-16,6.645925059786667e-17
9831.771280088127,1.057280924322921e-15,7.333633094895904e-17
9836.647072609794,9.317964871981038e-16,7.164376059699793e-17
9841.52281887951,7.666331622360734e-16,6.988776865311116e-17
9851.274172213627,1.0533170218880077e-15,7.531202868098479e-17
9856.149779053329,1.3271011520884102e-15,8.088457241418713e-17
9861.025339191676,1.2121980622989306e-15,7.969266470850232e-17
9865.900852516343,1.2740612194807668e-15,8.08544034828861e-17
9870.776318915023,1.2946818130651992e-15,8.196463868360987e-17
9875.651738275408,1.1674084423557809e-15,8.065599924988158e-17
9880.527110485213,1.2483784393661876e-15,8.28854627589488e-17
9895.15294308838,1.0229031392465396e-15,8.065807051013541e-17
9900.028125573164,8.604835657589026e-16,7.875495291377751e-17
9904.903260346071,9.124361727600675e-16,8.20680428776239e-17
9909.778347294883,9.482631253300827e-16,8.435143856262958e-17
9919.52837727137,9.785294124804917e-16,8.939205883984601e-17
9924.40332007465,1.193619029875618e-15,9.087146143922975e-17
9939.02785839851,1.4472972448861636e-15,9.487236200858134e-17
9943.902607437278,1.4978904169465445e-15,9.626379229545884e-17
9948.777307754544,1.4591187543353998e-15,9.752477289101427e-17
9963.401115256194,1.3564487261284036e-15,9.965860108638057e-17
9978.024480228583,1.1429647655639163e-15,9.693523795972528e-17
9982.898836356537,1.1612209725552066e-15,9.775078510414336e-17
9987.773142866317,1.4409279806392849e-15,1.0397697357483e-16
9997.521606583241,1.0732309782361931e-15,9.941089688886789e-17
10002.395763566356,1.0651971883688413e-15,1.0100311368891406e-16
10007.269870483231,1.0728526721461257e-15,1.022891479308625e-16
10012.143927221885,9.507355086239995e-16,1.0054553060893952e-16
10017.01793367034,1.010717405629984e-15,1.0274809420448652e-16
10021.891889716635,1.058204931389257e-15,1.0424305441683116e-16
10041.387207641334,1.012575054762431e-15,1.0897288639429917e-16
10051.134561280513,1.0449174196665604e-15,1.1179735084414314e-16
10056.008161377675,1.2232273841842473e-15,1.1650943483438822e-16
10065.755207567792,1.1437021077445012e-15,1.1806487849312273e-16
10070.628653437043,1.3103427111061023e-15,1.2226265466570683e-16
10075.502047673306,1.0273654146917936e-15,1.1935062156749555e-16
10080.375390164763,1.264547980691917e-15,1.2524647380619792e-16
10085.248680799597,1.3283892774429472e-15,1.2799588981342617e-16
10090.121919466015,1.3688761817722819e-15,1.3128685104152554e-16
10094.995106052225,1.0022393469817973e-15,1.2600467417310892e-16
10109.614352211956,1.265996195273485e-15,1.3535622231326182e-16
10114.487329359732,1.7373410195420597e-15,1.4599663696178054e-16
10119.36025386855,1.0981203002374319e-15,1.3629304075292507e-16
10124.233125626704,1.1366474879641753e-15,1.393132955450379e-16
10129.105944522487,1.003896990459574e-15,1.4049997546925137e-16
10138.851423280204,1.2298507583153023e-15,1.4781298000315918e-16
10143.724082918794,1.0255478937452227e-15,1.4702898483602632e-16
10148.596689248328,8.447585579118041e-16,1.4628821481898303e-16
10153.469242157176,1.3525941968228045e-15,1.5860032839824692e-16
10163.214187266287,1.5516663153062335e-15,1.685476583376748e-16
10168.086579243336,1.595628701697271e-15,1.7130427412495472e-16
10172.958917353255,1.3074369645805464e-15,1.6879744041288622e-16
10182.703431525408,1.4453644215796477e-15,1.8232247870283866e-16
10187.575607364519,1.0180657340847703e-15,1.831155000648157e-16
10192.447728890262,1.252444938666837e-15,1.9772155091881164e-16
10197.319795991112,1.4118201169233645e-15,1.9990918555866328e-16
10207.06376647207,1.265128939414615e-15,2.027782846743606e-16
10216.807517915426,1.248675006776845e-15,2.1304751360352474e-16
10221.679311219312,1.0996847700910106e-15,2.0818337396435771e-16
10226.551049429398,1.5317102190689222e-15,2.1924481692722102e-16
10231.422732434245,1.0580014317236792e-15,2.1858954429829122e-16
10236.294360122427,1.4183220477056069e-15,2.308782585923872e-16
10246.037449103142,9.772344049832583e-16,2.384158724411052e-16
10255.78031548038,2.90581614107623e-16,2.401066825527228e-16
