pl_name,hostname,disc_year,discoverymethod,pl_orbper,pl_orbeccen,pl_orbeccenerr1,pl_orbeccenerr2,pl_radj,pl_bmassj,st_mass,st_teff
Kepler-418 b,Kepler-418,2014,Transit,86.67856,0.2,0.11,-0.11,1.2,1.1,0.98,5820.0
CoRoT-17 b,CoRoT-17,2011,Transit,3.7681,0.0,,,1.02,2.43,1.04,5740.0
TOI-4377 b,TOI-4377,2023,Transit,4.378081,0.045,0.053,-0.032,1.348,0.957,1.36,4974.0
TOI-858 B b,TOI-858 B,2023,Transit,3.2797178,0.15,,,1.255,1.1,1.081,5842.0
TOI-1296 b,TOI-1296,2021,Transit,3.9443736,0.0,,,1.2593883,0.29984733,1.1576,5567.0
TOI-3807 b,TOI-3807,2023,Transit,2.8989727,0.0,,,1.65,1.04,1.181,5772.0
WASP-105 b,WASP-105,2017,Transit,7.87288,0.0,,,0.96,1.8,0.89,5070.0
HATS-62 b,HATS-62,2018,Transit,3.2768837,0.298,,,1.055,0.179,0.896,5416.0
TOI-5110 b,TOI-5110,2024,Transit,30.158577,0.745,0.03,-0.027,1.069,2.9,1.469,6160.0
Qatar-7 b,Qatar-7,2019,Transit,2.032046,0.0,,,1.7,1.88,1.409,6387.0
TOI-6695 b,TOI-6695,2025,Transit,80.389,0.04,0.006,-0.007,0.85,0.21,1.338,6400.0
WASP-37 b,WASP-37,2010,Transit,3.577469,0.0,,,1.16,1.8,0.925,5800.0
HAT-P-40 b,HAT-P-40,2012,Transit,4.45724,0.0,,,1.52,0.48,1.03,6080.0
TOI-2525 b,TOI-2525,2023,Transit,23.2856,0.17,0.011,-0.01,0.774,0.084,0.849,5096.0
KOI-134 b,KOI-134,2025,Transit,67.1277,0.16,0.02,-0.03,1.074,1.09,1.407,6160.0
Kepler-855 b,Kepler-855,2016,Transit,7.886631104,0.0,,,0.7449371,0.166,1.03,5835.0
HATS-72 b,HATS-72,2020,Transit,7.3279474,0.013,,,0.7224,0.1254,0.7311,4656.1
WASP-46 b,WASP-46,2011,Transit,1.43036763,0.0,,,1.174,1.91,0.828,5600.0
CoRoT-35 b,CoRoT-35,2022,Transit,3.22748,0.0,,,1.68,1.1,1.01,6390.0
HAT-P-27 b,HAT-P-27,2011,Transit,3.039577,0.0,,,1.02,0.62,0.916,5316.0
Kepler-117 c,Kepler-117,2014,Transit,50.790391,0.0323,0.0033,-0.0033,1.101,1.84,1.129,6150.0
K2-97 b,K2-97,2016,Transit,8.407115,0.207,0.039,-0.038,1.2,0.549,1.17,4673.0
Kepler-546 b,Kepler-546,2016,Transit,4.147020258,0.0,,,0.62449817,0.123,1.11,5967.0
HAT-P-49 b,HAT-P-49,2014,Transit,2.69155,0.0,,,1.59,2.2,2.22,6820.0
TOI-6019 b,TOI-6019,2026,Transit,14.547952,0.48,0.04,-0.04,1.09733439,0.46880643,1.13,5561.0
Kepler-522 b,Kepler-522,2016,Transit,38.58422849,0.0,,,0.61646891,0.12,1.54,6392.0
Qatar-2 b,Qatar-2,2011,Transit,1.33711647,0.0,,,1.254,2.494,0.743,4645.0
HD 74156 b,HD 74156,2003,Radial Velocity,51.63564,0.636,0.008,-0.005,1.2,1.675,1.1,6068.0
V830 Tau b,V830 Tau,2016,Radial Velocity,4.927,0.0,,,1.25,0.7,1.0,4250.0
TOI-5592 b,TOI-5592,2025,Transit,2.6085846,0.062,,,1.53,0.899,1.194,6237.0
HIP 65407 c,HIP 65407,2016,Radial Velocity,67.3,0.12,0.04,-0.04,1.24,0.784,0.93,5460.0
HD 43691 b,HD 43691,2007,Radial Velocity,36.9987,0.0796,0.0067,-0.0067,1.18,2.55,1.32,6093.0
HATS-8 b,HATS-8,2015,Transit,3.583893,0.376,,,0.873,0.138,1.056,5679.0
KELT-16 b,KELT-16,2017,Transit,0.9689951,0.0,,,1.415,2.75,1.211,6236.0
CoRoT-12 b,CoRoT-12,2010,Transit,2.828042,0.07,0.063,-0.042,1.44,0.917,1.078,5675.0
HD 6434 b,HD 6434,2003,Radial Velocity,21.998,0.17,0.03,-0.03,1.27,0.49,1.1,5769.0
TOI-2969 b,TOI-2969,2025,Transit,1.8237146,0.0,,,1.1,1.16,0.71,4738.0
Kepler-447 b,Kepler-447,2015,Transit,7.79430132,0.123,0.037,-0.036,1.65,1.37,1.0,5493.0
Kepler-468 b,Kepler-468,2016,Transit,38.478757067,0.0,,,1.19011509,,0.96,5498.0
HATS-59 b,HATS-59,2018,Transit,5.416081,0.129,0.049,-0.049,1.126,0.806,1.038,5670.0
KOI-12 b,KOI-12,2015,Transit,17.855182,0.34,0.08,-0.07,1.23,1.1,1.5,6635.0
NGTS-16 b,NGTS-16,2021,Transit,4.84532,0.0,,,1.3,0.667,1.002,5550.0
K2-30 b,K2-30,2016,Transit,4.098503,0.0,,,1.039,0.579,0.9,5425.0
HD 87646 b,HD 87646,2016,Radial Velocity,13.481,0.05,0.02,-0.02,1.1,12.4,1.12,5770.0
HD 13908 b,HD 13908,2013,Radial Velocity,19.382,0.02,0.018,-0.018,1.24,0.865,1.29,6255.0
HATS-6 b,HATS-6,2015,Transit,3.3252725,0.0,,,0.998,0.319,0.574,3724.0
OGLE-TR-132 b,OGLE-TR-132,2004,Transit,1.689868,0.6,,,1.2,1.18,1.305,6210.0
HATS-66 b,HATS-66,2018,Transit,3.1414391,0.064,,,1.411,5.33,1.411,6626.0
TOI-7041 b,TOI-7041,2025,Transit,9.691,0.04,0.04,-0.04,1.02,0.36,1.07,4700.0
Qatar-5 b,Qatar-5,2017,Transit,2.8792319,0.0,,,1.107,4.32,1.128,5747.0
K2-132 b,K2-132,2017,Transit,9.1751,0.29,0.049,-0.049,1.3,0.49,1.08,4840.0
WASP-76 b,WASP-76,2016,Transit,1.80988198,0.0,,,1.854,0.894,1.458,6329.0
KELT-15 b,KELT-15,2016,Transit,3.32944,0.0,,,1.74,1.31,2.06,6003.0
K2-290 c,K2-290,2019,Transit,48.36685,0.0,,,1.006,0.774,1.194,6302.0
DMPP-2 c,DMPP-2,2026,Radial Velocity,3.168,0.28,,,0.737,0.16294956,1.41,6500.0
HATS-41 b,HATS-41,2018,Transit,4.193649,0.38,0.11,-0.11,1.33,9.7,1.496,6424.0
Kepler-682 b,Kepler-682,2016,Transit,12.611906672,0.0,,,0.65750736,0.134,0.92,5559.0
HATS-77 b,HATS-77,2021,Transit,3.0876262,0.045,,,1.165,1.374,0.655,4071.0
WASP-142 b,WASP-142,2016,Transit,2.052868,0.0,,,1.53,0.84,1.33,6010.0
WASP-53 b,WASP-53,2017,Transit,3.3098443,0.03,,,1.074,2.132,0.839,4953.0
WASP-8 b,WASP-8,2010,Transit,8.15872,0.31,0.0,0.0,1.13,2.54,1.34,5600.0
HD 102956 b,HD 102956,2010,Radial Velocity,6.4947,0.037,0.019,-0.019,1.23,0.96,1.66,4985.0
TOI-4087 b,TOI-4087,2023,Transit,3.1774835,0.0,,,1.164,0.73,1.178,6060.0
HAT-P-66 b,HAT-P-66,2016,Transit,2.972086,0.09,,,1.59,0.783,1.255,6002.0
HAT-P-29 b,HAT-P-29,2011,Transit,5.72319,0.09,0.05,-0.05,1.17,0.88,1.45,6087.0
Kepler-434 b,Kepler-434,2015,Transit,12.8747099,0.131,0.072,-0.072,1.13,2.86,1.198,5977.0
HAT-P-46 b,HAT-P-46,2014,Transit,4.463129,0.123,0.12,-0.12,1.284,0.493,1.284,6120.0
V1298 Tau e,V1298 Tau,2019,Transit,48.677714,0.0124,,,0.90730819,0.04813918,1.1,4970.0
TOI-4214 b,TOI-4214,2025,Transit,3.4913885,0.17,,,0.953,0.52,1.382,6370.0
TOI-3877 b,TOI-3877,2025,Transit,4.123596,0.22,,,1.042,0.314,1.16,5731.0
HATS-43 b,HATS-43,2018,Transit,4.3888497,0.173,0.089,-0.089,1.18,0.261,0.837,5099.0
Kepler-685 b,Kepler-685,2016,Transit,1.6255222,0.0,,,0.94388438,0.248,1.11,5963.0
WASP-49 b,WASP-49,2012,Transit,2.78174,0.0,,,1.11,0.37,0.92,5600.0
HAT-P-13 b,HAT-P-13,2009,Transit,2.91625,0.0133,0.0041,-0.0041,1.272,0.851,1.32,5653.0
WASP-66 b,WASP-66,2012,Transit,4.08605,0.0,,,1.4,2.35,1.33,6600.0
HATS-64 b,HATS-64,2018,Transit,4.908897,0.151,,,1.679,0.96,1.564,6554.0
TOI-2876 b,TOI-2876,2025,Transit,6.2996431,0.13,,,0.86,0.17,0.939,5271.0
CoRoT-13 b,CoRoT-13,2010,Transit,4.03519,0.0,,,0.885,1.308,1.09,5945.0
GJ 86 b,GJ 86,1999,Radial Velocity,15.76491,0.04,0.01,-0.01,1.15,4.42,0.93,5182.0
HD 21411 b,HD 21411,2019,Radial Velocity,84.288,0.4,0.15,-0.15,0.85,0.20734355,0.89,5605.0
XO-5 b,XO-5,2008,Transit,4.1877558,0.0,,,1.14,1.19,1.04,5430.0
TOI-6016 b,TOI-6016,2024,Transit,4.023687,0.0,,,1.22,1.17,1.31,6110.0
HAT-P-39 b,HAT-P-39,2012,Transit,3.54387,0.0,,,1.571,0.599,1.404,6430.0
WASP-43 b,WASP-43,2011,Transit,0.813475,0.0,,,0.93,1.78,0.58,4400.0
TOI-181 b,TOI-181,2023,Transit,4.532,0.1543,0.06,-0.03,0.6339,0.1452,0.822,4994.0
HATS-16 b,HATS-16,2016,Transit,2.686502,0.0,,,1.3,3.27,0.97,5738.0
HATS-3 b,HATS-3,2013,Transit,3.547851,0.0,,,1.381,1.071,1.209,6351.0
CoRoT-36 b,CoRoT-36,2022,Transit,5.616531,0.0,,,1.41,0.68,1.32,6730.0
TOI-1478 b,TOI-1478,2021,Transit,10.1802117,0.055,0.032,-0.032,1.07,0.88,0.947,5597.0
TOI-1294 b,TOI-1294,2024,Transit,3.915292,0.0,,,0.90317747,0.20105188,1.1578,5718.0
WASP-151 b,WASP-151,2017,Transit,4.5334775,0.0,,,1.187,0.316,1.081,5871.0
HD 117618 b,HD 117618,2004,Radial Velocity,25.8,0.15,0.07,-0.07,0.766,0.174,1.077,5990.0
HD 212301 b,HD 212301,2005,Radial Velocity,2.24571,0.0,,,1.27,0.51,1.55,6239.0
WASP-96 b,WASP-96,2014,Transit,3.4252602,0.0,,,1.2,0.48,1.06,5540.0
HD 25912 b,HD 25912,2022,Radial Velocity,41.83156,0.05,0.039,-0.034,0.616,0.12,1.08,5920.58
TOI-4914 b,TOI-4914,2024,Transit,10.60057,0.408,0.023,-0.023,1.14818647,0.71422187,1.03,5805.0
Kepler-816 b,Kepler-816,2016,Transit,10.506825646,0.0,,,0.91355161,0.234,0.9,5286.0
NGC 2682 YBP 401 b,NGC 2682 YBP 401,2016,Radial Velocity,4.087,0.15,0.08,-0.08,1.27,0.46,1.14,6165.0
TOI-375 b,TOI-375,2026,Transit,9.45469,0.087,0.041,-0.042,0.961,0.745,1.441,5259.9
WASP-64 b,WASP-64,2012,Transit,1.5732918,0.0,,,1.271,1.271,1.004,5400.0
WASP-190 b,WASP-190,2019,Transit,5.367753,0.0,,,1.15,1.0,1.35,6400.0
WASP-74 b,WASP-74,2015,Transit,2.13775,0.0,,,1.36,0.72,0.98,5990.0
HD 3651 b,HD 3651,2003,Radial Velocity,62.25,0.645,0.02,-0.02,0.899,0.228,0.799,5221.0
HAT-P-52 b,HAT-P-52,2015,Transit,2.7535953,0.047,,,1.009,0.818,0.887,5131.0
XO-6 b,XO-6,2016,Transit,3.7650007,0.0,,,2.07,4.4,1.47,6720.0
TOI-3912 b,TOI-3912,2023,Transit,3.4936264,0.0,,,1.274,0.406,1.088,5725.0
K2-261 b,K2-261,2018,Transit,11.6334681,0.274,0.065,-0.061,0.827,0.217,1.107,5490.0
Lupus-TR-3 b,Lupus-TR-3,2007,Transit,3.91405,0.0,,,0.89,0.81,0.87,5000.0
HATS-34 b,HATS-34,2016,Transit,2.1061607,0.108,,,1.43,0.941,0.955,5380.0
HAT-P-51 b,HAT-P-51,2015,Transit,4.21802091,0.07,,,1.205,0.307,0.961,5453.0
Kepler-491 b,Kepler-491,2016,Transit,4.225384512,0.0,,,0.7957891,0.186,1.04,5582.0
TOI-3894 b,TOI-3894,2024,Transit,4.33454,0.05,0.052,-0.035,1.363,0.82,1.138,6000.0
TIC 183374187 b,TIC 183374187,2026,Transit,5.05907,0.506,,,1.252,0.56,0.853,5768.0
CoRoT-10 b,CoRoT-10,2010,Transit,13.2406,0.53,0.04,-0.04,0.97,2.75,0.89,5075.0
Kepler-720 b,Kepler-720,2016,Transit,4.708326542,0.0,,,0.75028995,0.168,0.95,5618.0
WASP-36 b,WASP-36,2011,Transit,1.53736596,0.0,,,1.327,2.361,1.081,5959.0
HATS-30 b,HATS-30,2016,Transit,3.1743516,0.096,,,1.175,0.706,1.093,5943.0
TOI-2587 A b,TOI-2587 A,2023,Transit,5.45664,0.0,,,1.077,0.218,1.15,5760.0
55 Cnc c,55 Cnc,2004,Radial Velocity,44.3936,0.088,0.23,-0.23,0.76,0.1714,1.015,5198.0
KELT-24 b,KELT-24,2019,Transit,5.55149296,0.0319,0.0079,-0.0074,1.134,4.59,1.268,6426.0
WASP-94 A b,WASP-94 A,2014,Transit,3.95019,0.0,,,1.58,0.5,1.67,6170.0
HATS-12 b,HATS-12,2016,Transit,3.142702,0.085,,,0.69230083,2.39,1.16,6357.0
Kepler-432 b,Kepler-432,2015,Transit,52.501129,0.5134,0.0098,-0.0089,1.145,5.41,1.32,4995.0
HD 143105 b,HD 143105,2016,Radial Velocity,2.1974,0.07,,,1.22,1.21,1.51,6380.0
HATS-69 b,HATS-69,2018,Transit,2.2252577,0.519,,,0.945,0.577,0.892,5137.0
XO-1 b,XO-1,2006,Transit,3.94153,0.0,,,1.14,0.83,0.88,5750.0
TOI-2364 b,TOI-2364,2023,Transit,4.0197517,0.0,,,0.768,0.225,0.954,5306.0
HATS-18 b,HATS-18,2016,Transit,0.83784,0.166,,,1.329,1.9795,1.037,5600.0
CoRoT-25 b,CoRoT-25,2013,Transit,4.86069,0.0,,,1.08,0.27,1.09,6040.0
WASP-147 b,WASP-147,2018,Transit,4.60273,0.0,,,1.115,0.275,1.044,5702.0
Qatar-4 b,Qatar-4,2017,Transit,1.8053564,0.0,,,1.135,6.1,0.896,5215.0
WASP-4 b,WASP-4,2007,Transit,1.338230994,0.0053,0.0038,-0.0038,1.349,1.2,0.899,5436.0
HATS-40 b,HATS-40,2018,Transit,3.2642736,0.312,,,1.58,1.59,1.561,6460.0
HD 33283 b,HD 33283,2006,Radial Velocity,18.1991,0.399,0.056,-0.056,1.12,0.329,1.38,5935.0
WASP-17 b,WASP-17,2009,Transit,3.73543,0.0,,,1.87,0.78,2.28,6550.0
K2-141 c,K2-141,2018,Transit,7.7485,0.092,,,0.62449925,0.02517081,0.708,4570.0
WASP-155 b,WASP-155,2025,Transit,3.110413,0.0,,,1.2,0.871,1.09,5660.0
HATS-35 b,HATS-35,2016,Transit,1.8209993,0.306,,,1.464,1.222,1.317,6300.0
TOI-4427 b,TOI-4427,2026,Transit,4.6182621,0.074,0.077,-0.052,1.168,0.276,0.9,5347.0
TOI-2583 A b,TOI-2583 A,2023,Transit,4.5207265,0.0,,,1.29,0.25,1.215,5936.0
WASP-140 b,WASP-140,2016,Transit,2.23598448,0.047,0.0035,-0.0035,1.27,2.44,0.9,5300.0
HAT-P-26 b,HAT-P-26,2010,Transit,4.23452,0.12,0.06,-0.06,0.63,0.07,1.12,5079.0
WASP-126 c,WASP-126,2019,Transit Timing Variations,7.63,0.05,,,0.837,0.20199478,1.12,5800.0
TOI-1130 c,TOI-1130,2020,Transit,8.3501898,0.0398,0.0009,-0.0002,1.15978431,1.05717423,0.745,4360.0
WASP-19 b,WASP-19,2009,Transit,0.78883852,0.0126,0.014,-0.0089,1.415,1.154,0.965,5616.0
HATS-67 b,HATS-67,2018,Transit,1.6091788,0.057,,,1.685,1.45,1.435,6594.0
GJ 1148 b,GJ 1148,2010,Radial Velocity,41.38,0.38,0.01,-0.012,1.07,0.3042507,0.344045,3287.0
55 Cnc b,55 Cnc,1996,Radial Velocity,14.651552,0.0029,0.0027,-0.002,1.24,0.8306,1.015,5198.0
TOI-2447 b,TOI-2447,2024,Transit,69.33684,0.17,0.02,-0.1,0.857,0.393,1.034,5730.0
TOI-4137 b,TOI-4137,2022,Transit,3.8016122,0.0,0.048,-0.052,1.211,1.44,1.313,6202.0
NGC 2682 Sand 1429 b,NGC 2682 Sand 1429,2024,Radial Velocity,77.48,0.0,,,1.2,1.8,1.26,6000.0
TOI-6034 b,TOI-6034,2024,Transit,2.576184,0.04,0.042,-0.028,1.063,0.798,0.514,3635.0
WASP-79 b,WASP-79,2012,Transit,3.662392,0.0,,,1.53,0.85,1.39,6600.0
KELT-11 b,KELT-11,2017,Transit,4.73620865,0.0,,,1.35,0.205,1.44,5375.0
TOI-4463 A b,TOI-4463 A,2023,Transit,2.8807198,0.0,,,1.183,0.794,1.056,5640.0
HAT-P-21 b,HAT-P-21,2010,Transit,4.12448,0.23,0.02,-0.02,1.11,4.87,1.24,5588.0
TOI-2145 b,TOI-2145,2023,Transit,10.261128,0.214,0.014,-0.014,1.092,5.68,1.71,6206.0
Kepler-1984 b,Kepler-1984,2023,Transit,1.992812339,0.0,,,0.60754855,0.117,0.45,3638.0
TOI-7510 c,TOI-7510,2025,Transit,22.5687423,0.0091,0.01,-0.0062,0.964,0.412,1.063,5720.0
K2-60 b,K2-60,2016,Transit,3.00265,0.0,,,0.683,0.426,0.97,5500.0
TOI-3135 b,TOI-3135,2025,Transit,3.7065585,0.24,,,1.218,1.03,1.044,5890.0
Kepler-718 b,Kepler-718,2016,Transit,2.052349905,0.0,,,1.47738424,,1.18,6191.0
WASP-174 b,WASP-174,2018,Transit,4.2337005,0.0,,,1.437,0.33,1.24,6399.0
Kepler-177 c,Kepler-177,2013,Transit,49.40926,0.0,,,0.77883843,0.04625114,0.921,5732.0
TOI-1232 b,TOI-1232,2026,Transit,14.256,0.065,0.02,-0.013,0.975,0.694,1.058,5823.0
TOI-4773 b,TOI-4773,2025,Transit,1.7452851,0.024,0.027,-0.017,1.358,5.31,1.452,6740.0
WASP-22 b,WASP-22,2010,Transit,3.53269,0.02,0.01,-0.01,1.23,0.67,1.46,6000.0
HD 102117 b,HD 102117,2005,Radial Velocity,20.8133,0.12,0.08,-0.08,0.756,0.17,1.06,5655.0
WASP-34 b,WASP-34,2010,Transit,4.31768,0.04,0.01,-0.01,1.0,0.56,0.96,5700.0
Kepler-427 b,Kepler-427,2014,Transit,10.290994,0.57,,,1.23,0.29,0.96,5800.0
TOI-1298 b,TOI-1298,2021,Transit,4.537143,0.0,,,0.86163681,0.31148883,1.2187,5752.0
WASP-94 B b,WASP-94 B,2014,Radial Velocity,2.00839,0.0,,,1.26,0.618,1.24,6040.0
TOI-5634 A b,TOI-5634 A,2024,Transit,2.2035373,0.0,,,0.923,1.85005489,0.556,3896.0
TIC 279401253 b,TIC 279401253,2023,Transit,76.8,0.448,0.029,-0.028,1.0,6.14,1.13,5951.0
HD 17156 b,HD 17156,2007,Radial Velocity,21.2164294,0.6772,0.0045,-0.0044,1.094,3.26,1.285,6046.0
WASP-124 b,WASP-124,2016,Transit,3.37265,0.017,,,1.24,0.6,1.07,6050.0
TOI-2986 b,TOI-2986,2025,Transit,3.2783662,0.14,,,0.829,0.304,1.122,5906.0
HAT-P-63 b,HAT-P-63,2021,Transit,3.377728,0.069,,,1.119,0.614,0.925,5400.0
WASP-107 b,WASP-107,2017,Transit,5.7214876,0.09,0.02,-0.02,0.94,0.096,0.683,4425.0
tau Boo b,tau Boo,1996,Radial Velocity,3.3124568,0.011,0.006,-0.006,1.14,5.95,1.32,6466.27
TOI-2641 b,TOI-2641,2023,Transit,4.880974,0.18,,,1.615,0.386,1.16,6100.0
HATS-65 b,HATS-65,2018,Transit,3.105161,0.062,,,1.501,0.821,1.257,6277.0
HD 192263 b,HD 192263,1999,Radial Velocity,24.3556,0.05,0.04,-0.04,1.26,0.56,0.66,4976.0
K2-121 b,K2-121,2017,Transit,5.185738,0.22,0.19,-0.18,0.63877351,0.16046394,0.71,4526.0
GJ 876 c,GJ 876,2000,Radial Velocity,30.0881,0.25591,0.00093,-0.00093,1.25,0.7142,0.32,3293.74
MASCARA-1 b,MASCARA-1,2017,Transit,2.14877381,0.00034,0.00034,-0.00023,1.597,3.7,1.9,7490.0
Kepler-856 b,Kepler-856,2016,Transit,8.027680595,0.0,,,0.82969043,0.199,0.96,5535.0
HAT-P-2 b,HAT-P-2,2007,Transit,5.6335158,0.5172,0.0019,-0.0019,0.951,9.02,1.33,6380.0
TOI-4127 b,TOI-4127,2023,Transit,56.3987,0.7484,0.0064,-0.0068,1.08,2.34,1.23,6096.0
Kepler-79 d,Kepler-79,2014,Transit,52.0897,0.051,0.016,-0.016,0.63788137,0.01667566,1.244,6389.0
WASP-10 b,WASP-10,2008,Transit,3.0927616,0.0473,0.0034,-0.0029,1.08,3.15,0.75,4675.0
NGTS-17 b,NGTS-17,2021,Transit,3.24253,0.0,,,1.24,0.764,1.025,5650.0
NGTS-5 b,NGTS-5,2019,Transit,3.3569866,0.0,,,1.136,0.229,0.661,4987.0
Qatar-1 b,Qatar-1,2010,Transit,1.4200242,0.0,,,1.143,1.294,0.838,5013.0
Kepler-39 b,Kepler-39,2011,Transit,21.08721,0.112,0.057,-0.057,1.24,20.1,1.29,6350.0
HD 101930 b,HD 101930,2005,Radial Velocity,70.46,0.11,0.02,-0.02,0.949,0.25,0.57,5108.0
Kepler-76 b,Kepler-76,2013,Orbital Brightness Modulation,1.5449298,0.0,,,1.36,2.01,1.2,6409.0
WD 1856+534 b,WD 1856+534,2020,Transit,1.4079405,0.0,,,0.92782585,13.8,0.518,4710.0
TOI-6303 b,TOI-6303,2025,Transit,9.485236,0.02,0.02,-0.02,1.034,7.84,0.644,3977.0
HD 330075 b,HD 330075,2004,Radial Velocity,3.38773,0.0,,,1.27,0.48,0.47,5000.0
HD 35759 b,HD 35759,2016,Radial Velocity,82.467,0.389,0.006,-0.006,1.16,3.76,1.15,6060.0
CoRoT-28 b,CoRoT-28,2015,Transit,5.20851,0.047,0.055,-0.038,0.955,0.484,1.01,5150.0
OGLE-TR-211 b,OGLE-TR-211,2007,Transit,3.67724,0.0,,,1.36,1.03,1.33,6325.0
TOI-3919 b,TOI-3919,2024,Transit,7.433234,0.259,0.033,-0.036,1.099,3.88,1.208,6100.0
TOI-2537 b,TOI-2537,2024,Transit,94.1022,0.364,0.039,-0.039,1.004,1.307,0.771,4870.0
WASP-63 b,WASP-63,2012,Transit,4.37808,0.0,,,1.41,0.37,1.28,5550.0
HD 88133 b,HD 88133,2004,Radial Velocity,3.414884,0.031,0.021,-0.021,1.23,1.02,1.26,5392.0
TOI-5350 b,TOI-5350,2025,Transit,7.581367,0.0165,0.012,-0.0081,1.108,6.59,1.167,6220.0
WASP-67 b,WASP-67,2012,Transit,4.61442,0.0,,,1.15,0.43,0.91,5200.0
WASP-131 b,WASP-131,2016,Transit,5.3220125,0.0,,,1.226,0.273,1.06,5990.0
Kepler-9 c,Kepler-9,2010,Transit,38.9853,0.06691,0.0001,-0.00012,0.72084932,0.09407545,1.022,5774.0
OGLE-TR-113 b,OGLE-TR-113,2004,Transit,1.4324752,0.0,,,1.093,1.26,0.779,4790.0
TIC 237913194 b,TIC 237913194,2020,Transit,15.168865,0.575,0.011,-0.011,1.117,1.942,1.026,5788.0
WASP-61 b,WASP-61,2012,Transit,3.8559,0.0,,,1.41,2.68,1.82,6250.0
HD 27894 b,HD 27894,2005,Radial Velocity,18.01939,0.047,0.012,-0.011,1.26,0.619,0.81,4875.0
HATS-11 b,HATS-11,2016,Transit,3.619188,0.34,,,1.60852886,0.83,1.33,6563.0
HATS-29 b,HATS-29,2016,Transit,4.6058749,0.158,,,1.251,0.653,1.032,5670.0
TOI-3474 b,TOI-3474,2025,Transit,3.8795105,0.13,,,1.309,0.61,1.121,6020.0
TOI-4329 b,TOI-4329,2022,Transit,2.9223,0.068,0.079,-0.079,1.5,0.45,1.538,6000.0
WASP-129 b,WASP-129,2016,Transit,5.748145,0.096,,,0.93,1.0,1.0,5900.0
WASP-33 b,WASP-33,2010,Transit,1.21987,0.0,,,1.593,2.093,1.495,7430.0
HAT-P-23 b,HAT-P-23,2010,Transit,1.212884,0.106,0.044,-0.044,1.368,2.09,1.13,5905.0
WASP-120 b,WASP-120,2016,Transit,3.61126721,0.057,0.022,-0.018,1.39,4.85,1.393,6450.0
WASP-72 b,WASP-72,2012,Transit,2.21673,0.0,,,1.29,2.3,2.78,6250.0
HD 118203 b,HD 118203,2005,Radial Velocity,6.1349779,0.3136,0.0075,-0.0075,1.14,2.14,1.27,5742.0
HATS-4 b,HATS-4,2014,Transit,2.516729,0.013,0.016,-0.016,1.02,1.323,1.001,5403.0
HD 163607 b,HD 163607,2012,Radial Velocity,75.2203,0.7441,0.0071,-0.0071,1.24,0.7836,1.12,5522.0
KOI-13 b,KOI-13,2011,Transit,1.763588,0.00064,0.00012,-0.00016,1.512,9.28,1.72,7650.0
Kepler-433 b,Kepler-433,2015,Transit,5.33408384,0.119,0.079,-0.079,1.45,2.82,1.46,6360.0
TOI-5688 A b,TOI-5688 A,2024,Transit,2.94815527,0.128,0.078,-0.077,0.92,0.39,0.6,3713.0
WASP-92 b,WASP-92,2016,Transit,2.1746742,0.0,,,1.461,0.805,1.19,6280.0
TOI-201 b,TOI-201,2021,Transit,52.9786,0.275,0.009,-0.009,1.01704163,0.51600171,1.32,6423.0
WASP-16 b,WASP-16,2009,Transit,3.1186,0.0,,,1.22,1.24,1.78,5700.0
TOI-1181 b,TOI-1181,2022,Transit,2.103189,0.011,0.007,-0.008,1.519,1.179,1.467,6054.0
WASP-108 b,WASP-108,2020,Transit,2.67555212374,0.0,,,1.35,0.892,1.167,6783.0
HD 209458 b,HD 209458,1999,Radial Velocity,3.52474859,0.0,,,1.39,0.73,1.23,6091.0
WASP-78 b,WASP-78,2012,Transit,2.17518,0.0,,,1.93,1.11,1.87,6100.0
TOI-2989 b,TOI-2989,2025,Transit,3.122832,0.0,,,1.12,3.0,0.77,4672.0
Kepler-424 b,Kepler-424,2014,Transit,3.3118644,0.0,,,0.89,1.03,1.01,5460.0
TOI-163 b,TOI-163,2019,Transit,4.231306,0.0,,,1.489,1.22,1.4352,6495.0
WASP-102 b,WASP-102,2025,Transit,2.709813,0.0,,,1.33,0.622,1.08,5990.0
WASP-186 b,WASP-186,2020,Transit,5.026799,0.33,0.01,-0.01,1.11,4.22,1.22,6361.0
TOI-5340 b,TOI-5340,2025,Transit,4.9394392,0.13,,,1.345,0.85,1.35,5990.0
WASP-118 b,WASP-118,2016,Transit,4.0460435,0.0,,,1.44,0.514,1.32,6410.0
TOI-1278 b,TOI-1278,2021,Transit,14.47567,0.013,0.004,-0.004,1.09,18.5,0.54,3799.0
K2-107 b,K2-107,2017,Transit,3.313959,0.0,,,1.42564011,0.84,1.3,6061.0
HAT-P-36 b,HAT-P-36,2011,Transit,1.32734683,0.063,0.021,-0.023,1.277,1.8482,1.03,5620.0
HAT-P-12 b,HAT-P-12,2009,Transit,3.2130598,0.0,,,0.959,0.211,0.733,4650.0
TOI-216.01,TOI-216,2019,Transit,34.525528,0.0046,0.0027,-0.0012,0.9010632,0.56,0.77,5026.0
HD 37605 b,HD 37605,2004,Radial Velocity,55.01292,0.6745,0.0019,-0.0019,1.18,2.69,0.94,5329.0
TOI-1823 b,TOI-1823,2024,Transit,38.8,0.0,,,0.67273058,0.21206412,0.8414,4927.0
WASP-81 b,WASP-81,2017,Transit,2.7164762,0.066,,,1.429,0.729,1.08,5870.0
TOI-558 b,TOI-558,2021,Transit,14.574071,0.298,0.022,-0.02,1.086,3.61,1.349,6466.0
KOI-94 d,KOI-94,2013,Transit,22.342989,0.022,0.038,-0.038,1.005,0.334,1.277,6182.0
TOI-1859 b,TOI-1859,2023,Transit,63.48347,0.57,0.12,-0.16,0.87,0.216,1.287,6341.0
CoRoT-27 b,CoRoT-27,2014,Transit,3.57532,0.065,,,1.007,10.39,1.05,5900.0
Kepler-51 c,Kepler-51,2012,Transit,85.312,0.014,0.013,-0.009,0.803,0.013,1.04,6018.0
WASP-164 b,WASP-164,2018,Transit,1.7771255,0.0,,,1.128,2.13,0.946,5806.0
K2-237 b,K2-237,2018,Transit,2.18053332,0.03,0.033,-0.021,1.433,1.366,1.256,6180.0
TOI-5322 b,TOI-5322,2025,Transit,5.4233207,0.055,,,1.482,0.579,0.998,5692.0
Kepler-975 c,Kepler-975,2023,Transit,5.05821338,0.0,,,0.95369956,0.252,0.951,4883.0
TOI-216.02,TOI-216,2019,Transit,17.16073,0.16,0.003,-0.002,0.71371342,0.059,0.77,5026.0
TOI-2328 b,TOI-2328,2025,Transit,17.10197,0.057,0.046,-0.029,0.89,0.16,0.95,5525.0
TOI-2152 A b,TOI-2152,2023,Transit,3.3773512,0.057,0.068,-0.04,1.281,2.83,1.516,6630.0
TOI-2524 b,TOI-2524,2023,Transit,7.18585,0.0,,,1.0,0.64,1.007,5831.0
HATS-2 b,HATS-2,2013,Transit,1.35413379,0.0,,,1.122,1.37,0.904,5227.0
HD 83443 b,HD 83443,2002,Radial Velocity,2.985628,0.012,0.007,-0.006,1.25,0.402,1.0,5442.0
WASP-106 b,WASP-106,2014,Transit,9.28969,0.023,0.027,-0.016,1.08,1.93,1.175,6002.0
TOI-1259 A b,TOI-1259 A,2021,Transit,3.4779792,0.0,,,1.03488447,0.44363561,0.746,4775.0
HAT-P-60 b,HAT-P-60,2021,Transit,4.7947813,0.25,,,1.631,0.574,1.435,6212.0
WASP-123 b,WASP-123,2016,Transit,2.97764359,0.0,,,1.35,0.899,1.166,5740.0
TOI-2202 c,TOI-2202,2021,Transit Timing Variations,24.6744,0.0622,0.0452,-0.0211,1.19,0.369,0.823,5144.0
HAT-P-41 b,HAT-P-41,2012,Transit,2.69405,0.0,,,2.05,1.19,2.56,6390.0
CoRoT-14 b,CoRoT-14,2010,Transit,1.51214,0.0,,,1.09,7.6,1.13,6035.0
HD 9446 b,HD 9446,2009,Radial Velocity,30.052,0.2,0.06,-0.06,1.25,0.7,1.0,5793.0
HAT-P-31 b,HAT-P-31,2011,Transit,5.00542,0.25,0.0,0.0,1.09,2.27,1.31,6065.0
K2-19 b,K2-19,2015,Transit,7.9193,0.1,0.08,-0.06,0.62449925,0.09690764,0.88,5322.0
HAT-P-67 b,HAT-P-67,2017,Transit,4.8101069,0.0,,,2.14,0.45,1.73,6640.0
TOI-2373 b,TOI-2373,2023,Transit,13.33668,0.112,0.007,-0.009,0.93,9.3,1.041,5651.0
TOI-5386 A b,TOI-5386 A,2025,Transit,3.62156552,0.072,,,1.312,0.488,1.165,6094.0
HD 41004 B b,HD 41004 B,2003,Radial Velocity,1.3283,0.081,0.012,-0.012,1.08,18.37,0.4,5036.0
Kepler-91 b,Kepler-91,2013,Transit,6.24658,0.0519,0.0095,-0.0088,1.367,0.81,1.31,4550.0
TOI-4458 b,TOI-4458,2026,Transit,3.9393792,0.03,0.024,-0.02,1.107,1.737,1.47,6151.0
TOI-1420 b,TOI-1420,2023,Transit,6.9561063,0.17,,,1.06075658,0.07897343,0.987,5510.0
TOI-4791 b,TOI-4791,2023,Transit,4.28088,0.0,,,1.11,2.31,1.242,6058.0
TIC 147027702 b,TIC 147027702,2026,Transit,44.40523,0.127,0.055,-0.048,0.975,1.09,1.406,6410.0
HATS-56 b,HATS-56,2019,Transit,4.324799,0.019,,,1.688,0.602,1.573,6536.0
WASP-154 b,WASP-154,2025,Transit,3.811678,0.0,,,0.96,0.626,0.8,4774.0
HAT-P-43 b,HAT-P-43,2012,Transit,3.3326414,0.0,,,1.21598925,0.662,1.03,5693.0
HAT-P-42 b,HAT-P-42,2012,Transit,4.641878,0.0,,,1.28,1.044,1.178,5743.0
TOI-172 b,TOI-172,2019,Transit,9.47725,0.3806,0.0093,-0.009,0.965,5.42,1.128,5645.0
HATS-38 b,HATS-38,2020,Transit,4.375021,0.0,,,0.614,0.074,0.89,5732.0
Kepler-857 b,Kepler-857,2016,Transit,85.35129427,0.0,,,0.60665537,0.117,0.99,5773.0
Kepler-77 b,Kepler-77,2013,Transit,3.57878087,0.0,,,0.96,0.43,0.95,5520.0
TOI-3664 b,TOI-3664,2026,Transit,3.2974839,0.159,0.074,-0.074,1.222,0.36,0.98,5593.0
K2-419 A b,K2-419 A,2024,Transit,20.35847252,0.042,0.045,-0.029,0.941,0.617,0.562,3711.0
TOI-4794 b,TOI-4794,2025,Transit,3.5658116,0.1,,,1.281,0.97,1.25,6390.0
TOI-5205 b,TOI-5205,2023,Transit,1.630757,0.02,0.02,-0.014,1.03,1.08,0.392,3430.0
TOI-2338 b,TOI-2338,2023,Transit,22.65398,0.676,0.002,-0.002,1.0,5.98,0.99,5581.0
Qatar-3 b,Qatar-3,2017,Transit,2.5079204,0.0,,,1.096,4.31,1.145,6007.0
Kepler-40 b,Kepler-40,2010,Transit,6.87349,0.0,,,1.17,2.2,1.48,6510.0
WASP-90 b,WASP-90,2016,Transit,3.916243,0.0,,,1.63,0.63,1.55,6430.0
TOI-519 b,TOI-519,2021,Transit,1.2652328,0.33,,,1.03,0.463,0.335,3322.0
TOI-2578 b,TOI-2578,2026,Transit,3.4579667,0.098,0.043,-0.042,1.754,0.526,1.27,6333.0
Kepler-762 b,Kepler-762,2016,Transit,3.770552098,0.0,,,1.13123383,,1.06,5944.0
CoRoT-30 b,CoRoT-30,2020,Transit,9.06005,0.007,0.031,-0.031,1.009,2.9,0.98,5650.0
WASP-98 b,WASP-98,2014,Transit,2.96264036,0.0,,,1.144,0.922,0.809,5473.0
Kepler-108 b,Kepler-108,2014,Transit,49.183921,0.22,0.19,-0.12,0.772,0.176,1.247,5854.0
Kepler-950 b,Kepler-950,2016,Transit,98.7180406,0.0,,,0.80114194,0.188,1.02,5857.0
TOI-1194 b,TOI-1194,2023,Transit,2.3106446,0.0,,,0.77764833,0.37756222,0.9835,5394.0
TOI-837 b,TOI-837,2020,Transit,8.3249113,0.0,,,0.818,0.379,1.142,5995.0
TOI-6130 b,TOI-6130,2024,Transit,2.392679,0.036,0.018,-0.018,1.28,1.05,1.31,6110.0
rho CrB b,rho CrB,1997,Radial Velocity,39.849,0.046,0.002,-0.002,1.23,1.09491472,1.0,5817.0
TOI-5210 b,TOI-5210,2025,Transit,4.5661061,0.066,,,0.957,0.258,1.105,5723.0
NGTS-30 b,NGTS-30,2024,Transit,98.29838,0.294,0.014,-0.01,0.928,0.96,0.94,5455.0
CoRoT-16 b,CoRoT-16,2011,Transit,5.35227,0.33,0.09,-0.1,1.17,0.535,1.098,5650.0
HD 205158 b,HD 205158,2022,Radial Velocity,25.33798,0.145,0.075,-0.058,1.24,0.392,1.16,6133.55
WASP-116 b,WASP-116,2025,Transit,6.6132,0.0,,,1.22,0.64,1.25,6250.0
WASP-193 b,WASP-193,2023,Transit,6.2463475,0.081,0.076,-0.055,1.319,0.112,1.018,6080.0
TOI-1898 b,TOI-1898,2024,Transit,45.52234,0.485,0.039,-0.039,0.83821469,0.40587939,1.2484,6241.0
TOI-1937 A b,TOI-1937 A,2023,Transit,0.94667944,0.0,,,1.247,2.01,1.072,5814.0
TOI-1338 b,TOI-1338 A,2020,Transit,95.4001,0.0331,0.0022,-0.0021,0.6835,0.0355,1.0936,5723.2
TOI-905 b,TOI-905,2020,Transit,3.739494,0.024,0.025,-0.017,1.171,0.667,0.968,5570.0
TOI-2000 c,TOI-2000,2023,Transit,9.127055,0.063,0.023,-0.022,0.727,0.257,1.082,5611.0
TOI-1333 b,TOI-1333,2021,Transit,4.720219,0.073,0.092,-0.052,1.396,2.37,1.464,6274.0
HD 1397 b,HD 1397,2018,Transit,11.53533,0.251,0.02,-0.019,1.026,0.415,1.324,5521.0
TOI-4582 b,TOI-4582,2023,Transit,31.034,0.51,0.05,-0.05,0.94,0.53,1.34,5190.0
NGTS-21 b,NGTS-21,2022,Transit,1.5433897,0.0,,,1.33,2.36,0.72,4660.0
KELT-9 b,KELT-9,2017,Transit,1.4811235,0.0,,,1.936,2.88,2.32,9270.0
WASP-11 b,WASP-11,2008,Transit,3.72247,0.0,,,1.11,0.79,1.42,4800.0
CoRoT-11 b,CoRoT-11,2010,Transit,2.99433,0.0,,,1.43,2.33,1.27,6440.0
TOI-5349 b,TOI-5349,2026,Transit,3.317921,0.03,0.03,-0.02,0.91,0.4,0.61,3751.0
Kepler-14 b,Kepler-14,2011,Transit,6.790123,0.035,0.02,-0.02,1.136,8.4,1.512,6395.0
TOI-4406 b,TOI-4406,2023,Transit,30.08364,0.15,0.05,-0.04,1.0,0.3,1.19,6219.0
HD 108147 b,HD 108147,2002,Radial Velocity,10.8985,0.53,0.12,-0.12,0.973,0.261,1.22,6255.73
CoRoT-6 b,CoRoT-6,2009,Transit,8.886593,0.1,,,1.166,2.96,1.05,6090.0
TOI-7510 d,TOI-7510,2025,Transit,48.864468,0.04,0.022,-0.022,0.939,0.597,1.063,5720.0
Kepler-7 b,Kepler-7,2009,Transit,4.8854892,0.0,,,1.622,0.441,1.359,5933.0
HD 224693 b,HD 224693,2006,Radial Velocity,26.6904,0.104,0.017,-0.017,1.25,0.7,1.31,5894.0
HD 202772 A b,HD 202772 A,2019,Transit,3.3088775,0.03,0.024,-0.019,1.627,1.018,1.721,6442.0
WASP-130 b,WASP-130,2016,Transit,11.55098,0.0,,,0.89,1.23,1.04,5625.0
HD 162020 b,HD 162020,2002,Radial Velocity,8.4282,0.28,0.0,0.0,1.11,9.84,0.42,4723.0
WASP-157 b,WASP-157,2016,Transit,3.951623,0.0,,,0.99830493,0.574,1.06,5772.0
Kepler-693 b,Kepler-693,2016,Transit,15.37563332,0.0,,,0.90819877,0.232,0.76,4881.0
TrES-5 b,TrES-5,2011,Transit,1.48224686,0.0,,,1.194,1.79,0.901,5171.0
K2-127 b,K2-127,2017,Transit,3.588163,0.12,0.142231,-0.096252,0.74672138,0.167,0.72,4575.0
WASP-119 b,WASP-119,2016,Transit,2.49979,0.058,,,1.4,1.23,1.02,5650.0
WTS-1 b,WTS-1,2012,Transit,3.352057,0.1,,,1.49,4.01,1.2,6250.0
Kepler-1487 c,Kepler-1487,2023,Transit,35.8007112,0.0,,,0.711037,0.153,1.801,5745.0
Kepler-8 b,Kepler-8,2010,Transit,3.5224991,0.0,,,1.416,0.59,1.213,6213.0
HATS-51 b,HATS-51,2017,Transit,3.3488702,0.33,,,1.41,0.768,1.187,5758.0
HAT-P-15 b,HAT-P-15,2010,Transit,10.8635,0.19,0.02,-0.02,1.06,1.94,1.0,5568.0
K2-238 b,K2-238,2018,Transit,3.20466,0.0,,,1.3,0.86,1.19,5630.0
Kepler-725 b,Kepler-725,2016,Transit,39.64372,0.231,0.05,-0.044,0.96351312,0.257,0.95,5395.0
CoRoT-5 b,CoRoT-5,2009,Transit,4.0378962,0.09,0.09,-0.04,1.388,0.467,1.0,6100.0
CoRoT-29 b,CoRoT-29,2015,Transit,2.85057,0.082,0.081,-0.081,0.9,0.85,0.97,5260.0
WASP-197 b,WASP-197,2025,Transit,5.167228,0.0,,,1.289,1.269,1.36,6050.0
HAT-P-69 b,HAT-P-69,2019,Transit,4.7869491,0.0,,,1.676,3.58,1.648,7394.0
OGLE-TR-111 b,OGLE-TR-111,2004,Transit,4.0144463,0.0,,,1.019,0.55,0.82,5040.0
TOI-5153 b,TOI-5153,2022,Transit,20.33003,0.091,0.024,-0.026,1.06,3.26,1.24,6300.0
HD 159243 b,HD 159243,2013,Radial Velocity,12.62,0.02,0.018,-0.018,1.22,1.13,1.125,6123.0
TOI-1899 b,TOI-1899,2020,Transit,29.090312,0.044,0.029,-0.027,0.99,0.67,0.632,3926.0
Kepler-487 b,Kepler-487,2016,Transit,15.358768403,0.0,,,1.01882416,,0.91,5444.0
DMPP-8 b,DMPP-8,2026,Radial Velocity,62.915,0.275,0.049,-0.049,0.96,0.25513767,0.99,6009.0
HAT-P-25 b,HAT-P-25,2012,Transit,3.65281514,0.023,0.022,-0.014,1.135,0.569,1.012,5519.0
TOI-892 b,TOI-892,2020,Transit,10.62656,0.125,,,1.07,0.95,1.28,6261.0
WASP-12 b,WASP-12,2008,Transit,1.091418901,0.0447,0.0043,-0.0043,1.965,1.47,1.325,6265.0
TOI-3540 A b,TOI-3540 A,2022,Transit,3.119999,0.0,,,2.1,1.18,1.081,5810.0
TOI-2803 A b,TOI-2803 A,2023,Transit,1.96229325,0.0,,,1.616,0.975,1.118,6280.0
TOI-2420 b,TOI-2420,2024,Transit,5.842641,0.055,0.036,-0.031,1.34,0.927,1.158,5707.0
HATS-25 b,HATS-25,2016,Transit,4.2986432,0.176,,,1.26,0.613,0.994,5715.0
HAT-P-50 b,HAT-P-50,2015,Transit,3.1220109,0.115,,,1.288,1.35,1.273,6280.0
WASP-80 b,WASP-80,2012,Transit,3.06785234,0.002,0.01,-0.002,0.999,0.538,0.577,4143.0
WASP-149 b,WASP-149,2025,Transit,1.332813,0.0,,,1.36,0.991,1.05,5750.0
TOI-2049 b,TOI-2049,2026,Transit,5.303468,0.054,0.068,-0.038,1.485,1.53,1.57,6164.0
Kepler-428 b,Kepler-428,2014,Transit,3.52563254,0.22,,,1.08,1.27,0.87,5150.0
K2-31 b,K2-31,2016,Transit,1.25785,0.0,,,1.06,1.774,0.91,5280.0
HATS-47 b,HATS-47,2020,Transit,3.9228038,0.088,,,1.117,0.369,0.674,4512.0
TOI-1107 b,TOI-1107,2022,Transit,4.0782387,0.025,0.023,-0.016,1.3,3.35,1.35,6311.0
TOI-6330 b,TOI-6330,2025,Transit,6.8500246,0.34,0.01,-0.01,0.972,10.0,0.531,3539.0
Kepler-890 b,Kepler-890,2016,Transit,52.75875577,0.0,,,0.79311268,0.184,1.09,5954.0
KELT-2 A b,KELT-2 A,2012,Transit,4.11379,0.0,,,1.35,1.7,1.54,6327.0
TOI-1273 b,TOI-1273,2024,Transit,4.631296,0.055,0.032,-0.032,0.99,0.222,1.06,5690.0
TOI-4487 A b,TOI-4487 A,2025,Transit,3.9540709,0.083,,,1.303,1.25,1.378,6206.0
TOI-2981 b,TOI-2981,2024,Transit,3.601501,0.035,,,1.19546999,2.00737249,1.03,5940.0
HAT-P-56 b,HAT-P-56,2015,Transit,2.79083,0.29,,,1.51,2.31,1.42,6566.0
WASP-168 b,WASP-168,2018,Transit,4.153658,0.0,,,1.5,0.42,1.08,6000.0
HATS-71 b,HATS-71,2020,Transit,3.7955202,0.0,,,1.024,0.37,0.4861,3405.0
KELT-6 b,KELT-6,2014,Transit,7.8457,0.22,0.11,-0.11,1.3,0.52,1.42,6102.0
Kepler-15 b,Kepler-15,2011,Transit,4.942782,0.06,,,0.96,0.66,1.018,5515.0
WASP-114 b,WASP-114,2016,Transit,1.5487743,0.012,0.022,-0.009,1.339,1.769,1.289,5940.0
TOI-2005 b,TOI-2005,2025,Transit,17.305904,0.597,0.097,-0.065,1.07,6.4,1.59,7130.0
WASP-148 c,WASP-148,2020,Radial Velocity,34.524,0.1809,0.018,-0.0072,1.24,0.392,0.954,5555.0
TrES-1 b,TrES-1,2004,Transit,3.03007,0.0,,,1.13,0.84,1.04,5230.0
TOI-2202 b,TOI-2202,2021,Transit,11.9126075,0.022,0.022,-0.015,0.977,0.904,0.841,5169.0
Wendelstein-2 b,Wendelstein-2,2020,Transit,1.7522239,0.057,,,1.1592,0.731,0.73,4591.0
DMPP-7 b,DMPP-7,2026,Radial Velocity,4.984,0.1,,,0.815,0.19315454,1.09,5996.82
Kepler-695 b,Kepler-695,2016,Transit,3.040330424,0.0,,,0.82166117,0.196,0.84,5181.0
CoRoT-4 b,CoRoT-4,2008,Transit,9.20205,0.0,0.1,-0.1,1.19,0.72,1.16,6190.0
NGTS-20 b,NGTS-20,2022,Transit,54.18915,0.432,0.023,-0.023,1.07,2.98,1.47,5980.0
WASP-162 b,WASP-162,2018,Transit,9.62468,0.434,0.005,-0.005,1.0,5.2,0.95,5300.0
CoRoT-3 b,CoRoT-3,2008,Transit,4.2568,0.0,,,1.01,21.66,1.37,6740.0
Kepler-422 b,Kepler-422,2014,Transit,7.8914483,0.0,,,1.15,0.43,1.15,5972.0
Kepler-490 b,Kepler-490,2016,Transit,3.268695154,0.0,,,1.03934338,,1.08,6045.0
HATS-5 b,HATS-5,2014,Transit,4.763387,0.019,0.019,-0.019,0.912,0.237,0.936,5304.0
Kepler-46 c,Kepler-46,2012,Transit Timing Variations,57.011,0.0146,0.0034,-0.0036,1.21,0.376,0.902,5155.0
WASP-50 b,WASP-50,2011,Transit,1.9551,0.009,0.011,-0.006,1.166,1.4688,0.892,5400.0
XO-7 b,XO-7,2019,Transit,2.8641424,0.038,0.033,-0.033,1.373,0.709,1.405,6250.0
WASP-47 b,WASP-47,2012,Transit,4.159151,0.0006,0.0005,-0.0002,1.14729433,1.1767356,1.058,5565.0
HD 2638 b,HD 2638,2005,Radial Velocity,3.4442,0.0,,,1.28,0.42,0.77,5186.0
TOI-4603 b,TOI-4603,2023,Transit,7.24599,0.325,0.02,-0.02,1.042,12.89,1.765,6264.0
TOI-1670 c,TOI-1670,2022,Transit,40.74976,0.09,0.05,-0.04,0.987,0.63,1.21,6170.0
Kepler-17 b,Kepler-17,2011,Transit,1.4857108,0.011,,,1.31,2.45,1.04,5781.0
NGTS-10 b,NGTS-10,2020,Transit,0.7668944,0.0,,,1.205,2.162,0.696,4600.0
HD 149143 b,HD 149143,2005,Radial Velocity,4.07182,0.0167,0.004,-0.004,1.22,1.33,1.2,5856.0
WASP-48 b,WASP-48,2011,Transit,2.14363,0.0,,,1.5,0.8,0.88,5920.0
Kepler-18 d,Kepler-18,2011,Transit,14.85888,0.0,,,0.623,0.052,0.972,5345.0
TOI-3856 b,TOI-3856,2025,Transit,2.04360352,0.083,,,1.213,0.54,1.096,5622.0
HATS-24 b,HATS-24,2017,Transit,1.3484978,0.0,,,1.395,2.26,1.07,6125.0
TOI-1431 b,TOI-1431,2021,Transit,2.650237,0.0022,0.003,-0.0016,1.49,3.12,1.9,7690.0
NGTS-2 b,NGTS-2,2018,Transit,4.511164,0.0,,,1.595,0.74,1.64,6478.0
WASP-194 b,WASP-194,2025,Transit,3.183387,0.0,,,1.381,1.174,1.29,6405.0
HIP 67522 b,HIP 67522,2020,Transit,6.9594731,0.064,0.187,-0.049,0.891,0.225,1.22,5675.0
Kepler-45 b,Kepler-45,2011,Transit,2.455239,0.11,0.1,-0.09,0.96,0.505,0.59,3820.0
TOI-3464 b,TOI-3464,2025,Transit,3.6515568,0.25,,,1.228,1.25,1.363,6370.0
TOI-3593 b,TOI-3593,2025,Transit,3.8212867,0.105,0.052,-0.028,0.984,1.78,1.015,5550.0
HAT-P-30 b,HAT-P-30,2011,Transit,2.8106,0.04,0.02,-0.02,1.44,0.83,1.55,6304.0
TOI-954 b,TOI-954,2020,Transit,3.6849729,0.14,0.18,-0.11,0.852,0.174,1.201,5710.0
WASP-29 b,WASP-29,2010,Transit,3.92273,0.03,0.04,-0.04,0.77,0.23,0.77,4800.0
TOI-1820 b,TOI-1820,2022,Transit,4.860674,0.043,0.008,-0.008,1.14,2.3,1.04,5734.0
TOI-2497 b,TOI-2497,2023,Transit,10.655669,0.195,0.043,-0.04,0.994,4.82,1.859,7360.0
TOI-3362 b,TOI-3362,2021,Transit,18.09547,0.815,0.023,-0.032,1.142,5.029,1.445,6532.0
WASP-32 b,WASP-32,2010,Transit,2.71866,0.0,,,0.96,2.63,0.72,6140.0
TOI-2977 b,TOI-2977,2023,Transit,2.3505614,0.0,,,1.174,1.68,0.936,5691.0
HD 38529 b,HD 38529,2000,Radial Velocity,14.3099,0.256,0.009,-0.009,1.25,0.65,0.98,5697.0
WASP-158 b,WASP-158,2018,Transit,3.656333,0.0,,,1.07,2.79,1.38,6350.0
HAT-P-17 b,HAT-P-17,2012,Transit,10.33852,0.35,0.01,-0.01,1.05,0.58,0.99,5246.0
HAT-P-22 b,HAT-P-22,2010,Transit,3.21222,0.02,0.01,-0.01,1.15,2.47,1.13,5302.0
HAT-P-20 b,HAT-P-20,2010,Transit,2.875317,0.015,0.005,-0.005,0.867,7.246,0.756,4595.0
Kepler-730 b,Kepler-730,2016,Transit,6.491682808,0.0,,,1.1,,1.047,5620.0
HIP 67522 c,HIP 67522,2024,Transit,14.334892,0.077,0.195,-0.056,0.708,0.152,1.22,5675.0
WASP-39 b,WASP-39,2011,Transit,4.0552941,0.0,,,1.279,0.281,0.913,5485.0
WASP-153 b,WASP-153,2017,Transit,3.332609,0.009,,,1.55,0.39,1.336,5914.0
TOI-778 b,TOI-778,2023,Transit,4.633611,0.21,0.04,-0.04,1.37,2.8,1.4,6643.0
NGTS-13 b,NGTS-13,2021,Transit,4.119027,0.086,0.034,-0.034,1.142,4.84,1.3,5819.0
HD 130322 b,HD 130322,1999,Radial Velocity,10.70871,0.029,0.016,-0.016,1.22,1.15,0.92,5387.0
TOI-2416 b,TOI-2416,2023,Transit,8.275479,0.32,0.02,-0.02,0.88,3.0,1.118,5808.0
TOI-3523 A b,TOI-3523 A,2025,Transit,2.30458952,0.047,,,1.425,1.37,1.131,6450.0
HAT-P-38 b,HAT-P-38,2012,Transit,4.640382,0.067,0.047,-0.047,0.825,0.267,0.886,5330.0
TOI-7149 b,TOI-7149,2025,Transit,2.65206166,0.078,0.047,-0.048,1.18,0.705,0.344,3363.0
TOI-3976 A b,TOI-3976 A,2023,Transit,6.607662,0.0,,,1.095,0.175,1.254,5975.0
K2-232 b,K2-232,2018,Transit,11.168454,0.258,0.025,-0.025,1.0,0.398,1.188,6154.0
HATS-14 b,HATS-14,2015,Transit,2.7667641,0.142,,,1.039,1.071,0.967,5346.0
ups And b,ups And,1996,Radial Velocity,4.617033,0.0215,0.0007,-0.0007,1.25,0.6876,1.3,6156.77
Kepler-471 b,Kepler-471,2016,Transit,5.014234575,0.0,,,1.33464181,,1.49,6733.0
TOI-3837 b,TOI-3837,2025,Transit,11.88865,0.221,0.042,-0.046,0.97,0.59,0.89,5905.0
WASP-59 b,WASP-59,2012,Transit,7.919585,0.1,0.042,-0.042,0.775,0.863,0.719,4650.0
KELT-14 b,KELT-14,2016,Transit,1.7100566,0.0,,,1.743,1.284,1.239,5720.0
CoRoT-18 b,CoRoT-18,2011,Transit,1.9000693,0.08,,,1.31,3.47,0.95,5440.0
WASP-54 b,WASP-54,2012,Transit,3.69364,0.07,0.03,-0.03,1.58,0.59,1.08,6100.0
TOI-4734 b,TOI-4734,2025,Transit,6.235633,0.12,,,0.974,0.194,1.391,6070.0
TOI-2842 b,TOI-2842,2023,Transit,3.5514058,0.0,,,1.146,0.37,1.135,5910.0
Kepler-30 c,Kepler-30,2012,Transit,60.323105,0.0111,0.001,-0.001,1.097,2.01,0.99,5498.0
TOI-2886 b,TOI-2886,2025,Transit,1.60200105,0.11,,,1.663,1.4,1.229,6240.0
HATS-9 b,HATS-9,2015,Transit,1.915291,0.075,,,1.23561424,0.837,1.1,5599.0
TOI-2031 A b,TOI-2031 A,2025,Transit,5.71548654,0.076,,,1.267,0.8,1.174,6490.0
HD 168746 b,HD 168746,2002,Radial Velocity,6.404,0.11,0.08,-0.08,0.993,0.27,1.07,5570.0
HATS-61 b,HATS-61,2018,Transit,7.817953,0.092,,,1.195,3.4,1.076,5542.0
WASP-132 b,WASP-132,2016,Transit,7.1335164,0.0163,0.0067,-0.0069,0.901,0.428,0.789,4686.0
WASP-141 b,WASP-141,2016,Transit,3.310651,0.0,,,1.21,2.69,1.25,5900.0
TrES-2 b,TrES-2,2006,Transit,2.47063,0.0,,,1.36,1.49,1.36,5850.0
HD 109749 b,HD 109749,2005,Radial Velocity,5.239891,0.0,,,0.993,0.27,1.13,5824.0
TOI-2796 b,TOI-2796,2023,Transit,4.8084983,0.0,,,1.54,0.44,1.063,5764.0
HD 86081 b,HD 86081,2006,Radial Velocity,2.1378431,0.0119,0.0047,-0.0047,1.21,1.48,1.21,5939.0
NGTS-31 b,NGTS-31,2025,Transit,4.162734,0.0,,,1.61,1.12,0.96,5710.0
TOI-3984 A b,TOI-3984 A,2023,Transit,4.353326,0.23,,,0.71,0.14,0.49,3476.0
TOI-2525 c,TOI-2525,2023,Transit,49.2519,0.157,0.008,-0.007,0.904,0.657,0.849,5096.0
TOI-1248 b,TOI-1248,2024,Transit,4.3601561,0.0,,,0.60741347,0.08621004,0.9042,5205.0
WASP-110 b,WASP-110,2021,Transit,3.7784022,0.0,,,1.177,0.487,0.814,5392.0
TOI-3364 b,TOI-3364,2023,Transit,5.8768918,0.0,,,1.091,1.67,1.186,5706.0
HATS-53 b,HATS-53,2017,Transit,3.8537768,0.33,,,1.34,0.595,0.964,5644.0
TOI-5422 b,TOI-5422,2026,Transit,5.377219,0.094,0.0047,-0.0045,0.812,28.0,1.066,5820.0
Kepler-117 b,Kepler-117,2014,Transit,18.7959228,0.0493,0.0062,-0.0062,0.719,0.094,1.129,6150.0
Kepler-1976 b,Kepler-1976,2023,Transit Timing Variations,4.959319244,0.0,,,1.08930511,,0.976,5712.0
HD 187123 b,HD 187123,1998,Radial Velocity,3.0965828,0.0103,0.0059,-0.0059,1.27,0.523,1.04,5790.0
OGLE-TR-10 b,OGLE-TR-10,2004,Transit,3.101278,0.0,,,1.25,0.62,1.14,5950.0
8 UMi b,8 UMi,2015,Radial Velocity,93.31,0.062,0.028,-0.03,1.2,1.65,1.51,4847.0
WASP-68 b,WASP-68,2014,Transit,5.0843,0.0,,,1.32,1.08,1.49,5910.0
HD 76700 b,HD 76700,2002,Radial Velocity,3.97097,0.09,0.08,-0.08,0.856,0.21,0.99,5644.0
Kepler-412 b,Kepler-412,2014,Transit,1.7208604,0.0038,0.0087,-0.0032,1.341,0.941,1.167,5750.0
TOI-2158 b,TOI-2158,2022,Transit,8.60077,0.07,,,0.96,0.82,1.12,5673.0
HD 151450 b,HD 151450,2022,Radial Velocity,21.89288,0.496,0.117,-0.104,0.619,0.121,1.14,6091.98
Kepler-703 b,Kepler-703,2016,Transit,4.583521756,0.0,,,0.731555,0.161,1.18,6185.0
TOI-1533 c,TOI-1533,2026,Transit,8.0637926,0.0,,,0.66910634,0.11515648,0.88,5146.0
HAT-P-32 b,HAT-P-32,2011,Transit,2.1500082,0.159,0.051,-0.028,1.98,0.68,1.132,6001.0
HIP 91258 b,HIP 91258,2013,Radial Velocity,5.0505,0.02,0.01,-0.01,1.23,1.09,0.97,5519.0
HAT-P-16 b,HAT-P-16,2010,Transit,2.77596727,0.0462,0.0027,-0.0024,1.31,4.221,1.218,6140.0
TOI-3688 A b,TOI-3688 A,2023,Transit,3.246075,0.0,,,1.167,0.98,1.199,5950.0
HD 12484 b,HD 12484,2016,Radial Velocity,58.83,0.07,0.03,-0.03,1.17,2.98,1.01,5920.0
Kepler-688 b,Kepler-688,2016,Transit,3.895936844,0.0,,,0.87072888,0.216,0.98,5715.0
TOI-5398 b,TOI-5398,2022,Transit,10.590547,0.13,,,0.91890603,0.18469085,1.146,6000.0
TOI-640 b,TOI-640,2021,Transit,5.003777,0.013,,,1.72,0.57,1.536,6460.0
HD 147018 b,HD 147018,2009,Radial Velocity,44.236,0.4686,0.0081,-0.0081,1.19,2.12,0.927,5441.0
HATS-54 b,HATS-54,2019,Transit,2.5441765,0.0,,,1.015,0.753,1.05,5621.0
WASP-159 b,WASP-159,2018,Transit,3.840401,0.0,,,1.38,0.55,1.41,6120.0
TIC 9344899 b,TIC 9344899,2026,Transit,8.5821566,0.029,0.021,-0.018,0.817,19.4,0.98,5800.0
Kepler-670 b,Kepler-670,2016,Transit,2.816504852,0.0,,,1.17584084,,0.99,5709.0
TOI-3819 b,TOI-3819,2023,Transit,3.2443141,0.0,,,1.172,1.11,1.242,5859.0
HAT-P-19 b,HAT-P-19,2010,Transit,4.00878322,0.07,0.04,-0.04,1.008,0.277,0.807,4962.0
KOI-1257 b,KOI-1257,2014,Transit,86.647661,0.772,0.045,-0.045,0.94,1.45,0.99,5520.0
TOI-2236 b,TOI-2236,2022,Transit,3.5315902,0.0,0.048,-0.052,1.282,1.58,1.343,6248.0
TOI-2580 b,TOI-2580,2024,Transit,3.39775,0.08,0.04,-0.04,1.55,0.63,1.33,6120.0
Kepler-485 b,Kepler-485,2016,Transit,3.243259796,0.0,,,1.28557409,,1.07,5958.0
HAT-P-7 b,HAT-P-7,2008,Transit,2.20474,0.0,,,1.51,1.84,1.56,6389.0
TOI-5292 A b,TOI-5292 A,2026,Transit,2.02191,0.034,0.024,-0.02,1.128,1.299,0.596,3919.0
WASP-7 b,WASP-7,2008,Transit,4.9546416,0.034,0.045,-0.024,1.33,0.96,1.276,6400.0
TOI-1173 b,TOI-1173,2024,Transit,7.06466,0.023,0.025,-0.016,0.8198783,0.08621004,0.911,5350.0
WASP-26 b,WASP-26,2010,Transit,2.7566,0.0,,,1.21,0.85,0.86,6034.0
WASP-87 b,WASP-87,2016,Transit,1.682795,0.0,,,1.385,2.18,1.204,6450.0
Kepler-723 b,Kepler-723,2016,Transit,4.082275068,0.0,,,1.08751896,,0.92,5539.0
WASP-77 A b,WASP-77 A,2012,Transit,1.360029395,0.01353,0.0006,-0.0006,1.21,1.6654,0.903,5617.0
Kepler-731 b,Kepler-731,2016,Transit,3.855603551,0.0,,,1.23829066,,1.03,5849.0
CI Tau c,CI Tau,2024,Radial Velocity,25.2,0.58,0.05,-0.06,1.16,3.6,0.9,3807.0
WASP-82 b,WASP-82,2015,Transit,2.70579,0.0,,,1.62,1.17,1.48,6480.0
WASP-15 b,WASP-15,2009,Transit,3.7521,0.0,,,1.41,0.54,1.18,6300.0
NGTS-32 b,NGTS-32,2025,Transit,3.31211,0.0,,,1.42,0.57,1.07,5680.0
KPS-1 b,KPS-1,2018,Transit,1.706291,0.0,,,1.03,1.09,0.892,5165.0
NGTS-25 b,NGTS-25,2022,Transit,2.823093,0.0,,,1.023,0.639,0.91,5321.0
TOI-2025 b,TOI-2025,2022,Transit,8.8720982,0.394,0.035,-0.038,1.061,3.6,1.199,5977.0
TOI-2384 b,TOI-2384,2024,Transit,2.13570304,0.0,,,1.025,1.966,0.635,3943.0
TOI-4379 b,TOI-4379,2024,Transit,3.25352,0.018,0.029,-0.018,1.489,1.113,1.372,6020.0
HATS-58 A b,HATS-58 A,2019,Transit,4.2180896,0.168,,,1.095,1.03,1.461,7175.0
HAT-P-59 b,HAT-P-59,2021,Transit,4.1419771,0.03,,,1.123,1.54,1.008,5678.0
HD 102195 b,HD 102195,2006,Radial Velocity,4.11377,0.0,,,1.27,0.41,0.76,5301.0
Kepler-46 b,Kepler-46,2012,Transit,33.60134,0.01,0.01,-0.01,0.808,6.0,0.902,5155.0
TOI-3071 b,TOI-3071,2024,Transit,1.266938,0.09,,,0.63877351,0.2145812,1.29,6177.0
HD 178911 B b,HD 178911 B,2001,Radial Velocity,71.484,0.11,0.0,0.0,1.12,8.03,1.24,5588.0
HIP 65 A b,HIP 65 A,2020,Transit,0.9809734,0.0,,,2.03,3.213,0.781,4590.0
Kepler-451 d,2MASS J19383260+4603591,2022,Eclipse Timing Variations,43.0,0.0,,,1.2,1.76,0.48,29564.0
TIC 139270665 b,TIC 139270665,2024,Transit,23.624,0.105,0.053,-0.05,0.645,0.463,1.035,5844.0
Kepler-702 b,Kepler-702,2016,Transit,10.526294063,0.0,,,0.8180926,0.194,0.9,5419.0
TOI-559 b,TOI-559,2021,Transit,6.9839095,0.151,0.012,-0.011,1.091,6.01,1.026,5925.0
HATS-63 b,HATS-63,2018,Transit,3.0566527,0.136,,,1.207,0.96,0.931,5627.0
Kepler-425 b,Kepler-425,2014,Transit,3.79701816,0.33,,,0.978,0.25,0.93,5170.0
HS Psc b,HS Psc,2024,Radial Velocity,3.986,0.27,0.21,-0.27,1.21,1.46,0.69,4203.0
WASP-165 b,WASP-165,2018,Transit,3.465509,0.0,,,1.26,0.658,1.248,5599.0
HD 217107 b,HD 217107,1998,Radial Velocity,7.1270166,0.1284,0.0015,-0.0014,1.21,1.446,1.045,5622.0
WASP-171 b,WASP-171,2019,Transit,3.8186244,0.0,,,0.98,1.084,1.171,5965.0
HATS-49 b,HATS-49,2020,Transit,4.1480467,0.071,,,0.765,0.353,0.7133,4405.0
KELT-12 b,KELT-12,2017,Transit,5.031623,0.0,,,1.78,0.95,1.591,6279.0
HD 72892 b,HD 72892,2016,Radial Velocity,39.44603,0.419,0.003,-0.003,1.14,5.468,1.01,5688.0
HIP 57274 c,HIP 57274,2011,Radial Velocity,32.03,0.05,0.02,-0.02,1.27,0.40902369,0.73,4640.0
HATS-1 b,HATS-1,2012,Transit,3.446459,0.12,0.092,-0.092,1.302,1.855,0.986,5870.0
TOI-3235 b,TOI-3235,2023,Transit,2.59261842,0.029,,,1.017,0.665,0.3939,3388.8
HATS-32 b,HATS-32,2016,Transit,2.8126548,0.471,,,1.249,0.92,1.099,5700.0
WASP-38 b,WASP-38,2010,Transit,6.87188,0.03,0.0,0.0,1.23,3.44,1.76,6180.0
HAT-P-57 b,HAT-P-57,2015,Transit,2.4653,0.0,,,1.74,1.41,2.77,6330.0
WASP-104 b,WASP-104,2014,Transit,1.7554137,0.0,,,1.137,1.272,1.076,5475.0
51 Peg b,51 Peg,1995,Radial Velocity,4.2307966,0.0063,,,1.26,0.61,1.07,5761.0
TOI-762 A b,TOI-762 A,2024,Transit,3.4716826,0.083,,,0.744,0.251,0.442,3266.0
WASP-60 b,WASP-60,2012,Transit,4.305,0.0,,,0.88,0.55,1.19,5900.0
Pr0201 b,Pr0201,2012,Radial Velocity,4.4264,0.0,,,1.27,0.54,1.24,6174.0
WASP-6 b,WASP-6,2009,Transit,3.3610026,0.054,0.018,-0.015,1.119,0.467,0.854,5438.0
WASP-189 b,WASP-189,2020,Transit,2.724033,0.0,,,1.619,1.99,2.03,8000.0
TOI-2295 b,TOI-2295,2024,Transit,30.033302,0.334,0.012,-0.012,1.47,0.875,1.168,5730.0
TOI-1295 b,TOI-1295,2024,Transit,3.1968838,0.024,0.02,-0.02,1.4,1.42,1.38,6280.0
NGTS-15 b,NGTS-15,2021,Transit,3.27623,0.0,,,1.1,0.751,0.995,5600.0
TOI-2184 b,TOI-2184,2022,Transit,6.90683,0.08,0.07,-0.07,1.017,0.65,1.53,5966.0
DMPP-2 d,DMPP-2,2026,Radial Velocity,16.491,0.1,,,1.03,0.28880364,1.41,6500.0
WASP-184 b,WASP-184,2019,Transit,5.1817,0.0,,,1.33,0.57,1.23,6000.0
WASP-25 b,WASP-25,2010,Transit,3.7648337,0.0,,,1.232,0.564,0.962,5697.0
HD 199509 b,HD 199509,2022,Radial Velocity,99.62167,0.373,0.09,-0.087,0.663,0.136,1.04,5796.02
TOI-2421 b,TOI-2421,2022,Transit,4.3474032,0.0,0.048,-0.052,0.925,0.333,1.131,5607.0
TOI-7510 b,TOI-7510,2025,Transit,11.530869,0.0572,0.0033,-0.0033,0.652,0.0571,1.063,5720.0
HATS-17 b,HATS-17,2016,Transit,16.254611,0.029,0.022,-0.022,0.777,1.338,1.131,5846.0
TOI-2147 b,TOI-2147,2026,Transit,26.20518,0.29,0.07,-0.07,0.93674887,0.36497682,0.99,5983.0
HAT-P-6 b,HAT-P-6,2007,Transit,3.85298,0.0,,,1.48,1.32,1.79,6570.0
WASP-185 b,WASP-185,2019,Transit,9.38755,0.24,0.04,-0.04,1.25,0.98,1.12,5900.0
TOI-5261 b,TOI-5261,2025,Transit,4.1509768,0.1585,0.01,-0.0078,1.035,11.49,1.037,5790.0
HATS-44 b,HATS-44,2018,Transit,2.7439004,0.279,,,1.067,0.56,0.86,5080.0
TOI-5616 b,TOI-5616,2024,Transit,2.002849,0.0,,,0.961,1.96332356,0.666,3996.0
TOI-4504 c,TOI-4504,2024,Transit,82.97213,0.032,0.0016,-0.0014,0.99,3.7672,0.89,5315.0
HD 149026 b,HD 149026,2005,Radial Velocity,2.87589,0.0,,,0.74,0.38,1.42,6179.0
HATS-42 b,HATS-42,2018,Transit,2.292102,0.229,,,1.4,1.88,1.273,6060.0
TrES-4 b,TrES-4,2007,Transit,3.55395,0.0,,,1.61,0.78,1.08,6200.0
BD-14 3065 b,BD-14 3065 A,2024,Transit,4.2889731,0.066,0.0098,-0.011,1.926,12.37,1.41,6935.0
Qatar-10 b,Qatar-10,2019,Transit,1.645321,0.0,,,1.543,0.736,1.156,6124.0
HAT-P-5 b,HAT-P-5,2007,Transit,2.78849,0.0,,,1.21,0.98,1.04,5960.0
TOI-3457 b,TOI-3457,2026,Transit,32.600268,0.59,,,0.949,2.51,1.04,6300.0
TOI-3160 A b,TOI-3160 A,2025,Transit,3.971281,0.18,,,1.228,1.19,1.088,6190.0
HAT-P-45 b,HAT-P-45,2014,Transit,3.128992,0.049,0.063,-0.063,1.426,0.892,1.259,6330.0
TOI-622 b,TOI-622,2023,Transit,6.402513,0.42,,,0.824,0.303,1.313,6400.0
KELT-23 A b,KELT-23 A,2019,Transit,2.255251,0.0,,,1.323,0.938,0.944,5899.0
WASP-89 b,WASP-89,2015,Transit,3.3564227,0.193,0.009,-0.009,1.04,5.9,0.92,5130.0
WASP-55 b,WASP-55,2012,Transit,4.465631,0.0,,,1.314,0.586,1.071,6096.0
K2-329 b,K2-329,2020,Transit,12.4551225,0.0697,0.041,-0.04,0.774,0.26,0.901,5282.0
WASP-45 b,WASP-45,2011,Transit,3.126089,0.0,,,0.946,0.964,0.85,5150.0
Kepler-548 b,Kepler-548,2016,Transit,4.454194338,0.0,,,1.06967615,,0.93,5535.0
KELT-21 b,KELT-21,2018,Transit,3.6127647,0.0,,,1.586,3.91,1.458,7598.0
Kepler-1517 b,Kepler-1517,2016,Transit,5.546083665,0.0,,,0.87072888,0.216,1.58,7010.0
TOI-4860 b,TOI-4860,2023,Transit,1.5227591,0.008,0.013,-0.006,0.77,0.273,0.34,3260.0
WASP-42 b,WASP-42,2012,Transit,4.9816819,0.062,0.013,-0.011,1.122,0.527,0.951,5315.0
TOI-5232 b,TOI-5232,2024,Transit,4.0966692,0.035,0.034,-0.024,1.14,2.34,1.389,6500.0
HD 285507 b,HD 285507,2013,Radial Velocity,6.0881,0.09,0.02,-0.02,1.23,0.98,0.82,4503.0
TOI-150.01,TOI-150,2019,Transit,5.857487,0.262,0.045,-0.037,1.255,2.51,1.351,6255.0
WASP-91 b,WASP-91,2017,Transit,2.798581,0.0,,,1.03,1.34,0.84,4920.0
TOI-5301 b,TOI-5301,2024,Transit,5.858858,0.33,0.11,-0.1,1.168,3.72,1.483,6240.0
NGTS-11 b,NGTS-11,2020,Transit,35.45533,0.13,0.1,-0.09,0.817,0.344,0.862,5050.0
HAT-P-34 b,HAT-P-34,2011,Transit,5.452654,0.432,0.029,-0.027,1.197,3.33,1.392,6442.0
HATS-33 b,HATS-33,2016,Transit,2.5495551,0.08,,,1.23,1.192,1.062,5659.0
WASP-150 b,WASP-150,2020,Transit,5.644207,0.3775,0.0038,-0.0029,1.07,8.46,1.394,6218.0
TOI-2134 c,TOI-2134,2023,Transit,95.85284,0.3125,0.01,-0.01,0.65572421,0.18343231,0.744,4580.0
TOI-1994 b,TOI-1994,2024,Transit,4.0337142,0.341,0.054,-0.059,1.22,22.1,1.86,7700.0
TOI-3682 b,TOI-3682,2025,Transit,3.3462406,0.22,,,1.142,0.218,1.32,5703.0
TOI-1842 b,TOI-1842,2021,Transit,9.5739181,0.276,0.064,-0.064,1.10166148,0.28128386,1.4643,6039.0
HD 141399 b,HD 141399,2014,Radial Velocity,94.44,0.04,0.02,-0.02,1.28,0.451,1.07,5600.0
TOI-3693 b,TOI-3693,2022,Transit,9.088516,0.0,0.048,-0.052,1.124,1.02,0.867,5321.0
HIP 86221 b,HIP 86221,2021,Radial Velocity,2.224,0.086,,,1.25,0.71,0.79,
Kepler-44 b,Kepler-44,2011,Transit,3.2467293,0.066,,,1.09,1.0,1.12,5800.0
TOI-2346 b,TOI-2346,2025,Transit,3.3312029,0.086,,,1.438,1.24,1.271,6480.0
Kepler-41 b,Kepler-41,2011,Transit,1.8555582,0.0,,,1.29,0.56,1.15,5750.0
HAT-P-37 b,HAT-P-37,2011,Transit,2.797436,0.058,0.038,-0.038,1.178,1.169,0.929,5500.0
WASP-103 b,WASP-103,2014,Transit,0.925542,0.0,,,1.528,1.49,1.22,6110.0
TOI-6564 b,TOI-6564,2026,Transit,3.985413,0.0,,,1.463,0.699,1.18,5943.0
KELT-3 b,KELT-3,2013,Transit,2.70339,0.0,,,1.56,1.94,1.96,6304.0
Kepler-785 b,Kepler-785,2016,Transit,1.973760926,0.0,,,1.1615666,,0.77,4739.0
TOI-3023 b,TOI-3023,2023,Transit,3.9014971,0.0,,,1.466,0.62,1.12,5760.0
TOI-1811 b,TOI-1811,2023,Transit,3.7130765,0.052,0.062,-0.037,0.994,0.972,0.817,4766.0
TIC 393818343 b,TIC 393818343,2024,Transit,16.24921,0.6058,0.0023,-0.0023,1.087,4.34,1.082,5756.0
TOI-3757 b,TOI-3757,2022,Transit,3.438753,0.14,0.06,-0.06,1.07057014,0.26838381,0.64,3913.0
TOI-3980 b,TOI-3980,2025,Transit,3.6089254,0.16,,,1.29,0.59,1.24,5840.0
HD 28192 b,HD 28192,2022,Radial Velocity,14.23283,0.104,0.042,-0.023,1.08,0.314,1.08,5919.87
TYC 3667-1280-1 b,TYC 3667-1280-1,2016,Radial Velocity,26.468,0.036,0.043,-0.014,1.14,5.4,1.87,5130.0
HIP 67851 b,HIP 67851,2015,Radial Velocity,89.23,0.13,0.04,-0.04,1.22,1.15,1.28,4840.0
HATS-36 b,HATS-36,2018,Transit,4.175186,0.105,0.028,-0.028,1.1526452,3.216,1.1,5950.0
TOI-2154 b,TOI-2154,2023,Transit,3.8240801,0.117,0.1,-0.079,1.453,0.92,1.233,6280.0
TOI-4666 b,TOI-4666,2025,Transit,2.9089165,0.023,0.033,-0.016,1.118,0.489,0.576,3793.0
WASP-160 B b,WASP-160 B,2018,Transit,3.7684952,0.0,,,1.09,0.278,0.87,5298.0
TrES-3 b,TrES-3,2007,Transit,1.30618581,0.0,,,1.336,1.91,0.928,5650.0
K2-287 b,K2-287,2018,Transit,14.893291,0.478,0.025,-0.026,0.847,0.315,1.056,5695.0
TOI-5027 b,TOI-5027,2025,Transit,10.24368,0.385,0.025,-0.026,0.96,2.02,1.02,5909.0
WASP-148 b,WASP-148,2020,Transit,8.803809,0.208,0.02,-0.025,0.756,0.287,0.954,5555.0
TOI-5181 A b,TOI-5181 A,2025,Transit,3.8922295,0.15,,,1.191,1.04,1.25,6060.0
WASP-178 b,WASP-178,2019,Transit,3.3448285,0.0,,,1.81,1.66,2.07,9360.0
TOI-4994 b,TOI-4994,2024,Transit,21.491984,0.319,0.048,-0.047,0.762,0.28,1.005,5640.0
CoRoT-20 b,CoRoT-20,2011,Transit,9.24285,0.59,0.02,-0.02,0.84,4.3,1.14,5880.0
WASP-95 b,WASP-95,2014,Transit,2.18467,0.0,,,1.23,1.44,1.46,5830.0
HAT-P-68 b,HAT-P-68,2020,Transit,2.29840551,0.041,,,1.072,0.724,0.6785,4508.0
HAT-P-58 b,HAT-P-58,2021,Transit,4.0138379,0.073,,,1.332,0.372,1.031,6078.0
NGTS-12 b,NGTS-12,2020,Transit,7.532806,0.0,,,1.048,0.208,1.021,5690.0
Kepler-493 b,Kepler-493,2016,Transit,3.003876581,0.0,,,1.34980819,,1.36,6457.0
WASP-21 b,WASP-21,2010,Transit,4.322482,0.0,,,1.07,0.3,1.01,5800.0
HD 221416 b,HD 221416,2019,Transit,14.2767,0.115,0.034,-0.03,0.836,0.19,1.212,5080.0
HATS-57 b,HATS-57,2019,Transit,2.350621,0.028,,,1.139,3.147,1.026,5587.0
HD 45652 b,HD 45652,2008,Radial Velocity,44.073,0.607,0.026,-0.026,1.28,0.433,0.92,5294.0
HATS-75 b,HATS-75,2021,Transit,2.7886556,0.064,,,0.884,0.491,0.6017,3790.4
WASP-31 b,WASP-31,2010,Transit,3.4059096,0.0,,,1.549,0.478,1.163,6302.0
TOI-2368 b,TOI-2368,2024,Transit,5.1750073,0.061,0.066,-0.042,0.967,0.65,0.897,5360.0
Kepler-43 b,Kepler-43,2011,Transit,3.0240949,0.017,0.027,-0.009,1.219,3.23,1.32,6041.0
TOI-3331 A b,TOI-3331 A,2022,Transit,2.0180231,0.0,0.048,-0.052,1.158,2.27,1.016,5609.0
WASP-85 A b,WASP-85 A,2016,Transit,2.6556777,0.0,,,1.24,1.265,1.09,6112.0
WASP-195 b,WASP-195,2025,Transit,5.051928,0.0,,,0.92,0.104,1.3,6300.0
KELT-18 b,KELT-18,2017,Transit,2.8717518,0.0,,,1.57,1.18,1.524,6670.0
HD 89345 b,HD 89345,2018,Transit,11.8143,0.22,0.095,-0.13,0.66,0.11,1.157,5576.0
TOI-2379 b,TOI-2379,2024,Transit,5.4693827,0.342,0.0039,-0.0039,1.046,5.76,0.645,3707.0
K2-24 c,K2-24,2016,Transit,42.3391,0.07,,,0.66910518,0.04845358,1.07,5625.0
TOI-4145 A b,TOI-4145 A,2023,Transit,4.0664428,0.0,,,1.187,0.43,0.905,5281.0
HAT-P-54 b,HAT-P-54,2015,Transit,3.799847,0.074,,,0.944,0.76,0.645,4390.0
K2-280 b,K2-280,2018,Transit,19.89526,0.35,0.05,-0.04,0.66910634,0.11672965,1.03,5500.0
TOI-6029 b,TOI-6029,2024,Transit,5.7987,0.091,0.017,-0.015,1.284,1.635,1.548,6223.0
TOI-2570 b,TOI-2570,2022,Transit,2.9887615,0.0,0.048,-0.052,1.217,0.82,1.063,5771.0
HD 179949 b,HD 179949,2000,Radial Velocity,3.092514,0.022,0.015,-0.015,1.24,0.916,1.21,6168.0
NGTS-26 b,NGTS-26,2024,Transit,4.5199279,0.0,,,1.328,0.292,0.96,5550.0
WASP-166 b,WASP-166,2019,Transit,5.44354,0.0,,,0.63,0.101,1.19,6050.0
WASP-84 b,WASP-84,2014,Transit,8.52349648,0.0,,,0.956,0.692,0.853,5280.0
TOI-6448 b,TOI-6448,2025,Transit,14.844261,0.2,0.26,-0.12,0.756,0.17,1.03,5910.0
WASP-101 b,WASP-101,2014,Transit,3.58572,0.0,,,1.43,0.51,1.41,6380.0
KELT-20 b,KELT-20,2017,Transit,3.4741085,0.0,,,1.741,3.382,1.76,8720.0
TOI-4641 b,TOI-4641,2023,Transit,22.09341,0.074,,,0.73,3.87,1.41,6560.0
CoRoT-2 b,CoRoT-2,2008,Transit,1.7429935,0.0143,0.0077,-0.0076,1.466,3.47,0.96,5625.0
HD 104067 b,HD 104067,2011,Radial Velocity,55.851,0.123,0.048,-0.051,0.82,0.19538845,0.82,4952.0
HD 107148 b,HD 107148,2005,Radial Velocity,48.056,0.05,0.17,-0.17,0.856,0.21,1.12,5797.0
TOI-4551 b,TOI-4551,2023,Transit,9.95581,0.101,0.034,-0.033,1.058,1.49,1.31,4896.0
HD 46375 b,HD 46375,2000,Radial Velocity,3.023573,0.063,0.026,-0.026,0.894,0.226,0.92,5285.0
TIC 4672985 b,TIC 4672985,2024,Transit,69.048,0.018,0.004,-0.004,1.026,12.74,1.01,5757.0
TOI-2337 b,TOI-2337,2022,Transit,2.99432,0.019,0.017,-0.017,0.9,1.6,1.325,4780.0
HAT-P-53 b,HAT-P-53,2015,Transit,1.9616241,0.134,,,1.318,1.484,1.093,5956.0
TOI-2529 b,TOI-2529,2024,Transit,64.5949,0.021,0.024,-0.015,1.03,2.34,1.11,5802.0
K2-34 b,K2-34,2016,Transit,2.9956348,0.0,,,1.22669495,1.698,1.16,6168.0
HD 16141 b,HD 16141,2000,Radial Velocity,75.523,0.25,0.05,-0.05,0.971,0.26,1.11,5757.0
HD 103720 b,HD 103720,2014,Radial Velocity,4.5557,0.086,0.024,-0.024,1.26,0.62,0.794,5017.0
TOI-564 b,TOI-564,2020,Transit,1.651144,0.072,0.083,-0.05,1.02,1.463,0.998,5640.0
TOI-481 b,TOI-481,2020,Transit,10.33111,0.153,0.006,-0.007,0.99,1.53,1.14,5735.0
HD 73344 c,HD 73344,2025,Radial Velocity,65.94,0.124,0.052,-0.053,1.2,0.373,1.19,6148.0
TOI-257 b,TOI-257,2021,Transit,18.38818,0.0,,,0.639,0.138,1.407,6095.0
WASP-126 b,WASP-126,2016,Transit,3.28883,0.18,,,0.93796109,0.28411415,1.12,5800.0
Qatar-6 b,Qatar-6,2017,Transit,3.506195,0.0,,,1.062,0.668,0.822,5052.0
KOI-984 c,KOI-984,2022,Transit Timing Variations,21.512,0.38,0.02,-0.02,1.25,0.66010462,0.928,5295.0
HATS-22 b,HATS-22,2017,Transit,4.7228124,0.079,0.026,-0.026,0.953,2.74,0.759,4803.0
NGTS-6 b,NGTS-6,2019,Transit,0.882059,0.0,,,1.326,1.339,0.767,4730.0
Kepler-148 d,Kepler-148,2016,Transit,51.84688575,0.0,,,0.77437773,0.177,0.86,5172.0
CoRoT-9 b,CoRoT-9,2009,Transit,95.272656,0.133,0.042,-0.037,1.066,0.84,0.96,5625.0
HAT-P-35 b,HAT-P-35,2011,Transit,3.646706,0.02,,,1.332,1.056,1.236,6096.0
HAT-P-64 b,HAT-P-64,2021,Transit,4.007232,0.101,,,1.703,0.58,1.298,6457.0
CoRoT-23 b,CoRoT-23,2011,Transit,3.6313,0.16,0.02,-0.02,1.05,2.8,1.14,5900.0
WASP-20 b,WASP-20,2015,Transit,4.89964477,0.0,,,1.38,0.311,1.2,5940.0
WASP-182 b,WASP-182,2019,Transit,3.3769848,0.0,,,0.85,0.148,1.076,5638.0
WASP-35 b,WASP-35,2011,Transit,3.16158,0.0,,,1.3,0.71,1.05,5990.0
TOI-3629 b,TOI-3629,2022,Transit,3.936551,0.05,0.05,-0.04,0.74,0.26,0.63,3870.0
HAT-P-61 b,HAT-P-61,2021,Transit,1.90231289,0.113,,,0.899,1.057,1.004,5587.0
TOI-2589 b,TOI-2589,2023,Transit,61.6277,0.522,0.006,-0.006,1.08,3.5,0.93,5579.0
NGTS-27 b,NGTS-27,2024,Transit,3.3704181,0.0,,,1.396,0.593,1.07,5700.0
K2-113 b,K2-113,2017,Transit,5.817685,0.0,,,1.08305826,1.29,1.04,5660.0
TOI-2107 b,TOI-2107,2024,Transit,2.4545467,0.033,0.038,-0.023,1.211,0.83,0.961,5627.0
WASP-58 b,WASP-58,2012,Transit,5.01718,0.0,,,1.43,0.97,1.06,5800.0
KOI-217 b,KOI-217,2010,Transit,3.90512,0.0,,,1.11,,0.95,5545.0
V1298 Tau b,V1298 Tau,2019,Transit,24.140006,0.0079,0.0041,-0.0041,0.83950542,0.04121721,1.1,4970.0
DMPP-2 b,DMPP-2,2019,Radial Velocity,5.203,0.06,,,1.27,0.53953642,1.41,6500.0
TOI-3288 b,TOI-3288,2025,Transit,1.4338647,0.021,0.026,-0.015,1.092,1.687,0.643,4072.0
HATS-60 b,HATS-60,2018,Transit,3.560829,0.191,,,1.153,0.662,1.097,5688.0
HATS-31 b,HATS-31,2016,Transit,3.37796,0.233,,,1.64,0.88,1.275,6050.0
TOI-1268 b,TOI-1268,2022,Transit,8.1577094,0.105,0.04,-0.039,0.81184902,0.30330832,0.96,5300.0
TOI-677 b,TOI-677,2020,Transit,11.2365985,0.46,0.019,-0.018,1.17,1.234,1.181,6295.0
NGC 2682 YBP 1194 b,NGC 2682 YBP 1194,2014,Radial Velocity,6.959,0.3,0.08,-0.08,1.1,0.32,1.01,5780.0
WASP-75 b,WASP-75,2013,Transit,2.484193,0.0,,,1.27,1.07,1.14,6100.0
TOI-6884 b,TOI-6884,2026,Transit,4.808264,0.067,0.01,-0.012,0.927,26.32,1.41,6330.0
Kepler-423 b,Kepler-423,2014,Transit,2.6843285,0.019,0.028,-0.014,1.192,0.595,0.85,5560.0
HD 122562 c,HD 122562,2022,Radial Velocity,84.96276,0.228,0.139,-0.113,0.903,0.23,1.241,4956.0
Kepler-561 b,Kepler-561,2016,Transit,58.3620495,0.0,,,0.62092961,0.122,0.96,5646.0
HAT-P-65 b,HAT-P-65,2016,Transit,2.60544751,0.304,,,1.611,0.554,1.297,5872.0
24 Boo b,24 Boo,2018,Radial Velocity,30.33,0.032,0.039,-0.023,1.24,0.883,1.05,4816.0
CoRoT-21 b,CoRoT-21,2012,Transit,2.72474,0.0,,,1.3,2.26,1.29,6200.0
TOI-4034 b,TOI-4034,2026,Transit,1.8020932,0.0,,,1.58,0.87,1.19,5891.0
HAT-P-4 b,HAT-P-4,2007,Transit,3.056536,0.0,,,1.274,0.671,1.248,5860.0
WASP-57 b,WASP-57,2012,Transit,2.83891856,0.0,,,1.05,0.644,0.886,5600.0
TOI-6383 A b,TOI-6383 A,2024,Transit,1.79058695,0.05,0.042,-0.033,1.008,1.04,0.458,3444.0
HD 167768 b,HD 167768,2022,Radial Velocity,20.6532,0.149,0.101,-0.096,1.24,0.85,1.08,4851.0
Kepler-6 b,Kepler-6,2009,Transit,3.2346996,0.0,,,1.304,0.668,1.209,5647.0
TOI-4504 d,TOI-4504,2024,Transit Timing Variations,40.5634,0.0445,0.001,-0.0009,1.21,1.4166,0.89,5315.0
GJ 876 b,GJ 876,1998,Radial Velocity,61.1166,0.0324,0.0013,-0.0013,1.19,2.2756,0.32,3293.74
HATS-13 b,HATS-13,2015,Transit,3.0440499,0.181,,,1.212,0.543,0.962,5523.0
TOI-5300 b,TOI-5300,2025,Transit,2.262196,0.0,,,0.88,0.6,0.67,4610.0
WASP-100 b,WASP-100,2014,Transit,2.84938,0.0,,,1.33,1.26,0.77,6900.0
XO-4 b,XO-4,2010,Transit,4.12508,0.0,,,1.25,1.42,1.1,6397.0
WASP-13 b,WASP-13,2009,Transit,4.35301,0.0,,,1.22,0.36,0.72,5950.0
Kepler-426 b,Kepler-426,2014,Transit,3.21751883,0.18,,,1.09,0.34,0.91,5725.0
NGTS-33 b,NGTS-33,2024,Transit,2.827972,0.0,,,1.64,3.63,1.6,7437.0
WASP-24 b,WASP-24,2010,Transit,2.34121,0.0,,,1.38,1.24,1.43,6075.0
KELT-8 b,KELT-8,2015,Transit,3.24406,0.04,0.05,-0.05,1.62,0.66,0.81,5754.0
HD 68988 b,HD 68988,2001,Radial Velocity,6.27711,0.12,0.01,-0.01,1.2,1.97,1.28,5932.0
TOI-2207 b,TOI-2207,2022,Transit,8.001968,0.174,0.048,-0.052,0.995,0.64,1.296,6101.0
OGLE-TR-182 b,OGLE-TR-182,2007,Transit,3.9791,0.0,,,1.13,1.01,1.14,5924.0
WASP-139 b,WASP-139,2016,Transit,5.924262,0.0,,,0.8,0.117,0.92,5310.0
HAT-P-14 b,HAT-P-14,2010,Transit,4.62767,0.11,0.01,-0.01,1.42,3.44,2.65,6600.0
NGTS-23 b,NGTS-23,2022,Transit,4.0764326,0.0,,,1.267,0.613,1.01,6057.0
TOI-2669 b,TOI-2669,2022,Transit,6.2034,0.09,0.05,-0.05,1.76,0.61,1.19,4800.0
WASP-93 b,WASP-93,2016,Transit,2.7325321,0.0,,,1.597,1.47,1.334,6700.0
WASP-188 b,WASP-188,2025,Transit,5.748916,0.0,,,1.322,1.443,1.5,6850.0
WASP-97 b,WASP-97,2014,Transit,2.07276,0.0,,,1.14,1.36,1.18,5640.0
TOI-2992 b,TOI-2992,2025,Transit,3.007812,0.089,,,1.227,3.33,1.21,6000.0
TOI-4201 b,TOI-4201,2023,Transit,3.5819194,0.041,0.015,-0.015,1.22,2.48,0.61,3794.0
TOI-615 b,TOI-615,2023,Transit,4.6615983,0.39,,,1.693,0.435,1.449,6850.0
WASP-99 b,WASP-99,2014,Transit,5.75251,0.0,,,1.02,2.43,1.21,6150.0
TOI-628 b,TOI-628,2021,Transit,3.4095675,0.072,0.021,-0.023,1.06,6.33,1.311,6250.0
MASCARA-4 b,MASCARA-4,2020,Transit,2.8240932,0.0,,,1.515,1.675,1.75,7800.0
HAT-P-24 b,HAT-P-24,2010,Transit,3.35524,0.07,0.02,-0.02,1.3,0.75,1.37,6373.0
NGTS-24 b,NGTS-24,2022,Transit,3.4678796,0.0,,,1.214,0.52,1.26,5820.0
Qatar-8 b,Qatar-8,2019,Transit,3.71495,0.0,,,1.285,0.371,1.029,5738.0
HIP 5763 b,HIP 5763,2021,Radial Velocity,30.014,0.054,,,1.27,0.51,0.72,4352.0
TOI-159 b,TOI-159,2026,Transit,3.7628396,0.24,0.03,-0.04,1.622,3.49,1.661,7287.0
TOI-6628 b,TOI-6628,2025,Transit,18.18424,0.67,0.015,-0.016,0.98,0.74,0.97,5463.0
TOI-1836 b,TOI-1836,2024,Transit,20.380799,0.0,,,0.714,0.121,1.307,6380.0
WASP-127 b,WASP-127,2016,Transit,4.17806203,0.0,,,1.311,0.1647,0.95,5620.0
NGC 2682 YBP 1514 b,NGC 2682 YBP 1514,2014,Radial Velocity,5.118,0.28,0.09,-0.09,1.25,0.4,0.96,5725.0
WASP-121 b,WASP-121,2016,Transit,1.27492504,0.0085,0.0013,-0.0012,1.742,1.17,1.33,6628.0
KELT-4 A b,KELT-4 A,2016,Transit,2.9895932,0.0,,,1.699,0.902,1.201,6206.0
TOI-2169 A b,TOI-2169 A,2025,Transit,8.2148282,0.045,,,1.116,1.037,1.42,6270.0
HATS-50 b,HATS-50,2017,Transit,3.8297015,0.516,,,1.13,0.39,1.168,5990.0
TOI-4600 b,TOI-4600,2023,Transit,82.6869,0.25,0.33,-0.17,0.607,3.02,0.89,5170.0
HD 103774 b,HD 103774,2013,Radial Velocity,5.8881,0.09,0.04,-0.04,1.19,0.367,1.335,6489.0
WASP-135 b,WASP-135,2015,Transit,1.4013794,0.0,,,1.3,1.9,0.98,5675.0
HATS-15 b,HATS-15,2016,Transit,1.74748753,0.126,,,1.105,2.17,0.871,5311.0
WASP-3 b,WASP-3,2007,Transit,1.84683,0.0,,,1.42,2.43,1.62,6400.0
KELT-1 b,KELT-1,2012,Transit,1.217514,0.0099,0.01,-0.0069,1.11,27.23,1.335,6516.0
K2-260 b,K2-260,2018,Transit,2.62669762,0.053,0.051,-0.036,1.643,1.72,1.637,6860.0
WASP-144 b,WASP-144,2018,Transit,2.2783152,0.0,,,0.85,0.44,0.81,5200.0
HATS-70 b,HATS-70,2019,Transit,1.8882378,0.18,,,1.384,12.9,1.78,7930.0
NGTS-35 b,NGTS-35,2025,Transit,25.241192,0.192,0.037,-0.033,0.97243454,0.47824548,0.789,4717.0
WASP-52 b,WASP-52,2012,Transit,1.7497798,0.0,,,1.27,0.46,0.87,5000.0
XO-2 S b,XO-2 S,2014,Radial Velocity,18.22,0.15,0.02,-0.02,0.971,0.26,0.98,5325.0
TIC 257060897 b,TIC 257060897,2021,Transit,3.66003639,0.039,0.038,-0.023,1.54,0.634,1.187,5993.0
K2-29 b,K2-29,2016,Transit,3.2588321,0.066,0.022,-0.022,1.19,0.73,0.94,5358.0
OGLE-TR-56 b,OGLE-TR-56,2002,Transit,1.2119189,0.0,,,1.36301421,1.39,1.228,6050.0
Kepler-719 b,Kepler-719,2016,Transit,5.007317779,0.0,,,0.76010349,0.172,0.99,5777.0
HAT-P-28 b,HAT-P-28,2011,Transit,3.257215,0.051,0.033,-0.033,1.212,0.626,1.025,5680.0
TOI-1232 c,TOI-1232,2026,Transit Timing Variations,30.356,0.027,0.027,-0.016,0.792,0.184,1.058,5823.0
WASP-56 b,WASP-56,2012,Transit,4.6171,0.0,,,0.94,0.45,0.71,5600.0
TOI-5007 b,TOI-5007,2026,Transit,2.543371,0.074,0.026,-0.03,0.988,0.664,0.632,3793.0
GPX-1 b,GPX-1,2021,Transit,1.744579,0.0,,,1.47,19.7,1.68,7000.0
K2-115 b,K2-115,2017,Transit,20.2729914,0.063,0.061,-0.042,1.053,1.01,0.918,5870.0
Kepler-489 b,Kepler-489,2016,Transit,17.276296119,0.0,,,0.68873227,0.145,0.82,5014.0
TOI-5542 b,TOI-5542,2022,Transit,75.12375,0.018,0.026,-0.013,1.009,1.32,0.89,5700.0
TOI-5573 b,TOI-5573,2025,Transit,8.79758977,0.072,0.067,-0.048,0.87,0.35,0.619,3790.0
HATS-26 b,HATS-26,2016,Transit,3.3023881,0.245,,,1.75,0.65,1.299,6071.0
WASP-1 b,WASP-1,2007,Transit,2.5199454,0.0,,,1.483,0.854,1.24,6110.0
Wendelstein-1 b,Wendelstein-1,2020,Transit,2.663416,0.012,,,1.0314,0.592,0.65,4251.0
WASP-41 b,WASP-41,2011,Transit,3.0524,0.0,,,1.1,0.85,0.81,5545.0
TOI-2485 b,TOI-2485,2024,Transit,11.23479,0.0341,0.0109,-0.0087,1.083,2.412,1.163,6016.4
HATS-28 b,HATS-28,2016,Transit,3.1810781,0.202,,,1.194,0.672,0.929,5498.0
WASP-192 b,WASP-192,2019,Transit,2.8786765,0.0,,,1.23,2.3,1.09,5910.0
TOI-1135 b,TOI-1135,2024,Transit,8.0277327,0.062,0.12,-0.045,0.885,0.185,1.119,6320.0
TOI-2193 A b,TOI-2193 A,2022,Transit,2.1225735,0.0,,,1.77,0.94,1.082,5966.0
HATS-74 A b,HATS-74 A,2021,Transit,1.73185606,0.044,,,1.032,1.46,0.601,3776.9
HATS-23 b,HATS-23,2017,Transit,2.1605156,0.114,,,1.86,1.47,1.121,5780.0
HD 189733 b,HD 189733,2005,Radial Velocity,2.21857567,0.0,,,1.13,1.13,0.79,5052.0
HD 121504 b,HD 121504,2003,Radial Velocity,63.33,0.03,0.01,-0.01,1.21,1.51,1.62,6027.0
WASP-133 b,WASP-133,2016,Transit,2.176423,0.17,,,1.21,1.16,1.16,5700.0
HAT-P-1 b,HAT-P-1,2006,Transit,4.46529976,0.0,,,1.319,0.525,1.151,5980.0
TIC 46432937 b,TIC 46432937,2024,Transit,1.44044527,0.009,,,1.188,3.2,0.563,3572.0
HD 63454 b,HD 63454,2005,Radial Velocity,2.81805,0.0,,,1.098,0.25,0.42,4812.0
TIC 87422071 b,TIC 87422071,2026,Transit,11.364929,0.124,0.073,-0.06,0.969,1.29,1.239,6150.0
Kepler-74 b,Kepler-74,2013,Transit,7.340711,0.0,,,0.96,0.63,1.18,6000.0
WASP-23 b,WASP-23,2010,Transit,2.9444256,0.062,,,0.962,0.884,0.78,5150.0
NGTS-1 b,NGTS-1,2017,Transit,2.647298,0.016,0.023,-0.012,1.33,0.812,0.617,3916.0
Kepler-686 b,Kepler-686,2016,Transit,1.594745463,0.0,,,1.0839504,,0.94,5649.0
HD 332231 b,HD 332231,2020,Transit,18.712024,0.0,,,0.80944319,0.23314467,1.1642,6128.0
TOI-1199 b,TOI-1199,2024,Transit,3.671463,0.03,0.029,-0.029,0.938,0.239,1.23,5710.0
TOI-4961 b,TOI-4961,2025,Transit,7.479182,0.182,0.04,-0.048,1.101,1.8,0.912,5380.0
Kepler-75 b,Kepler-75,2013,Transit,8.8849116,0.57,0.01,-0.01,1.05,10.1,0.91,5200.0
HAT-P-3 b,HAT-P-3,2007,Transit,2.8997,0.0,,,0.94,0.65,1.06,5185.0
BD-10 3166 b,BD-10 3166,2000,Radial Velocity,3.48777,0.02,0.02,-0.02,1.26,0.59,1.47,5393.0
Kepler-118 c,Kepler-118,2014,Transit,20.17202,0.0,,,0.685,0.144,0.811,5274.0
HATS-55 b,HATS-55,2019,Transit,4.2042001,0.092,,,1.251,0.921,1.1955,6214.0
HD 109246 b,HD 109246,2010,Radial Velocity,68.27,0.12,0.04,-0.04,1.24,0.86,1.2,5844.0
TOI-4515 b,TOI-4515,2024,Transit,15.266446,0.461,0.007,-0.007,1.086,2.005,0.949,5433.0
CoRoT-31 b,CoRoT-31,2020,Transit,4.62941,0.02,0.16,-0.16,1.46,0.84,1.25,5700.0
TOI-1775 b,TOI-1775,2024,Transit,10.2405549,0.0,,,0.71793227,0.30204978,0.9218,5284.0
HAT-P-18 b,HAT-P-18,2010,Transit,5.508023,0.084,0.048,-0.048,0.995,0.197,0.77,4803.0
HATS-68 b,HATS-68,2018,Transit,3.5862202,0.036,,,1.232,1.29,1.351,6147.0
WASP-88 b,WASP-88,2014,Transit,4.954,0.0,,,1.46,0.42,0.94,6430.0
TOI-157 b,TOI-157,2020,Transit,2.0845435,0.0,,,1.286,1.18,0.948,5404.0
K2-114 b,K2-114,2017,Transit,11.390931,0.079,0.03,-0.03,0.945,2.01,0.863,4899.0
CoRoT-19 b,CoRoT-19,2011,Transit,3.89713,0.047,0.045,-0.045,1.29,1.11,1.21,6090.0
WASP-69 b,WASP-69,2014,Transit,3.86813881,0.0,,,1.0,0.26,0.83,4792.0
WASP-173 A b,WASP-173 A,2018,Transit,1.38665318,0.0,,,1.2,3.69,1.05,5800.0
WASP-71 b,WASP-71,2012,Transit,2.90367,0.0,,,1.18,1.39,0.76,6050.0
HAT-P-62 b,HAT-P-62,2021,Transit,2.6453235,0.101,,,1.073,0.761,1.023,5629.0
TOI-530 b,TOI-530,2021,Transit,6.387597,0.0,,,0.83,0.4,0.53,3659.0
WASP-175 b,WASP-175,2019,Transit,3.0652907,0.0,,,1.208,0.99,1.212,6229.0
HIP 14810 b,HIP 14810,2005,Radial Velocity,6.673892,0.14399,0.00087,-0.00087,1.16,3.9,1.01,5544.0
TOI-1518 b,TOI-1518,2021,Transit,1.90261131,0.01,,,1.878,1.83,1.88,7299.0
HD 33142 d,HD 33142,2022,Radial Velocity,89.9,0.191,0.14,-0.128,0.832,0.2,1.52,5025.4
TOI-5218 b,TOI-5218,2024,Transit,4.291452,0.0,,,0.879,2.06715317,0.739,4230.0
Kepler-714 b,Kepler-714,2016,Transit,8.098887986,0.0,,,0.86269962,0.213,1.09,5995.0
KOI-142 c,KOI-142,2013,Transit Timing Variations,22.26492,0.05724,0.00045,-0.00045,1.25,0.674,0.99,5466.0
Pr0211 b,Pr0211,2012,Radial Velocity,2.1461,0.011,0.012,-0.008,1.2,1.88,0.935,5300.0
HATS-76 b,HATS-76,2021,Transit,1.9416423,0.062,,,1.079,2.629,0.662,4016.0
HAT-P-33 b,HAT-P-33,2011,Transit,3.47447,0.0,,,1.85,0.92,1.82,6446.0
CoRoT-26 b,CoRoT-26,2013,Transit,4.20474,0.0,,,1.26,0.52,1.09,5590.0
WASP-176 b,WASP-176,2020,Transit,3.899052,0.0,,,1.505,0.855,1.345,5941.0
WASP-65 b,WASP-65,2013,Transit,2.3114243,0.0,,,1.112,1.55,0.93,5600.0
HD 2685 b,HD 2685,2019,Transit,4.12688,0.091,0.039,-0.047,1.44,1.17,1.43,6801.0
HIP 12961 b,HIP 12961,2010,Radial Velocity,57.435,0.17,0.03,-0.03,1.18,0.36,0.69,3901.0
WASP-117 b,WASP-117,2014,Transit,10.02165,0.3,0.02,-0.02,1.06,0.3,1.29,6040.0
Kepler-12 b,Kepler-12,2011,Transit,4.4379629,0.0,,,1.754,0.432,1.166,5947.0
HIP 65407 b,HIP 65407,2016,Radial Velocity,28.125,0.14,0.07,-0.07,1.28,0.428,0.93,5460.0
HD 168443 b,HD 168443,1998,Radial Velocity,58.11187,0.53,0.002,-0.001,1.13,7.628,0.98,5491.0
Kepler-643 b,Kepler-643,2016,Transit,16.33889626,0.37,0.06,-0.06,0.90641449,1.01,1.0,4908.0
Kepler-51 b,Kepler-51,2012,Transit,45.154,0.04,0.01,-0.01,0.633,0.007,1.04,6018.0
HD 185269 b,HD 185269,2006,Radial Velocity,6.83776,0.229,0.014,-0.014,1.23,1.01,1.3,5923.0
HATS-27 b,HATS-27,2016,Transit,4.637038,0.581,,,1.5,0.53,1.415,6438.0
XO-3 b,XO-3,2007,Transit,3.19152309,0.2791,0.0024,-0.0022,1.32,13.27,1.449,6970.0
TOI-5882 b,TOI-5882,2025,Transit,7.148972,0.0339,0.0041,-0.0041,1.023,22.01,1.334,5920.0
KOI-134 c,KOI-134,2025,Transit Timing Variations,33.95,0.24,0.12,-0.03,0.88,0.22,1.407,6160.0
NGTS-8 b,NGTS-8,2019,Transit,2.4997,0.01,0.014,-0.01,1.09,0.93,0.89,5241.0
TOI-6420 b,TOI-6420,2025,Transit,6.961508,0.078,0.014,-0.013,1.065,8.2,1.165,6020.0
HAT-P-70 b,HAT-P-70,2019,Transit,2.74432452,0.0,,,1.87,6.78,1.89,8450.0
HD 27894 c,HD 27894,2017,Radial Velocity,36.07,0.015,0.02,-0.002,0.735,0.162,0.8,4875.0
HATS-52 b,HATS-52,2017,Transit,1.36665436,0.246,,,1.382,2.24,1.111,6010.0
TOI-1601 b,TOI-1601,2021,Transit,5.33175,0.0,,,1.2667542,1.21763817,1.5055,5982.0
HATS-48 A b,HATS-48 A,2020,Transit,3.1316666,0.162,,,0.8,0.243,0.7279,4546.0
HAT-P-44 b,HAT-P-44,2014,Transit,4.301219,0.044,0.052,-0.052,1.242,0.352,0.942,5295.0
Kepler-9 b,Kepler-9,2010,Transit,19.23891,0.0609,0.001,-0.0013,0.73958426,0.13655099,1.022,5774.0
TOI-169 b,TOI-169,2020,Transit,2.2554477,0.0,,,1.086,0.791,1.147,5880.0
XO-2 N b,XO-2 N,2007,Transit,2.61585906,0.0,,,0.993,0.629,0.96,5290.0
NGTS-18 b,NGTS-18,2021,Transit,3.05125,0.0,,,1.21,0.409,1.003,5610.0
TOI-5293 A b,TOI-5293 A,2023,Transit,2.930289,0.38,,,1.06,0.54,0.54,3586.0
K2-99 b,K2-99,2016,Transit,18.24783,0.22,0.01,-0.01,1.06,0.87,1.44,6069.0
Kepler-419 b,Kepler-419,2014,Transit,69.7546,0.833,0.013,-0.013,0.96,2.5,1.39,6430.0
TOI-2040 b,TOI-2040,2026,Transit,3.8608576,0.109,0.021,-0.02,0.921,0.781,0.92,5132.0
Kepler-435 b,Kepler-435,2015,Transit,8.6001536,0.114,0.077,-0.077,1.99,0.84,1.538,6161.0
HAT-P-9 b,HAT-P-9,2008,Transit,3.92281072,0.084,0.052,-0.047,1.393,0.749,1.281,6350.0
TOI-5916 b,TOI-5916,2026,Transit,2.367128,0.09,0.114,-0.062,1.013,0.713,0.477,3613.0
TOI-4153 b,TOI-4153,2024,Transit,4.6174141,0.039,0.047,-0.028,1.438,1.15,1.572,6860.0
WASP-73 b,WASP-73,2014,Transit,4.08722,0.0,,,1.42,2.86,2.52,6030.0
HATS-39 b,HATS-39,2018,Transit,4.5776348,0.275,,,1.57,0.63,1.379,6572.0
WASP-70 A b,WASP-70 A,2014,Transit,3.7130203,0.0,,,1.164,0.59,1.106,5763.0
NGTS-39 b,NGTS-39,2026,Transit,58.20472,0.386,0.019,-0.019,1.088,1.467,1.16,6053.0
TOI-3486 b,TOI-3486,2025,Transit,2.21778105,0.078,,,0.943,0.312,0.837,4930.0
WASP-14 b,WASP-14,2008,Transit,2.24375,0.09,0.0,0.0,1.38,8.84,1.62,6475.0
WASP-180 A b,WASP-180 A,2019,Transit,3.409264,0.0,,,1.24,0.9,1.3,6600.0
TOI-2374 b,TOI-2374,2024,Transit,4.3136193,0.13,,,0.668,0.194,0.802,5002.0
TOI-1855 b,TOI-1855,2024,Transit,1.36414864,0.033,0.038,-0.023,1.65,1.133,0.987,5359.0
WTS-2 b,WTS-2,2014,Transit,1.0187068,0.0,,,1.363,1.12,0.82,5000.0
TOI-2818 b,TOI-2818,2023,Transit,4.039709,0.0,,,1.363,0.71,0.977,5721.0
TOI-3321 b,TOI-3321,2024,Transit,3.6525145,0.054,0.057,-0.038,1.388,0.554,1.041,5850.0
HAT-P-55 b,HAT-P-55,2015,Transit,3.5852313,0.17,,,1.324,0.596,1.028,5804.0
WASP-62 b,WASP-62,2012,Transit,4.41195,0.0,,,1.32,0.52,1.11,6230.0
HATS-45 b,HATS-45,2018,Transit,4.1876244,0.24,,,1.286,0.7,1.272,6450.0
HATS-37 A b,HATS-37 A,2020,Transit,4.3315366,0.0,,,0.606,0.099,0.843,5326.0
K2-139 b,K2-139,2017,Transit,28.380619,0.12,0.12,-0.08,0.81273976,0.387,0.96,5370.0
Kepler-817 b,Kepler-817,2016,Transit,3.990106229,0.0,,,0.80560264,0.189,1.03,5861.0
K2-140 b,K2-140,2017,Transit,6.569188,0.0,,,1.21,0.93,0.96,5585.0
KELT-7 b,KELT-7,2015,Transit,2.73477,0.0,,,1.6,1.39,1.76,6768.0
WASP-28 b,WASP-28,2014,Transit,3.40883495,0.0,,,1.219,0.889,0.993,6084.0
WASP-113 b,WASP-113,2016,Transit,4.54216874538,0.0,,,1.409,0.475,1.318,5890.0
Kepler-5 b,Kepler-5,2009,Transit,3.5484657,0.0,,,1.426,2.111,1.374,6297.0
WASP-172 b,WASP-172,2018,Transit,5.477433,0.0,,,1.57,0.47,1.49,6900.0
WASP-18 b,WASP-18,2009,Transit,0.94145223,0.0051,0.007,-0.0037,1.24,10.2,1.294,6432.0
TOI-2714 b,TOI-2714,2024,Transit,2.499387,0.164,,,1.22401852,0.71736822,1.07,5665.0
TIC 245076932 b,TIC 245076932,2026,Transit,21.61389,0.428,0.022,-0.019,0.97,0.51,1.117,6130.0
CoRoT-1 b,CoRoT-1,2008,Transit,1.5089557,0.0,,,1.49,1.03,0.95,5950.0
TOI-3714 b,TOI-3714,2022,Transit,2.154849,0.03,0.03,-0.02,1.01,0.7,0.53,3660.0
HATS-10 b,HATS-10,2015,Transit,3.312846,0.501,,,0.969,0.526,1.101,5880.0
WASP-2 b,WASP-2,2007,Transit,2.152175,0.0054,0.009,-0.0044,1.081,0.931,0.895,5180.0
Kepler-56 c,Kepler-56,2012,Transit,21.40239,0.0,0.01,-0.01,0.874,0.57,1.32,4840.0
WASP-145 A b,WASP-145 A,2018,Transit,1.7690381,0.0,,,0.9,0.89,0.76,4900.0
TOI-5344 b,TOI-5344,2023,Transit,3.792622,0.054,,,0.946,0.412,0.612,3747.0
TOI-2382 b,TOI-2382,2025,Transit,4.6612061,0.18,,,1.093,0.74,1.26,6033.0
WASP-136 b,WASP-136,2016,Transit,5.21536178778,0.0,,,1.5,1.51,1.41,6250.0
WASP-187 b,WASP-187,2020,Transit,5.147878,0.0,,,1.64,0.8,1.54,6150.0
WASP-169 b,WASP-169,2019,Transit,5.6114118,0.0,,,1.304,0.561,1.337,6110.0
WASP-83 b,WASP-83,2015,Transit,4.971252,0.0,,,1.04,0.3,1.11,5510.0
HAT-P-8 b,HAT-P-8,2008,Transit,3.07634,0.0,,,1.4,1.28,1.27,6200.0
K2-295 b,K2-295,2018,Transit,4.024867,0.0,,,0.897,0.335,0.74,4444.0
TOI-2567 b,TOI-2567,2022,Transit,5.983944,0.0,0.048,-0.052,0.975,0.201,1.13,5611.0
Qatar-9 b,Qatar-9,2019,Transit,1.540731,0.0,,,1.009,1.19,0.719,4309.0
WASP-44 b,WASP-44,2011,Transit,2.423804,0.0,,,1.1,0.87,0.935,5420.0
HATS-46 b,HATS-46,2018,Transit,4.7423729,0.559,,,0.903,0.173,0.917,5495.0
TOI-6894 b,TOI-6894,2025,Transit,3.37077196,0.029,0.03,-0.03,0.855,0.168,0.207,3007.0
NGTS-9 b,NGTS-9,2019,Transit,4.43527,0.06,0.076,-0.052,1.07,2.9,1.34,6330.0
WASP-5 b,WASP-5,2008,Transit,1.6284279,0.038,0.026,-0.018,1.087,1.58,0.96,5700.0
HD 195019 b,HD 195019,1998,Radial Velocity,18.20132,0.01,0.0,0.0,1.16,3.98,1.21,5751.0
HD 75289 b,HD 75289,1999,Radial Velocity,3.50927,0.03,0.03,-0.03,1.27,0.49,1.29,6117.0
