id,z_phot,f_f444w,e_f444w,mu,mu_low_68,mu_high_68,intrinsic_f444w_proxy
163,7.188175,1.429695,0.2407574,1.250534,1.245008,1.26143,1.1432675960829533
218,7.809163,1.363585,0.2159544,1.253535,1.249348,1.265586,1.087791725001695
219,6.605646,3.894841,0.1879165,1.244783,1.241182,1.254633,3.128931709382278
220,6.625087,6.055868,0.2684966,1.244739,1.240993,1.255327,4.865170931416144
292,10.5944,2.327575,0.4547812,1.232457,1.228616,1.242222,1.8885648748800161
293,12.10829,2.098905,0.4034593,1.233649,1.230271,1.244803,1.7013794037039707
299,7.565202,11.67353,0.2352029,1.259677,1.255862,1.269905,9.267081958311536
444,6.602324,21.48061,0.4307761,1.252356,1.247925,1.262296,17.152159609567885
456,7.608201,3.721473,0.4101877,1.260327,1.255765,1.270128,2.952783682330062
514,6.673044,13.54792,1.076597,1.221975,1.219447,1.230845,11.086904396571123
520,6.533679,2.324449,0.2354745,1.263272,1.257581,1.272526,1.8400225762939415
565,10.63122,0.9119344,0.176835,1.267888,1.261487,1.276091,0.7192546975758112
591,7.439803,1.158855,0.1821355,1.266346,1.259789,1.276788,0.9151171954584292
731,6.359667,2.20628,0.1860132,1.259062,1.255165,1.268503,1.7523203781863008
937,6.100114,1.495302,0.1605466,1.266259,1.259626,1.276318,1.1808816363792873
1012,8.271218,5.370626,0.8805792,1.242184,1.23808,1.25404,4.323534999645785
1072,7.054107,1.723287,0.2640079,1.253435,1.249854,1.265958,1.3748515080558623
1182,8.169832,1.723823,0.1765115,1.278048,1.272362,1.287753,1.3487936290342772
1298,6.02282,1.305099,0.1843096,1.254659,1.250248,1.265509,1.0402021585147838
1455,6.67171,3.330078,0.4385854,1.229591,1.226088,1.238144,2.708281046299135
1499,6.577326,2.339743,0.1985395,1.27898,1.274327,1.291157,1.8293820075372562
1621,6.185078,1.998652,0.28961,1.282324,1.275563,1.295886,1.5586170109894224
1767,11.35853,2.168467,0.2103517,1.295662,1.287997,1.304369,1.6736363341673985
1796,9.743429,3.589707,0.3785088,1.261959,1.258247,1.274228,2.844551209666875
1814,6.596529,2.079393,0.1974148,1.290309,1.28405,1.300551,1.6115465365272972
1815,6.290492,3.117375,0.199566,1.28957,1.283663,1.299821,2.4173755592949586
2513,6.094414,1.147002,0.2276828,1.283507,1.278134,1.295853,0.8936468597366435
2734,9.775643,1.654975,0.1997148,1.313544,1.307681,1.326267,1.2599311481001016
2877,7.329108,2.452188,0.2062674,1.315177,1.309067,1.326899,1.8645307817883068
3019,6.691614,2.123076,0.3874734,1.239174,1.235146,1.248754,1.7132993429494165
3056,8.281044,1.158127,0.1947186,1.305926,1.301473,1.320957,0.886824368302645
3058,6.777114,3.810714,0.4598116,1.224497,1.21929,1.232033,3.1120647906854817
3112,11.90327,1.64762,0.2137378,1.321474,1.315505,1.334513,1.2468047044436743
3156,6.578536,1.090142,0.1666213,1.31618,1.309845,1.32937,0.8282620918111505
3417,7.912174,1.145022,0.2040764,1.336929,1.328432,1.348624,0.85645684998979
3530,6.651194,2.838901,0.2799095,1.272684,1.267543,1.288221,2.230640913219621
3752,6.558207,1.532289,0.2303387,1.30206,1.297896,1.315846,1.1768190405972074
3796,7.732708,1.953139,0.2184528,1.346071,1.338023,1.359387,1.4509925553704075
3855,6.670758,6.082697,0.3808988,1.261769,1.258061,1.271955,4.820769094818465
3943,6.741341,8.978589,0.2522248,1.34331,1.333534,1.356861,6.683929249391428
4131,8.168807,0.8505132,0.16004,1.355212,1.348502,1.369921,0.6275868277435559
4137,6.083827,1.290127,0.2227076,1.341582,1.335173,1.356959,0.9616460268548623
4206,6.66685,2.075821,0.2950941,1.267393,1.267263,1.282266,1.6378668652896142
4271,7.615453,0.8613303,0.1715646,1.340584,1.334402,1.353633,0.6425037893932793
4413,14.96931,1.966589,0.196644,1.330632,1.326688,1.345514,1.4779360484341275
4442,6.4828,2.260236,0.2061749,1.307138,1.302767,1.324309,1.7291487203340428
4589,6.541636,18.91466,0.5310801,1.324677,1.319605,1.339459,14.278695863217976
4641,8.324059,2.297138,0.2759778,1.377358,1.370737,1.392152,1.667785717293543
4647,10.58349,1.044794,0.1738001,1.368454,1.363599,1.383757,0.7634849253244902
4651,8.401643,1.379246,0.20233,1.331651,1.327766,1.346389,1.0357413466441283
4770,6.592555,0.9496706,0.1869118,1.377609,1.370876,1.394331,0.6893614951702551
4803,7.338894,1.498777,0.2843772,1.367878,1.35987,1.379212,1.095694937706433
4804,10.31697,6.118226,0.7972772,1.289979,1.285612,1.303585,4.742888062518848
4824,11.75323,2.844506,0.5039459,1.371333,1.362952,1.383051,2.074263508571587
4851,10.7351,2.986124,0.5474563,1.302663,1.297883,1.315239,2.2923227265992816
4915,6.362417,1.263593,0.189038,1.324534,1.323383,1.339532,0.9539906110375421
4916,6.452965,9.986424,0.2861068,1.32448,1.322313,1.340802,7.539882821937665
4934,8.188102,1.29876,0.1556956,1.38821,1.382089,1.403934,0.9355645039295207
4937,10.74466,5.098022,0.6432863,1.306457,1.301385,1.320838,3.902173588568166
4962,9.326833,3.185675,0.6248576,1.307525,1.303673,1.319176,2.4364161297107128
4975,6.12551,2.843138,0.5483537,1.271957,1.272804,1.285538,2.2352469462411073
4996,10.61395,5.606358,0.5936694,1.303658,1.29916,1.317607,4.300482181676482
5011,6.486091,0.8788441,0.1663241,1.381531,1.376514,1.397098,0.6361378065349239
5102,6.714802,1.285083,0.1887785,1.333484,1.329568,1.350432,0.9637033515212782
5158,7.875649,1.289018,0.1415457,1.39185,1.38407,1.409765,0.9261184754104249
5234,10.44652,3.509207,0.6928997,1.31881,1.314521,1.334107,2.660888983250051
5372,6.363122,4.344543,0.3857951,1.327013,1.324723,1.344522,3.273926479996805
5461,7.758698,1.597633,0.1606634,1.383611,1.38101,1.400518,1.1546836502456255
5595,9.351241,4.051427,0.6372713,1.308898,1.304979,1.323511,3.095296195731066
5606,6.652209,2.950498,0.3384402,1.282642,1.282285,1.299282,2.300328540621623
5797,6.991526,3.266121,0.2841627,1.302174,1.301802,1.318549,2.5082062765805495
5819,6.13239,1.484131,0.1907391,1.3522,1.34686,1.368144,1.097567667504807
5828,6.748558,32.05605,1.760295,1.300268,1.294663,1.311616,24.653417603140277
5834,11.10627,2.634391,0.4185827,1.298227,1.298606,1.314431,2.0292221622258664
5913,6.266582,4.507125,0.678493,1.281494,1.276342,1.291652,3.51708630707596
6014,9.801608,3.520943,0.5418562,1.337253,1.333833,1.353854,2.6329669853049498
6243,10.70772,2.478436,0.2278452,1.417726,1.413155,1.433821,1.7481770102262353
6390,6.125957,3.927725,0.2632601,1.439317,1.434801,1.460742,2.728881129035508
6403,6.875743,9.121189,0.5717053,1.365492,1.362794,1.384088,6.6797820858708805
6440,11.83268,5.323233,0.1941917,1.450962,1.443544,1.467426,3.6687611391614667
6512,6.489378,1.223542,0.1404504,1.395048,1.391628,1.41637,0.8770608609882956
6513,6.5027,2.090225,0.1427158,1.394841,1.389887,1.416136,1.4985399769579473
6788,6.773118,1.994659,0.3189011,1.363441,1.363911,1.37986,1.4629595266681874
6861,6.219833,3.205293,0.3033478,1.32049,1.320217,1.337947,2.427351210535483
6938,6.674407,3.563749,0.4377481,1.273246,1.267833,1.282121,2.7989477288756452
6954,6.011453,26.73749,0.2322199,1.465551,1.45886,1.4801,18.24398468562336
7000,8.238644,0.8536054,0.1361438,1.484499,1.475899,1.499402,0.5750124452761504
7148,6.668425,2.224871,0.2768106,1.335816,1.335588,1.353587,1.6655519921905413
7150,6.510151,3.466607,0.4245265,1.351551,1.350181,1.369225,2.564910240161119
7235,6.669524,11.66445,0.6580996,1.328786,1.323411,1.34194,8.778275809648807
7349,6.095034,0.9103417,0.138292,1.481977,1.47342,1.502464,0.6142751878065584
7415,6.901559,3.257206,0.5436557,1.35104,1.350245,1.370676,2.4108879085741353
7478,7.324109,5.640674,0.9436723,1.301538,1.295499,1.312992,4.333852718860301
7695,8.342732,6.835365,0.4933519,1.415162,1.410026,1.434606,4.830093657121941
7736,7.300421,12.99023,0.2308333,1.389889,1.386354,1.408936,9.346235562696014
8003,6.668844,5.036545,0.5236486,1.317308,1.311771,1.327836,3.82336173468923
8009,7.191054,9.54438,0.1434999,1.49688,1.492301,1.520592,6.376182459515793
8066,6.151953,5.600889,0.2632368,1.395562,1.390384,1.414119,4.013357342776602
8075,7.906891,5.576205,0.3332011,1.417806,1.411715,1.440394,3.9329816632176757
8093,8.156223,0.9022367,0.1347933,1.617779,1.613193,1.634983,0.5577008355282149
8130,6.146037,3.897734,0.5962303,1.282969,1.274442,1.28965,3.0380578174531103
8259,8.130758,4.994194,0.2803282,1.464896,1.463462,1.484223,3.4092481650574515
8324,8.472477,8.439868,0.2195776,1.412441,1.406464,1.429712,5.975377378594929
8338,6.570745,1.249143,0.1703279,1.490378,1.484515,1.51481,0.838138378317447
8382,8.075304,1.006842,0.1408299,1.40746,1.402498,1.425965,0.7153610049308684
8751,8.716295,11.48846,1.977896,1.363318,1.35637,1.372715,8.426838052457313
8819,8.152177,1.428113,0.1422504,1.414537,1.407979,1.43062,1.009597486668783
8825,6.686142,3.699886,0.5327486,1.268404,1.261997,1.275824,2.916961788199974
8869,7.61246,0.7587983,0.1427167,1.434293,1.427933,1.456778,0.5290399520878928
8984,6.619604,0.621163,0.1221167,1.607387,1.598367,1.623372,0.3864427172796595
9062,8.224669,42.31016,1.254109,1.833216,1.81982,1.882223,23.079746194665553
9079,8.812365,4.342344,0.7348137,1.48793,1.483789,1.511226,2.918379224829125
9233,6.665671,29.88076,0.7850063,1.279582,1.271969,1.284107,23.351969627581507
9334,7.228468,3.8067,0.2994134,1.557867,1.548614,1.586728,2.4435333696650616
9337,6.792837,1.96915,0.1877751,1.471118,1.463631,1.494338,1.3385398044208554
9364,7.385137,2.528785,0.4061184,1.295316,1.288564,1.30736,1.9522533497617571
9367,7.885448,10.53346,0.260538,1.531512,1.525274,1.559066,6.87781747710759
9510,14.43884,3.648917,0.6061624,1.754195,1.741838,1.781389,2.0801091098766102
9617,8.216522,1.565086,0.1421237,1.462198,1.458117,1.480106,1.0703652993643815
9635,6.146338,1.642101,0.2727174,1.356049,1.361662,1.376119,1.2109451797095827
9731,10.78971,8.11647,1.213208,1.370027,1.370495,1.391348,5.924313900382985
9957,6.522995,8.589272,1.24409,1.243605,1.237697,1.248272,6.906752546025466
10046,6.9116,8.685979,0.1675771,1.627715,1.621308,1.657971,5.336302116771056
10065,6.907126,3.924094,0.1522712,1.690948,1.678348,1.710688,2.3206473528458593
10259,6.679706,5.777176,0.3708771,1.609523,1.603492,1.638501,3.5893715094472087
10457,6.039649,3.109548,0.3902156,1.436154,1.437536,1.458212,2.165191198158415
10615,6.710416,2.658622,0.3484896,1.323828,1.316646,1.331747,2.0082835534525634
10622,7.046985,1.264723,0.1863714,1.716852,1.704017,1.73635,0.7366523148180507
10814,8.42922,1.98933,0.1654894,1.748244,1.736944,1.778514,1.1379018031807917
10832,7.370075,1.797942,0.3357724,1.469879,1.464085,1.487439,1.2231904803048415
10860,6.723935,1.939727,0.21511,1.533722,1.526771,1.555994,1.2647187691120032
10963,7.094751,1.738614,0.2435086,1.749423,1.734984,1.775116,0.9938213913959061
11092,6.242512,4.722255,0.3259513,1.387332,1.380187,1.396864,3.40383916755326
11159,6.497239,9.344807,0.6139419,1.736444,1.726713,1.762171,5.381576946909891
11228,10.85601,1.85253,0.2739903,1.483144,1.476129,1.499732,1.2490560592902644
11402,6.674439,6.693337,0.3319612,1.391192,1.380973,1.397528,4.811224475126366
11405,6.167961,3.17029,0.1520977,1.722528,1.707113,1.754417,1.8404867729290901
11436,8.383539,4.120543,0.3832679,1.62861,1.625665,1.657961,2.5300980590810567
11767,6.13461,2.102627,0.3482701,1.614878,1.610622,1.637807,1.3020345809404796
11921,6.120458,0.8469007,0.1607516,1.743472,1.728703,1.774432,0.4857552630612938
12020,6.271878,2.301069,0.2943102,1.761478,1.757466,1.802898,1.3063285490934318
12179,6.629269,13.66655,0.6533922,1.38707,1.377866,1.392414,9.85281925209254
12185,8.552649,11.64945,0.3396219,1.723579,1.721672,1.758605,6.758872091154511
12190,11.94693,4.257167,0.716683,1.263988,1.254612,1.269615,3.3680438421883756
12199,6.694664,5.099725,0.3348381,1.745019,1.73767,1.779004,2.922446689692204
12212,6.34156,4.067221,0.5943165,1.374284,1.366108,1.37887,2.9595200118752745
12259,8.676266,4.309181,0.3138036,1.521697,1.520717,1.552255,2.8318259154089147
12290,6.67682,1.795877,0.283659,1.488147,1.483089,1.501542,1.2067873671082223
12369,10.68615,2.96622,0.5353487,1.306586,1.297963,1.311961,2.2702064770325103
12480,8.850429,2.480913,0.3394884,1.488339,1.490024,1.517106,1.6669004843654571
12583,6.714252,4.358862,0.3071347,1.513702,1.503839,1.529166,2.8796037793436224
12602,6.149099,24.11026,0.3967599,1.894513,1.876439,1.933317,12.726362922819744
12863,9.545864,33.80058,0.5617166,1.646512,1.638153,1.669004,20.528596208226844
12961,6.29245,2.296471,0.3998161,1.485309,1.485606,1.511963,1.5461233992388115
13157,6.285385,5.615751,0.252548,2.077821,2.062898,2.114863,2.7027116387792787
13161,6.635928,2.05965,0.3664359,1.88482,1.885863,1.934113,1.0927568680298385
13361,6.661003,5.037842,0.4041086,1.830205,1.824854,1.863456,2.752610773110116
13411,6.451708,7.876799,0.4664517,1.830094,1.821001,1.867573,4.304040666763565
13532,6.261864,3.04989,0.5347748,1.479441,1.484332,1.508963,2.0615151263213605
13537,9.606405,5.308076,0.989808,1.286739,1.27705,1.29293,4.125215758595954
13606,8.193831,2.371789,0.4401841,1.773621,1.771642,1.8248,1.3372580726096501
13644,6.060808,4.797479,0.2042802,1.546138,1.538395,1.555904,3.1028789150774383
13662,7.749627,3.344998,0.1607078,2.217355,2.205429,2.272321,1.508553208665279
13750,6.772046,1.651823,0.2421352,2.232738,2.213458,2.291016,0.7398194503788622
13796,8.226598,10.68023,0.4662096,1.243581,1.232046,1.247312,8.588286569190105
13917,6.084053,1.731332,0.2776488,1.510425,1.514595,1.53989,1.1462548620421407
13964,6.698978,1.863605,0.2533121,1.999928,1.984778,2.06131,0.9318360460976596
14036,6.861404,2.964613,0.2241088,2.291487,2.272209,2.342134,1.2937507391488583
14076,10.83434,6.535309,0.8499684,1.340234,1.328668,1.347905,4.8762447453205935
14109,6.731303,6.643981,0.5548111,1.444982,1.434848,1.45281,4.59796800236958
14110,6.709569,2.587108,0.3602346,1.443376,1.432065,1.451653,1.7924005941625745
14183,7.26701,15.40653,0.7156773,1.407682,1.396501,1.413464,10.94460964905426
14260,6.07514,15.30397,0.5698758,1.459546,1.448941,1.46645,10.485431771249415
14321,6.670884,5.855677,0.8671943,1.410406,1.399641,1.417998,4.15176693803061
14364,10.49226,4.450598,0.6359425,1.316163,1.304812,1.321479,3.381494541329608
14367,6.772625,0.7319616,0.1420752,2.410994,2.402117,2.486963,0.3035932897385891
14390,9.549776,7.171709,0.7985525,1.319583,1.305984,1.322474,5.4348297909263765
14529,6.638628,0.9199275,0.1463486,2.391514,2.371697,2.454198,0.3846632300709927
14738,6.350443,1.339943,0.1771663,1.932947,1.924835,1.988442,0.693212488495546
14827,6.675388,2.779727,0.3848166,1.446142,1.433502,1.454477,1.9221673943499322
14828,6.710361,2.957305,0.352756,1.446961,1.434516,1.453501,2.0438042213991947
15064,6.660398,5.21159,0.5708397,1.253722,1.243305,1.258118,4.156894431141832
15204,6.318465,1.164539,0.1856976,2.634808,2.618091,2.724836,0.4419824898057088
15271,6.107553,1.634549,0.1909874,2.644425,2.61573,2.720041,0.6181113096419827
15409,8.029243,0.8688351,0.1652804,1.843662,1.85103,1.904359,0.47125508905645397
15452,6.250431,14.74442,0.2188035,2.656424,2.679545,2.737428,5.55047688170262
15453,6.242099,2.029245,0.1553351,2.696254,2.720098,2.783036,0.7526164078013421
15456,6.767949,1.930528,0.2445534,1.77319,1.773371,1.822393,1.0887316080059102
15552,7.302108,1.082885,0.1681161,2.163923,2.143828,2.210136,0.5004267711928752
15558,7.246083,2.125025,0.3833485,2.149649,2.134799,2.184193,0.988545106666251
15651,6.201811,4.492272,0.6507956,1.245229,1.23343,1.247449,3.60758703820743
15689,7.0271,2.048613,0.1938273,1.897148,1.876419,1.918443,1.0798382624866378
15724,9.184532,7.993387,0.5993332,1.828541,1.80285,1.846982,4.3714562593893165
15779,7.252937,47.89864,0.4141779,2.159322,2.142324,2.197644,22.18225906094598
15838,8.428721,2.249881,0.3459862,2.213577,2.196729,2.259665,1.016400604090122
15899,6.465705,7.553303,0.422667,1.769111,1.748758,1.78721,4.269547247176689
15961,6.286501,4.285806,0.2555111,2.206824,2.198903,2.256408,1.9420696892910354
16099,8.60557,1.047697,0.1483473,1.534237,1.541503,1.567207,0.6828781993916194
16106,8.727484,5.570557,0.9330383,1.424582,1.427305,1.449199,3.9103098312347058
16162,6.590985,21.27034,0.7534055,1.80441,1.78539,1.819678,11.787975016764483
16187,8.541298,4.36847,0.4074707,1.828432,1.804862,1.844165,2.3891892069270284
16362,6.575644,4.54813,0.4103703,1.836193,1.820754,1.854653,2.476934614171822
16391,6.663407,3.914045,0.5505305,1.425707,1.413695,1.433564,2.7453361735616086
16411,6.751244,26.40773,0.8419585,1.294441,1.283381,1.298978,20.40087574481958
16426,6.306871,0.8502801,0.1500478,1.696939,1.692891,1.748355,0.501066980015192
16464,8.555531,1.599287,0.2313283,1.440359,1.443172,1.466211,1.1103391585014568
16473,7.705003,3.252456,0.1903012,1.872894,1.851439,1.892057,1.7365937420911166
16524,7.562046,2.895112,0.2412199,1.395205,1.401555,1.418474,2.075044169136435
16593,8.6601,7.774156,0.3161728,1.729856,1.711365,1.743407,4.494105867771652
16717,8.534425,1.278361,0.1970616,3.140139,3.107516,3.21478,0.40710331612708867
16883,6.249249,7.380226,0.5061028,1.606818,1.590662,1.617391,4.593069034576411
16954,6.573932,9.566879,0.4122939,4.38119,4.400551,4.667276,2.183625681607052
17195,6.027818,1.069197,0.1854902,2.20815,2.217698,2.300969,0.48420487738604717
17303,6.868952,5.534045,0.2849749,1.755932,1.737889,1.775419,3.151628309068916
17404,11.39168,1.485589,0.2709528,1.434525,1.437885,1.459813,1.035596451787177
17436,6.17914,2.158157,0.2101581,1.516328,1.524668,1.548496,1.4232784727314935
17448,11.40054,0.9635735,0.1740721,1.485615,1.491656,1.513347,0.6486024306432017
17536,6.289127,6.783656,0.2685403,2.120418,2.074313,2.140649,3.199206948818582
17540,6.682394,10.78838,0.436395,2.139574,2.10118,2.161086,5.042302813550735
17670,8.028376,2.197525,0.137612,1.79802,1.799128,1.850972,1.2221916330185427
17674,8.002891,1.173208,0.1818399,1.866061,1.846321,1.887287,0.6287082790969856
17792,8.029567,1.633493,0.1382474,1.798436,1.801502,1.850764,0.9082853101250198
17793,8.002877,0.9308584,0.1369504,1.796496,1.803124,1.850819,0.5181522252206517
17949,6.665819,7.452245,0.6026444,1.324682,1.310842,1.329167,5.625686013699892
18082,7.059962,5.766622,0.409279,9.368107,9.495766,10.88407,0.615558938428009
18273,6.496407,4.146701,0.3853085,1.943932,1.912699,1.967146,2.133151262492721
18316,7.710117,6.211434,1.063864,1.764547,1.743342,1.781197,3.5201295289952603
18431,9.313706,0.9395455,0.1767647,2.622025,2.617049,2.769085,0.35832820053203157
18460,6.231859,5.746793,0.4226168,2.099743,2.063224,2.123675,2.7369030400387095
18493,6.207298,6.930196,0.2765222,1.491345,1.499428,1.520551,4.646943530839611
18658,6.405668,1.379256,0.2594827,4.647693,4.359314,4.677073,0.2967614255072355
18761,6.315541,0.9415696,0.1808834,1.62279,1.628962,1.661196,0.580216540649129
18896,6.174059,0.8323653,0.1505381,1.622492,1.631672,1.661315,0.5130165818999416
18958,7.826241,4.113645,0.3964533,1.862386,1.871929,1.929577,2.208803652948422
19024,7.444934,2.27716,0.2118802,1.382655,1.387992,1.404886,1.646947358523999
19030,12.13943,0.9204887,0.1735878,2.139522,2.144462,2.235927,0.430231004869312
19110,6.606101,2.251846,0.152156,4.179352,3.946457,4.250255,0.538802666059236
19111,6.72285,4.240084,0.2277478,4.140078,3.904931,4.187696,1.0241555835421459
19112,6.635434,4.092441,0.2336285,4.271963,4.050502,4.308858,0.9579766959592112
19113,6.647596,0.8175669,0.1486144,4.038209,3.777956,4.078581,0.20245779750379436
19120,6.488524,2.5898,0.1889937,9.317399,8.042555,9.255042,0.2779531068702757
19147,7.235286,4.263534,0.2021451,1.459602,1.463696,1.484948,2.9210250465537864
19192,8.056314,1.846224,0.2543921,1.478664,1.484574,1.505674,1.2485757413448897
19308,7.66755,1.47059,0.1591674,13.28332,10.05816,11.99568,0.11070952141482703
19309,7.861781,1.781749,0.1619415,11.78683,9.147268,11.04228,0.15116439280111785
19342,6.709297,1.026501,0.1654995,3.72996,3.572604,3.761593,0.275204291735032
19418,7.134415,8.537084,0.4645647,1.502222,1.488209,1.510977,5.682970959019373
19420,6.572209,2.871499,0.4536778,1.50113,1.488609,1.510916,1.9128916216450274
19423,6.465579,0.922322,0.1376002,2.275812,2.274557,2.36827,0.4052716129451817
19485,6.801514,2.630887,0.2738346,3.548534,3.396503,3.613447,0.7414010969036791
19604,8.342968,2.053816,0.380392,1.456878,1.460219,1.485872,1.4097378092057125
19632,6.67015,4.242607,0.5241891,1.337558,1.323497,1.343026,3.17190506878954
19678,6.316435,1.916554,0.1477182,3.218916,3.108449,3.270409,0.5954035457899491
19679,6.498336,1.728952,0.1491123,3.325072,3.19556,3.368962,0.5199743043158164
19728,7.966809,3.567296,0.143524,1.930713,1.939291,1.992864,1.8476573162349867
19843,9.149778,1.433305,0.2421679,1.661322,1.66666,1.699784,0.862749665627735
19967,6.204998,0.8528288,0.1635362,1.534689,1.538601,1.565144,0.5557013831466832
20026,6.492422,15.58109,0.245433,2.153732,2.124778,2.19209,7.2344609264291
20126,6.34192,1.181984,0.1392576,2.463635,2.456142,2.590466,0.4797723688776949
20464,7.97086,0.7815541,0.1383017,2.085214,2.088101,2.160517,0.3748076216637717
20669,6.627085,1.659116,0.1512695,2.98737,2.913014,3.048401,0.5553768030073275
20721,7.269379,0.9354139,0.1471312,4.604312,4.558313,4.979156,0.20316040702715193
20783,6.645969,2.790867,0.1510198,1.842394,1.844476,1.895441,1.5148046509052895
20805,6.297269,7.234684,0.2590654,2.64488,2.600268,2.716099,2.7353543449986386
20902,6.208582,2.285253,0.2453647,2.866535,2.825076,2.950941,0.7972178954731061
20930,10.98863,2.806864,0.3507129,1.987177,1.98843,2.051644,1.4124881678884167
21038,11.09594,8.129546,0.8868959,1.301806,1.284076,1.305661,6.244821425004954
21273,7.432137,1.455719,0.2141983,1.37978,1.384232,1.400315,1.05503703488962
21274,6.514759,1.309474,0.2125966,1.377105,1.378852,1.397844,0.9508890026541186
21348,6.034689,6.051684,0.3685997,1.802587,1.803209,1.852979,3.3572215931880125
21390,8.743676,82.41008,0.7497555,1.399468,1.380453,1.40632,58.88671981067091
21417,6.777774,1.284201,0.2111683,2.482264,2.447356,2.560116,0.5173506927546788
21418,6.522266,1.250147,0.2124175,2.466221,2.426012,2.545997,0.5069079372854257
21513,6.123055,3.546445,0.6108939,1.331456,1.313721,1.335988,2.6635840763795424
21524,6.148371,3.508339,0.44617,1.806662,1.781651,1.837087,1.9418900713027671
21755,6.250042,2.028423,0.2235196,5.031489,4.965557,5.392178,0.403145669204484
21807,6.087046,4.967062,0.3165075,1.374287,1.378397,1.39369,3.6142828972405328
21838,6.307255,21.71261,0.5179885,1.955664,1.933281,1.999333,11.10242352469545
21839,6.30571,9.817171,0.2216288,1.948178,1.923524,1.987683,5.039155046407464
21840,6.508631,10.38416,0.3488703,1.945883,1.921323,1.989446,5.336477064653939
21886,7.312599,5.157331,0.8811171,1.554276,1.534409,1.567922,3.3181564921545466
21888,6.520713,6.461065,0.3092087,2.032262,2.00753,2.077051,3.179248049710126
21894,6.49184,2.582693,0.3241665,2.208126,2.193411,2.263416,1.1696311714096024
21917,6.955273,1.754071,0.3303683,1.494658,1.497852,1.521386,1.1735601053886573
22005,9.968656,1.844989,0.3043543,1.408937,1.414924,1.43078,1.3094900623661667
22153,6.815244,9.817373,0.3806985,4.348887,4.311376,4.741085,2.257444950857541
22215,6.731756,1.217982,0.2254517,1.571438,1.576788,1.60354,0.77507480409663
22332,6.713137,2.393521,0.2332549,1.389306,1.392883,1.411522,1.722817723381314
22396,10.63862,1.195288,0.1602293,1.606095,1.611089,1.638038,0.744219986987071
22434,7.848228,1.453547,0.2381594,1.392489,1.398012,1.415512,1.0438481022112203
22500,6.189384,1.278693,0.1591497,1.488716,1.493687,1.515755,0.8589233943881843
22507,9.350554,10.13557,1.063996,1.284299,1.267917,1.289135,7.891908348445337
22529,6.694271,5.409662,0.4732925,1.745221,1.747208,1.7901,3.099700267186792
22641,6.971513,0.9405186,0.1309881,5.779076,5.635666,6.335993,0.16274549772316543
22696,6.652539,1.254233,0.1590226,5.85819,5.966123,6.646627,0.21409906472818396
22764,7.218799,0.7095934,0.1295802,3.08641,3.050422,3.254703,0.22990898811240246
22768,8.049586,5.259792,0.981581,3.234676,3.185614,3.423315,1.6260645579340869
22830,6.277545,2.816039,0.1584165,3.858196,3.882264,4.166129,0.7298848995748272
22997,6.232485,2.008195,0.1915059,1.999927,1.972874,2.052577,1.0041341508965078
23107,14.31445,0.6983572,0.1290094,6.69,6.514358,7.689213,0.10438822122571001
23271,6.228027,0.9850764,0.1288657,8.341142,8.079071,9.292368,0.11809850497689645
23436,6.363366,1.800463,0.3528748,1.622784,1.601565,1.647048,1.1094902340668875
23607,6.104855,0.9043857,0.1663611,1.460002,1.461877,1.485452,0.6194414117240935
23614,6.61943,1.9284,0.2890527,2.026386,2.001518,2.081807,0.9516449481984182
23772,6.116493,4.599672,0.2439392,1.713434,1.68695,1.748964,2.6844757370286807
23799,9.332969,2.801106,0.4487566,1.967496,1.965257,2.024931,1.4236908232596153
23918,6.5777,1.708852,0.2125922,11.58023,10.95302,13.14975,0.14756632640284348
23938,6.032638,1.068521,0.1786649,1.428073,1.430084,1.450574,0.7482257559662567
24146,6.222713,6.017604,0.2333139,1.92638,1.927355,1.98604,3.1237886605965595
24203,9.848802,4.128532,0.2909411,12.80567,12.32622,13.58018,0.3223987499287425
24213,6.289884,8.638298,0.3921148,1.628784,1.609667,1.649405,5.303525820489396
24227,7.039339,12.96487,1.582895,1.406021,1.386253,1.415594,9.220964693983944
24346,6.645835,5.732873,0.4357324,2.009623,2.009374,2.075086,2.852710682550906
24575,7.278117,2.026495,0.3718419,3.074481,3.080776,3.311225,0.659134013187917
24648,7.436994,1.990304,0.1821489,1.488517,1.492122,1.520841,1.33710532026171
24682,6.59184,20.77861,0.5082549,1.84349,1.818552,1.884729,11.271344026818698
24892,6.062513,1.26531,0.1612175,1.585785,1.584939,1.614153,0.7979076608745825
24929,6.222089,3.155465,0.367743,1.601705,1.576967,1.626063,1.9700662731276983
24947,6.800137,1.46721,0.1937308,1.988473,1.983445,2.044059,0.7378576425226795
24968,6.292715,36.43922,0.3693179,1.585696,1.560222,1.60496,22.979953282344155
25048,6.534067,5.457081,0.1804813,1.415196,1.414689,1.439811,3.8560602206337498
25114,6.183893,1.826673,0.2962972,1.553651,1.532373,1.571027,1.1757292982786998
25131,7.923925,3.682644,0.3946657,1.44353,1.417884,1.451215,2.551137835722153
25170,6.504224,2.973221,0.4587691,1.601145,1.577148,1.623476,1.8569342564227476
25361,7.934937,0.7184278,0.1261498,18.10473,17.97458,21.8884,0.039681773768512424
25494,10.06125,3.602693,0.2453694,10.28679,10.90994,12.6999,0.35022519172647637
25511,6.913387,2.227741,0.140456,13.46605,13.23452,15.48848,0.16543388744286558
25530,11.39876,2.652081,0.3875618,15.0326,16.45093,18.8746,0.17642197623830874
25585,6.234313,2.286485,0.3182738,1.499355,1.475296,1.511958,1.5249790743352973
25616,6.715576,1.251326,0.2103315,1.765954,1.77162,1.806844,0.7085835757896298
26051,6.487777,3.64052,0.1641465,2.036007,2.000882,2.099361,1.7880685086053238
26325,6.145201,5.416596,0.2646141,1.540383,1.517341,1.556611,3.5163955977182297
26703,6.044312,30.0381,2.504025,1.35035,1.32784,1.358395,22.24467730588366
26859,7.962787,2.643454,0.2811864,1.42913,1.432246,1.452907,1.8496945694233555
26872,7.930805,1.027728,0.1655136,3.939138,3.869653,4.342923,0.2609017505860419
26879,7.817701,1.103861,0.1675911,2.11333,2.096981,2.161825,0.5223325273383712
26934,6.177654,2.96036,0.2503778,1.560396,1.531759,1.588295,1.8971850735326163
26935,6.189578,9.485213,0.4081303,1.560207,1.530738,1.576205,6.079458046272065
27141,9.873306,1.302985,0.256297,1.825847,1.824996,1.871196,0.7136331795599522
27201,6.763871,2.952715,0.3592198,1.478871,1.448984,1.491317,1.9966007853288081
27231,8.952964,1.251949,0.243859,8.70545,8.507468,9.344089,0.14381209472227166
27427,6.914181,2.478726,0.1286078,11.09627,7.496935,11.8233,0.22338371362629061
27491,6.854064,7.211024,0.2441746,3.33842,3.234471,3.523696,2.160011023178629
27652,8.973914,6.386067,0.4159541,1.456141,1.460374,1.482816,4.385610322077326
27667,6.232244,15.7526,0.7083209,1.567411,1.567756,1.592042,10.050076208473717
28039,6.227314,1.417854,0.2054155,1.589943,1.557583,1.611721,0.8917640443714019
28137,7.407176,1.351172,0.2671586,2.1001,2.097053,2.146409,0.6433846007332985
28215,6.742428,2.965784,0.4151822,1.404353,1.404761,1.427459,2.111850795348463
28218,6.60859,1.983221,0.3683065,1.388291,1.389363,1.409841,1.428534075348756
28328,8.697567,1.317187,0.1645522,1.738978,1.745285,1.770506,0.7574489153974346
28397,6.245974,11.65318,0.347193,1.499986,1.501035,1.525838,7.768859176018976
28435,6.984542,1.361145,0.1936873,6.53857,5.806476,6.808299,0.20817166444650742
28685,7.132769,3.192036,0.270928,1.473761,1.441508,1.490614,2.1659115691078807
28845,6.64026,1.186316,0.2098464,1.452804,1.453743,1.479088,0.8165698882987656
28846,6.56012,1.719254,0.1943329,1.453868,1.45535,1.482246,1.18253789202321
28937,7.913884,1.610193,0.1504963,4.090491,4.021799,4.218665,0.39364296364421775
28971,6.28934,0.9967272,0.1712908,2.455515,2.342439,2.510059,0.40591370852957526
29208,6.189668,1.060723,0.1612938,2.02249,2.021653,2.061136,0.5244639034061974
29267,7.970865,1.606379,0.1617006,1.960117,1.956588,2.000948,0.8195322013941004
29601,14.87262,0.8497383,0.1639008,2.456821,2.353287,2.523905,0.3458690315655882
29716,8.842045,1.043633,0.1985917,1.976289,1.972757,2.01282,0.5280771182757178
29717,6.524531,4.587343,0.3490667,1.393479,1.393274,1.411638,3.292007271010184
29767,7.711001,5.888754,0.8779373,1.398108,1.400477,1.419357,4.211944999957085
29803,6.768244,17.41032,1.578195,1.400019,1.402427,1.421248,12.43577408592312
29881,6.946267,2.586048,0.2949138,1.877849,1.824508,1.898919,1.3771330921708826
30024,6.720705,2.28671,0.4562721,1.403235,1.402038,1.426695,1.6295987486058998
30026,7.960953,2.264201,0.4217795,1.415945,1.392397,1.427182,1.599074116579387
30055,6.524179,3.046545,0.4045984,1.439168,1.412839,1.453063,2.1168793358384845
30308,7.827768,4.521967,0.5964816,1.400243,1.401531,1.416461,3.2294158942412143
30319,8.293662,3.710265,0.7273243,1.408646,1.404403,1.430218,2.633922930246492
30457,6.696971,4.065322,0.4720521,1.396667,1.395334,1.414023,2.9107310475582224
30500,7.723743,1.622528,0.1424008,26.49113,17.89114,24.10971,0.061247972434546966
30501,7.013959,2.10399,0.3645441,1.869867,1.86272,1.905112,1.1252083704349027
30608,8.510115,0.9266517,0.1819233,3.414254,3.402806,3.525336,0.27140678461532153
30972,6.231289,2.470654,0.2372695,1.644554,1.60573,1.67204,1.5023246424258492
31072,6.285754,1.856646,0.3282787,2.321287,2.307352,2.369361,0.7998347468451769
31104,6.565805,1.810394,0.2271758,1.664714,1.623269,1.69578,1.0875105273338244
31454,8.170886,9.126975,1.030057,1.408005,1.407647,1.425386,6.482203543311281
31754,6.494715,1.434807,0.2312505,1.593351,1.554615,1.605906,0.9004965007710165
31779,6.235433,3.459105,0.1779154,1.475515,1.475974,1.495545,2.344337400839707
31780,6.229632,28.91037,0.4371807,1.473145,1.470395,1.497107,19.624931693757233
31924,6.509356,11.94463,0.4411259,1.60903,1.56762,1.631968,7.4234973866242395
31994,8.237319,6.085629,0.5391462,1.6505,1.642341,1.685099,3.6871426840351407
32053,6.281789,4.272261,0.2742509,5.649739,4.993922,5.824176,0.7561873212196174
32054,6.341878,1.340746,0.1873423,5.724789,5.036449,6.003032,0.23420007270136942
32241,9.165914,1.81291,0.3253624,1.526544,1.522308,1.553471,1.1875910553511724
32272,6.034447,7.402514,0.2853594,1.736064,1.734057,1.77446,4.2639637709208875
32364,6.286445,2.09335,0.1926956,5.894369,5.368486,6.197213,0.355144036622071
32387,6.777719,2.639219,0.2459817,1.334812,1.314025,1.342692,1.9772215113439195
32428,6.24395,7.810736,0.26348,1.62104,1.578248,1.648952,4.818348714405567
32454,7.110147,3.960968,0.30869,1.408968,1.383902,1.415347,2.8112547623508837
32469,6.648115,1.577619,0.2020793,5.338924,4.794794,5.53409,0.2954938111125014
32480,6.26105,2.133126,0.1462235,5.251217,4.858799,5.372347,0.40621554965258533
32618,7.945059,16.44615,0.2989845,2.654818,2.49958,2.777594,6.194831434772553
32782,6.29567,3.014505,0.2065292,1.458856,1.456185,1.476125,2.066348563531973
32870,6.218183,1.75838,0.1804641,1.720328,1.710158,1.75864,1.0221190377648914
32962,7.047622,1.283214,0.2027864,1.442333,1.413061,1.45319,0.8896794290916176
33227,6.967261,4.274829,0.3222394,2.031035,2.035108,2.085899,2.1047539801135873
33303,8.92997,1.261893,0.2095636,1.422636,1.397744,1.432544,0.8870104510219058
33354,14.30398,1.170759,0.1751395,1.756354,1.758406,1.801414,0.6665848684262968
33468,8.208878,9.52097,0.9524448,1.412537,1.404902,1.421938,6.740333173573507
33543,7.293602,2.564371,0.3790427,4.26529,3.875608,4.381569,0.6012184400122852
33592,7.874112,2.555146,0.1653029,1.951538,1.879371,2.003944,1.30929861473361
33636,7.952509,2.783566,0.2476159,1.339328,1.32265,1.347388,2.0783303268504802
33652,6.303832,4.179496,0.4456388,1.810668,1.769005,1.84637,2.3082619232239154
33740,7.962465,1.716772,0.1801319,2.034828,1.9561,2.093843,0.8436939141784956
33754,7.292491,1.732012,0.2248953,1.919624,1.858443,1.966154,0.9022662771459411
33804,6.150221,5.497945,0.2046733,1.390663,1.368491,1.396496,3.9534703950561707
33805,6.196574,22.47559,0.5046043,1.391593,1.370291,1.395912,16.150979488974148
33814,8.092369,3.575864,0.197202,1.59988,1.601446,1.629052,2.23508263119734
33912,6.306523,3.92571,0.4354928,1.446285,1.441709,1.464812,2.714340534541947
33929,7.736085,2.636724,0.3094199,3.837953,3.547567,3.978424,0.6870131030786464
33955,6.88551,2.802926,0.2386269,3.374152,3.227121,3.392218,0.8307053149947008
33983,6.673233,2.166509,0.4119991,3.748688,3.469278,3.818856,0.5779379345520352
33989,10.60546,1.997249,0.2267038,3.923518,3.643706,4.011356,0.5090454535954723
34001,6.281618,4.648719,0.4722218,1.334211,1.317381,1.336642,3.4842457452381965
34035,6.293747,2.367826,0.4626772,1.348321,1.32907,1.357438,1.7561292896869514
34124,6.599182,2.420502,0.3263068,1.371767,1.352222,1.381396,1.7645139444235063
34146,6.481455,0.9352758,0.169273,1.955418,1.910143,2.00031,0.4782996781250863
34147,6.288801,1.238956,0.1892892,1.940095,1.885625,1.987642,0.6386058414665261
34151,7.001769,3.591786,0.2560882,1.473827,1.467818,1.488622,2.4370472246742665
34328,8.035892,1.208819,0.2319336,1.738605,1.732101,1.772146,0.6952809867681274
34355,6.966197,2.845675,0.2403258,1.415795,1.404163,1.426064,2.0099484741788185
34392,7.2828,3.331315,0.250747,2.099115,2.013854,2.165661,1.5870092872472448
34522,10.73473,3.271367,0.3533993,1.401339,1.378862,1.404146,2.3344579719825114
34541,7.955146,31.05233,0.7263573,1.847716,1.787143,1.891339,16.805791582689118
34542,7.914962,21.75931,0.4155505,1.857832,1.798239,1.903774,11.712205409315805
34543,7.696589,1.697611,0.1704998,1.858392,1.801671,1.908976,0.9134838075067047
34601,10.48859,1.072486,0.1758388,2.274264,2.272909,2.34669,0.4715749798616168
34654,6.183753,2.889618,0.2555637,1.628062,1.624116,1.656885,1.7748820376619565
34659,6.028684,1.588751,0.2032526,2.129828,2.116235,2.191253,0.7459527248209715
34696,7.143426,5.550713,0.2123053,1.409407,1.387525,1.408921,3.938332220572198
34748,7.934585,2.598931,0.1621808,1.840045,1.779562,1.883081,1.4124279569249665
34749,7.904089,12.24747,0.2506055,1.835087,1.776661,1.872002,6.674054145661759
34906,6.537721,12.28183,0.2801945,1.44428,1.418081,1.456456,8.50377350652228
34946,7.27737,3.327763,0.521356,1.493108,1.480708,1.50626,2.228749025522601
34985,7.909119,2.00702,0.2787221,1.798803,1.745442,1.844988,1.1157530869139087
35201,7.108357,1.616793,0.302816,3.786469,3.454724,3.780105,0.4269922716916473
35388,7.931282,8.189801,0.257171,1.775373,1.723734,1.809952,4.613003014014519
35389,7.927282,11.13921,0.2633874,1.77281,1.724027,1.81583,6.283363699437616
35390,7.858642,1.11697,0.1679341,1.76907,1.714583,1.808823,0.6313882435403914
35418,7.913551,5.171285,0.4459414,2.553207,2.453345,2.634386,2.0254076539818353
35554,7.897722,7.072388,0.1674931,1.766385,1.718249,1.807395,4.003876844515776
35555,7.904158,4.801019,0.1661634,1.771187,1.719965,1.809911,2.710622311478122
35557,7.800055,2.527165,0.1662064,1.768172,1.718158,1.794356,1.4292529233581348
35609,6.587027,2.501541,0.1298828,1.40565,1.392344,1.413244,1.7796329100416177
35653,12.12779,5.388661,0.2732395,2.011203,2.002006,2.060522,2.6793222762694766
35654,12.04174,5.914051,0.2686238,2.028368,2.032848,2.082269,2.9156696418006987
35771,7.900774,35.05898,0.2490696,1.779646,1.732005,1.816577,19.699974039780944
35772,7.866563,2.209203,0.1668643,1.776996,1.727635,1.800758,1.2432233949879459
35868,6.970187,1.025743,0.1769454,1.420586,1.40542,1.430314,0.7220562500263976
35999,14.20973,1.624224,0.2489879,2.292249,2.272294,2.35843,0.7085722362622908
36023,7.961385,2.752112,0.5171203,1.755779,1.708103,1.799519,1.5674592303473274
36117,6.429608,1.486543,0.2826718,1.364491,1.346582,1.373528,1.089448739493335
36127,6.194324,19.94421,0.441361,1.769449,1.759973,1.807675,11.271424042173582
36178,7.293822,2.559016,0.4978963,1.30639,1.292128,1.309398,1.9588453677691962
36229,6.108515,0.4708549,0.08943886,1.395321,1.377976,1.404647,0.33745274384890644
36314,6.098267,2.515378,0.4003964,3.238909,2.995593,3.180213,0.7766127421301432
36436,12.75167,0.849372,0.1682711,1.406549,1.386458,1.406695,0.603869470597896
36502,7.892553,30.41451,0.4061448,1.924322,1.871173,1.95532,15.805312208663622
36531,10.8022,1.050927,0.0904474,1.39908,1.380964,1.405025,0.7511557594990993
36583,8.662718,1.038595,0.1980211,1.380779,1.360651,1.38847,0.7521804720378858
36617,6.013337,24.31399,0.6622268,3.534113,3.15973,3.637643,6.879799825302699
36690,6.214958,17.17844,0.7704881,1.655373,1.638649,1.68343,10.377383224203848
36714,8.00889,2.791204,0.4993782,1.315376,1.302631,1.322238,2.1219818515770394
36725,6.446548,3.497136,0.2067903,1.377433,1.361892,1.389019,2.5388792050139646
36908,7.911343,3.97295,0.2078182,2.59565,2.478018,2.63982,1.5306185348563943
37080,6.234375,1.356561,0.2619336,1.431078,1.411985,1.443692,0.9479294629642827
37288,7.130588,1.516882,0.1551268,4.104363,3.557749,4.343201,0.3695779345053057
37289,7.259715,1.386677,0.1564549,4.103059,3.467782,4.180485,0.3379617500016451
37314,8.166366,1.887254,0.2132455,1.58395,1.556555,1.609588,1.191485842356135
37390,6.949959,3.225152,0.3831532,1.618926,1.592171,1.633224,1.9921552930770152
37450,6.289686,3.084862,0.5669251,3.360734,2.983466,3.449088,0.9179131701586619
37596,7.925447,1.048518,0.2049734,1.529381,1.500178,1.532834,0.6855832523092676
38201,10.37723,4.905327,0.2457224,3.874599,3.440958,3.999027,1.2660218515516057
38412,10.56448,0.5176765,0.08406033,1.668005,1.620359,1.677883,0.31035668358308277
38461,7.243611,0.9919726,0.1781708,2.213328,2.174127,2.26942,0.4481814715216181
38726,6.227777,4.081288,0.3066295,1.342694,1.32838,1.350415,3.039626303536025
38764,10.59256,0.7511683,0.09758332,1.631965,1.568952,1.638662,0.46028456492633113
38781,9.134567,2.496585,0.298829,2.193931,2.136179,2.221773,1.1379505554185614
38868,12.66768,0.8813034,0.07939074,1.658229,1.6024,1.654542,0.5314726735571504
38874,7.925346,20.45828,1.005713,2.596654,2.498875,2.626136,7.878708522583293
38958,10.27069,1.414127,0.2175384,1.463485,1.423791,1.467467,0.9662736550084217
39047,6.204377,1.34214,0.2625766,3.852217,3.382438,3.902651,0.3484071639785609
39142,7.013313,1.527236,0.2300728,3.041358,2.85582,3.063188,0.5021559448114954
39410,8.66736,0.5086847,0.1007219,1.633646,1.572572,1.651316,0.31138000521532816
39514,6.226388,1.676042,0.2656519,2.654721,2.559238,2.676496,0.6313439340706614
39640,6.196789,1.644828,0.2395955,1.407021,1.394244,1.424012,1.1690145349642969
40013,9.195692,0.9598041,0.1084657,1.565251,1.508485,1.568522,0.6131950083405154
40093,7.345908,0.7192491,0.1076681,1.513744,1.464727,1.522103,0.47514579743998986
40136,6.077526,1.518529,0.2101253,1.765295,1.735401,1.789875,0.860212599027358
40540,6.484908,6.89154,0.352113,1.596723,1.578963,1.612709,4.316052314646937
40606,6.051033,2.244947,0.2548635,2.31871,2.122039,2.335498,0.968187914831954
41040,7.694203,2.902098,0.2049961,1.411053,1.399037,1.425142,2.056689578633829
41072,6.401932,0.5514681,0.08254655,1.694201,1.598041,1.702703,0.32550334936645653
41090,6.217092,2.293054,0.1953758,1.386128,1.37621,1.398561,1.6542873385430494
41096,7.187307,7.284681,0.2310878,2.697208,2.601603,2.722917,2.700822850888771
41103,6.1983,1.019376,0.08064642,1.589582,1.5175,1.587567,0.6412855706720383
41116,6.119808,0.7579431,0.1184448,1.550155,1.484341,1.546101,0.4889466537217246
41160,6.732772,5.966999,0.2669657,2.585069,2.510916,2.612361,2.308255214851132
41266,6.660433,0.7352954,0.1417826,10.4803,6.799454,10.66318,0.07015976641890023
41294,13.4461,1.126812,0.1750163,2.805756,2.594223,2.900391,0.401607267346127
41295,13.50862,2.158516,0.2728644,2.873295,2.609429,2.970423,0.7512336881524522
41361,6.524367,5.482091,0.4805337,2.57983,2.504465,2.588818,2.1249814910284788
41383,7.941823,0.5869211,0.1116555,4.349859,3.407139,4.57228,0.13492876435764928
41413,7.957973,1.420533,0.1743836,3.355245,2.993364,3.56184,0.4233768323922694
41476,8.657128,0.5113022,0.09424091,1.699134,1.600943,1.6957,0.30091929182748395
41497,8.15503,2.369985,0.1801827,1.410996,1.398351,1.425894,1.6796539465739095
41533,6.577583,0.4862132,0.07901046,1.697404,1.595871,1.702085,0.2864451833505754
41549,8.957931,0.596652,0.1112658,5.458117,4.033041,5.598319,0.10931462260702729
41567,8.146961,0.6028109,0.1042206,1.68524,1.581822,1.679315,0.3577003275497852
41584,12.01081,2.496325,0.4433556,5.781932,5.21815,6.000715,0.4317458247520033
41634,7.092052,9.158505,0.3879724,1.812573,1.781353,1.83925,5.0527647714050685
41660,7.985199,0.6559966,0.1101612,1.471098,1.413099,1.467843,0.4459231132120362
41693,6.089291,3.910919,0.1833182,1.444746,1.430346,1.458385,2.706994170601614
41759,7.175513,0.5034563,0.08066737,1.695977,1.585729,1.699839,0.2968532592128313
41789,9.19912,0.5703417,0.07761527,1.789409,1.661317,1.80021,0.318731882984829
41965,6.292483,1.119806,0.1973194,1.416644,1.40544,1.42684,0.7904639415407118
42037,6.135259,0.7967416,0.09314781,1.428638,1.378841,1.428764,0.557693131500072
42089,9.85969,11.6889,0.2098125,1.624077,1.532176,1.635112,7.197257272900238
42113,12.66974,1.407103,0.2230612,5.120517,4.227447,4.919862,0.2747970566253368
42251,6.080587,0.9556289,0.1791977,1.377688,1.3346,1.372137,0.6936468198895541
42359,6.611822,3.169419,0.4837064,1.534395,1.518101,1.550513,2.065582200150548
42549,6.541722,12.4579,0.6178235,1.584353,1.569973,1.602152,7.863083542619607
42668,6.682656,1.39584,0.1772326,1.50893,1.437849,1.502321,0.9250528520209684
42820,6.388881,1.0778,0.07743559,2.222889,1.919773,2.23134,0.4848645164018537
42859,6.201415,4.292237,0.1337201,1.372553,1.326377,1.369254,3.1271921739998385
42905,6.194413,5.262082,0.3064027,1.496823,1.491072,1.515285,3.515500496718717
42906,6.192813,7.174852,0.3225035,1.494939,1.488637,1.510415,4.7994279365245
42909,6.559701,9.505732,0.3453419,1.602096,1.586755,1.614536,5.9333098640780575
42984,6.99079,0.854377,0.08963142,1.73843,1.597683,1.738796,0.49146471241292433
43316,6.053103,1.292054,0.2475886,1.581702,1.490478,1.592096,0.8168757452415184
43520,6.573343,0.6544046,0.1104232,1.490801,1.424241,1.499521,0.43896173936024996
43635,7.889045,1.811527,0.2426519,3.857775,3.838548,4.174122,0.46957818950042446
43811,8.174653,0.7305952,0.1375027,1.47848,1.409024,1.495541,0.4941529138033656
43895,7.709835,0.4692755,0.07977762,1.851544,1.676115,1.871595,0.2534509036782275
43921,9.235265,3.123702,0.2796552,1.444293,1.433715,1.455656,2.1627896832567908
43965,7.251998,0.7214393,0.1307683,6.770369,4.694172,7.857004,0.10655834268412845
44130,6.084232,0.5906002,0.09497021,1.448992,1.381362,1.457468,0.4075938307457874
44139,6.866488,0.5240489,0.08383393,1.402242,1.346133,1.392802,0.3737221535227158
44220,7.207219,0.9128086,0.1632093,1.493258,1.419476,1.493122,0.611286596154181
44238,6.368272,1.635912,0.2722694,1.772752,1.758986,1.795388,0.922809281839761
44260,10.35796,1.217894,0.2034175,2.453256,2.427454,2.536115,0.496439833429532
44263,8.920935,2.591693,0.4214744,1.518575,1.433893,1.515321,1.7066611790659005
44276,6.353415,1.282626,0.1668475,1.368782,1.318345,1.378015,0.9370564487259476
44333,11.58889,0.9033156,0.1718844,3.082765,3.052165,3.334687,0.2930212325623263
44376,8.318283,4.050497,0.2032675,2.413032,2.401272,2.507057,1.6785923269977356
44450,7.865769,3.413458,0.2077901,1.427249,1.421516,1.441425,2.3916345360900584
44489,6.973778,4.825113,0.2716851,23.2309,13.05512,31.00701,0.20770237054956978
44580,7.91282,1.699912,0.2871494,3.100552,2.464674,3.26753,0.5482610838328144
44642,6.782546,2.617542,0.2797527,1.426307,1.420907,1.43934,1.8351883570647833
44656,7.346958,1.223833,0.2029948,1.519518,1.42677,1.530517,0.8054086888078983
44760,7.219643,1.148236,0.2181678,1.516709,1.428292,1.506379,0.7570575502617839
44818,7.939133,2.618969,0.2602701,3.422273,3.382598,3.608284,0.7652717945061659
44846,8.773705,0.4261005,0.07756555,2.87376,2.341075,2.967905,0.14827282027726743
44934,6.535143,4.235838,0.2556343,2.244207,2.221526,2.288892,1.887454232163076
44941,6.087991,1.564624,0.1539855,2.359461,1.990844,2.38856,0.6631277228146598
45069,7.956169,1.52289,0.1962668,2.274107,2.262968,2.352655,0.6696650597355358
45254,6.963682,1.785567,0.2892339,1.392003,1.383895,1.402191,1.2827321492841608
45416,8.338906,0.4824393,0.08681304,1.604308,1.47294,1.583654,0.30071488766496207
45425,6.54106,0.5095856,0.08650861,1.385579,1.325968,1.385064,0.36777809132499845
45515,6.622088,2.150754,0.401548,1.820643,1.636758,1.816612,1.1813156121216515
45524,6.347618,0.6716165,0.08479181,1.390474,1.329881,1.380202,0.48301262734865946
45560,6.773822,1.916396,0.1296952,1.642597,1.51548,1.653115,1.1666866553390758
45634,6.786321,2.607778,0.4599161,1.908424,1.898324,1.935088,1.3664563011154756
45661,7.322804,5.997989,0.1798652,2.198032,2.209954,2.289261,2.728799671706326
45760,6.598838,1.068568,0.2063342,1.522729,1.428898,1.531681,0.7017453532440769
45783,7.290267,1.239206,0.225354,1.502968,1.413746,1.512333,0.8245059109708257
45868,6.712958,0.5834581,0.08167407,1.882009,1.687558,1.879902,0.31001876186564464
45870,7.462212,0.5888949,0.1156975,1.811224,1.626159,1.843194,0.3251364270791465
45893,8.549129,1.61871,0.08207383,1.705663,1.562036,1.73195,0.9490209965274501
45905,6.803811,2.213613,0.3851412,1.595717,1.589134,1.614137,1.3872215436697108
45943,7.844962,0.9451025,0.1721122,2.320394,2.328675,2.423963,0.40730259602464064
45959,6.973201,1.405607,0.2354272,1.361898,1.302091,1.362765,1.0320941803277486
45969,7.312801,2.145052,0.4050613,1.370567,1.312949,1.380769,1.565083647862527
46053,7.201134,0.5753283,0.09568207,1.686789,1.547133,1.681223,0.3410789968395573
46068,6.572351,1.004961,0.07998239,1.809448,1.627636,1.816536,0.5553964523987426
46130,7.007985,0.5316089,0.08308149,1.610632,1.492898,1.60414,0.3300622985262928
46195,6.763668,2.183661,0.4003829,2.002222,1.991837,2.031059,1.0906188224882154
46252,10.67957,0.6444025,0.1083869,1.635583,1.509068,1.649062,0.39398948264930606
46393,6.815125,0.996588,0.1038679,1.692581,1.54775,1.702796,0.5887978182432628
46409,6.037564,6.128021,0.3450642,2.010998,1.812054,2.049657,3.0472536521667357
46497,8.167762,0.642367,0.1164712,2.274893,2.149773,2.341614,0.28237240169098066
46522,7.465928,0.9576196,0.1195132,1.365588,1.3086,1.371754,0.7012507432695659
46529,6.29268,2.77574,0.2687576,1.501748,1.493509,1.517177,1.8483394018170822
46556,10.17633,0.8472476,0.1484533,1.64289,1.515687,1.687466,0.5157056163224562
46560,7.350302,1.731306,0.3359421,2.133453,2.140985,2.229616,0.8115041671881219
46639,8.550623,2.036167,0.101149,1.868537,1.686714,1.919628,1.08971189759689
46686,6.747963,0.6896424,0.08232551,1.800163,1.637227,1.851579,0.3830999748356121
46786,14.21945,0.7055132,0.1364325,2.146962,2.014256,2.205496,0.3286100080020047
46929,6.71492,0.7140747,0.1312492,1.419135,1.347823,1.424772,0.5031760191947912
46980,7.197221,5.376521,0.2404737,2.058563,2.046295,2.132176,2.61178355969674
47122,6.134944,0.8663312,0.1146927,1.704911,1.560661,1.72212,0.5081386653027635
47133,7.510343,1.113877,0.2226091,1.369546,1.310806,1.376833,0.8133184281506427
47257,7.707713,1.372622,0.1505171,1.990571,1.935002,2.038244,0.6895619397650222
47321,14.89191,1.484855,0.2595378,1.372322,1.310659,1.381094,1.082001891684313
47333,6.659413,4.463716,0.08493293,1.390889,1.325456,1.389999,3.2092539375895557
47499,6.134954,1.993192,0.2858944,1.891891,1.875126,1.932758,1.0535448395282816
47598,6.998496,1.412629,0.08383534,1.712546,1.582716,1.724041,0.824870689604834
47600,7.014233,2.268173,0.1085887,1.707605,1.577065,1.719676,1.3282773240884163
47613,8.614719,1.555335,0.2360726,1.860972,1.775923,1.893986,0.8357648583643386
47658,7.929292,0.5581169,0.07832864,1.903603,1.884571,1.961636,0.2931897564775849
47659,9.057416,0.4486671,0.0788103,1.912076,1.883425,1.960558,0.23464919804442919
47730,6.573096,0.9378476,0.1447077,1.849482,1.768075,1.878784,0.5070866329058623
47732,8.311295,0.6043091,0.1141276,1.584622,1.47537,1.594542,0.381358519571229
47836,6.258214,55.19097,0.6668708,3.371293,3.161076,3.787995,16.370861268955263
47860,6.90707,0.5203363,0.09629507,1.673358,1.551597,1.692299,0.3109533644324765
47888,6.862825,0.3978466,0.07791943,1.818023,1.73924,1.845776,0.21883474521499455
47927,7.329379,1.043167,0.08549929,1.784909,1.689612,1.8136,0.5844370777445796
47937,8.403102,0.4353998,0.08224499,1.687855,1.568672,1.70387,0.25796042906529293
48062,6.303239,0.9196598,0.1779737,1.354841,1.299252,1.36262,0.6787953715602053
48069,8.350924,0.4471392,0.08437981,1.561508,1.455756,1.569829,0.28635088645078993
48145,8.958765,1.851343,0.311084,1.869538,1.867147,1.917101,0.9902676490127508
48178,6.744799,13.18444,0.7062465,2.592297,2.506747,2.725358,5.086006734567837
48252,7.061469,0.4601202,0.08206749,1.682533,1.569117,1.699999,0.2734687521730629
48410,6.908054,0.7482172,0.07702059,1.769392,1.714542,1.799792,0.42286683787425283
48414,6.887604,0.4563627,0.07953591,1.750319,1.688057,1.785101,0.26073115814888603
48432,13.52742,0.5052326,0.08455055,1.508256,1.42355,1.520826,0.3349780143423928
48453,6.765939,1.183253,0.08315119,1.429617,1.360185,1.447743,0.8276713273555086
48487,11.20028,0.5816162,0.1072064,1.787016,1.732473,1.819475,0.3254678189786773
48499,12.67731,5.07772,0.848431,1.503187,1.417219,1.509893,3.3779696072411483
48506,7.39921,2.269398,0.1128687,1.804025,1.799403,1.853273,1.2579637200149665
48526,7.145516,0.5371498,0.1042717,1.664911,1.578988,1.68652,0.32262973816618423
48567,8.711367,0.77466,0.1262045,1.657844,1.559546,1.669015,0.46726953802649707
48590,6.272882,1.01732,0.1971481,2.720868,2.628943,2.925937,0.37389538926548443
48653,7.347034,1.327266,0.2623496,1.483181,1.401564,1.484893,0.894877968366639
48779,8.324319,1.086111,0.08068926,1.562996,1.471369,1.566678,0.6948904539742904
48788,6.498825,0.72929,0.08272689,1.484453,1.398742,1.492417,0.4912853421428634
48838,9.23135,2.03439,0.3034387,1.432396,1.360022,1.436412,1.4202706514120398
49027,8.837633,11.39316,0.2892019,2.49484,2.44955,2.659662,4.5666896474323
49040,7.686097,3.591042,0.4306972,1.700449,1.64888,1.72626,2.111819878161591
49178,6.409535,6.551261,0.5013099,1.647052,1.633957,1.676664,3.977567799923743
49210,8.468434,6.597276,0.1439929,1.393967,1.327344,1.39311,4.732734706058322
49245,6.746614,6.506496,0.5343114,2.98647,2.786235,3.230231,2.178657746436428
49333,8.600196,5.608621,0.1981102,1.759167,1.748036,1.803678,3.188225449886225
49402,6.200756,0.6277664,0.0831724,1.674688,1.654771,1.707448,0.37485573432185576
49425,7.383395,1.23667,0.08144695,1.618536,1.556475,1.640443,0.7640670334178541
49454,6.828023,2.715219,0.2792982,1.694294,1.692581,1.737061,1.6025666147669766
49514,10.55392,3.994679,0.3437519,1.828558,1.798794,1.879088,2.184606121326204
49581,9.798351,1.175316,0.1474672,1.682775,1.666964,1.718299,0.6984391852743237
49613,8.531133,0.6009556,0.08831633,1.675344,1.660756,1.709774,0.3587057941533202
49704,8.766678,0.6073196,0.08209463,1.504118,1.423135,1.518364,0.4037712466708064
49755,9.198678,1.126232,0.1941446,1.456782,1.385914,1.46301,0.7730957686187775
49787,9.412115,2.29123,0.1440745,1.603962,1.551785,1.616627,1.428481472753095
49791,7.33799,0.8977321,0.1003239,1.6664,1.654905,1.688538,0.5387254560729716
49815,6.077837,0.6797148,0.1324037,1.478893,1.411316,1.49259,0.45961053301354454
49818,7.205143,1.341612,0.1082575,1.584701,1.530969,1.594937,0.8466026083153857
49856,7.017564,1.308978,0.2409616,1.522836,1.454025,1.536334,0.8595659677076192
49872,6.095512,1.365169,0.2704152,1.398161,1.396696,1.413443,0.976403289749893
50157,10.59706,0.4168186,0.08025624,1.641023,1.637468,1.678486,0.253999243155032
50164,6.846109,1.357105,0.2512734,1.906926,1.868902,1.963854,0.7116715593578357
50179,7.013599,0.9961708,0.1848502,1.651641,1.651546,1.690152,0.6031400286139664
50181,7.93448,2.195442,0.2040307,1.658954,1.655974,1.693573,1.3233893164005752
50218,7.79269,0.5671243,0.1031378,1.571023,1.529521,1.590761,0.3609904501716398
50230,11.73687,0.695559,0.1171884,1.48669,1.417296,1.494368,0.4678574551520492
50244,7.307778,0.5753969,0.0845238,1.446786,1.379561,1.453118,0.39770698638222934
50264,6.835903,2.211259,0.2446536,1.591242,1.568393,1.615763,1.389643435756472
50352,10.6803,1.620176,0.2472762,1.654282,1.65469,1.69052,0.9793832006876699
50366,6.240055,0.8103173,0.1177192,1.364413,1.307707,1.366277,0.5938944439843361
50408,6.464312,1.8952,0.08131124,1.401116,1.340163,1.403211,1.3526360415554457
50432,9.243546,1.23687,0.0935386,1.513071,1.457222,1.519706,0.8174566824689653
50437,7.618737,4.056213,0.3777722,1.447903,1.44647,1.46928,2.8014397373304702
50529,7.890994,3.157075,0.2977417,1.576246,1.549824,1.601489,2.002907541081785
50532,6.7835,3.869482,0.7365021,1.386529,1.387211,1.4031,2.7907688912384816
50600,6.826053,1.717083,0.2647537,1.62292,1.617833,1.65591,1.0580207280703917
50616,7.960079,1.878391,0.2455499,1.654106,1.644708,1.691993,1.1355928821973924
50684,7.835388,1.244607,0.181965,1.494541,1.437348,1.503828,0.8327687229724712
50741,6.113592,0.6863467,0.09874381,1.399173,1.341343,1.410843,0.49053741031309206
50814,10.10483,0.4463359,0.0818971,1.576028,1.561536,1.599041,0.2832030268497768
50981,6.82083,1.004148,0.1915016,1.660371,1.649331,1.697566,0.6047732705521839
51026,6.732074,9.254528,0.8021906,1.690266,1.684313,1.726587,5.475190295491952
51182,8.871269,0.6395536,0.1170645,1.542939,1.518681,1.556987,0.4145034897685521
51183,12.75644,1.254384,0.1120179,1.520972,1.4858,1.534871,0.8247252414903101
51185,7.965343,8.334463,1.448283,1.610616,1.601128,1.637101,5.174705205958465
51209,7.330374,1.634566,0.2482417,1.512381,1.482472,1.522366,1.0807898274310508
51212,8.40257,0.6079052,0.08589957,1.469337,1.418101,1.480428,0.4137275519503015
51270,9.380001,0.455085,0.08613089,1.495558,1.455333,1.513365,0.3042911073993787
51274,6.46377,1.543302,0.1003215,1.40405,1.351035,1.41202,1.0991788041736406
51275,6.86579,0.5324176,0.1058048,1.583816,1.577922,1.62158,0.33616127125878265
51276,8.108159,2.392054,0.1630604,1.586418,1.58282,1.61866,1.5078333705240357
51307,12.82442,0.7202849,0.1348907,1.486863,1.443742,1.501889,0.48443259399151095
51312,8.483133,0.7157971,0.1026169,1.562526,1.55635,1.588813,0.4581025211740476
51333,7.833648,1.236628,0.2102519,1.449278,1.399618,1.455922,0.853271767045384
51339,6.163372,1.140457,0.198048,1.611666,1.599231,1.648755,0.7076261458639693
51356,7.313126,0.4379424,0.08180675,1.469,1.424056,1.475902,0.2981228046289993
51371,6.146942,3.484006,0.1393647,1.545335,1.540599,1.571018,2.25453121815011
51503,8.583211,0.7184748,0.1207972,1.540381,1.526819,1.570884,0.46642668274926785
51518,6.619121,0.5367431,0.09762864,1.376537,1.319734,1.380245,0.3899227554362869
51564,6.717657,1.583205,0.2423459,1.796165,1.773927,1.850559,0.8814362823014589
51590,7.970656,1.365733,0.2037262,1.824578,1.521701,6.622783,0.7485199317321595
51678,7.306733,3.351789,0.1956789,1.377869,1.322964,1.381396,2.4325890197108726
51688,6.068573,0.5706305,0.09893868,1.483239,1.455107,1.494271,0.3847191855122472
51753,7.271194,1.626646,0.1127699,1.375846,1.326433,1.38315,1.182287843261528
51792,7.34582,3.877625,0.5526859,1.68829,1.669363,1.73408,2.296776620130428
51886,6.90932,0.5732285,0.1073496,1.426223,1.381334,1.43215,0.4019206673851144
51926,8.13749,4.250416,0.8494183,1.643962,1.626456,1.678225,2.585470953708176
51991,7.914534,3.011083,0.4831433,1.593763,1.576763,1.628605,1.8892915697001373
52010,7.932165,3.04269,0.2910471,1.535737,1.528048,1.562363,1.9812572074515364
52049,9.211375,0.6491868,0.08054831,1.52466,1.512145,1.548833,0.4257911927905238
52106,6.641133,3.705786,0.1248074,1.402166,1.345446,1.40406,2.6429010545113774
52155,6.710379,1.778382,0.3274814,1.442043,1.407024,1.447092,1.2332378438090958
52252,6.483697,3.300777,0.3575327,1.538724,1.528951,1.568157,2.14513908927137
52284,6.736821,0.8382992,0.1562773,1.393123,1.34337,1.400488,0.6017409805164369
52321,7.216084,0.8877654,0.08796165,1.374168,1.322157,1.371125,0.6460384756448994
52328,6.958253,0.7275165,0.1085398,1.396882,1.348546,1.404723,0.5208145713095308
52350,6.509017,1.150538,0.1175716,1.404223,1.36132,1.408029,0.8193413724173441
52357,7.329823,16.00182,0.2626416,1.36086,1.316093,1.364269,11.758608526960892
52425,6.300884,1.902343,0.2608178,1.785008,1.755231,1.83579,1.0657335989530579
52504,9.324676,1.093046,0.1737374,1.422029,1.384622,1.428646,0.7686523973843009
52505,6.176344,1.390675,0.1161168,1.386931,1.343645,1.390624,1.0026994854105937
52507,9.518096,0.4192513,0.0827135,1.389828,1.344899,1.394332,0.3016569676247708
52526,7.320299,2.527356,0.1557698,1.353449,1.307877,1.359022,1.8673448353059483
52569,6.006352,1.606255,0.08112473,1.498653,1.492088,1.523566,1.0717991422964488
52613,6.065116,1.276346,0.1263052,1.37484,1.332626,1.379138,0.9283596636699543
52793,10.52121,0.9367241,0.1668685,1.386866,1.345513,1.392011,0.6754250951425732
52844,7.008381,6.645365,0.433334,1.416629,1.384532,1.42353,4.690970606983198
52933,6.513891,4.37965,0.1257383,1.465007,1.450552,1.482875,2.989507899962253
52942,6.745219,4.275859,0.3770263,1.790029,1.773692,1.846969,2.3887093449324004
52987,6.757754,1.828064,0.2870557,1.480365,1.471283,1.50435,1.2348738317914838
53118,6.028899,2.958376,0.09588035,1.428477,1.411997,1.439221,2.071000093106154
53125,7.196021,0.9171536,0.1241952,1.382758,1.348932,1.389214,0.6632784623195093
53149,6.027017,1.58707,0.1127293,1.474687,1.465105,1.496156,1.0762080360103534
53248,6.58732,0.6745847,0.11418,1.474441,1.468205,1.497788,0.4575189512499992
53259,7.186285,0.9434153,0.18458,1.439877,1.426018,1.456382,0.6552054793569172
53276,7.902747,2.794524,0.4843668,1.452777,1.441484,1.471381,1.923573955259479
53317,6.603765,8.093589,0.1387088,1.370181,1.334226,1.374638,5.906948789977382
53327,6.570295,1.223135,0.1236772,1.425032,1.406217,1.434586,0.8583210762986375
53346,11.64583,2.774766,0.3902143,1.416045,1.38998,1.422854,1.9595182356492908
53351,8.748177,0.4761482,0.09088726,1.453907,1.444291,1.473878,0.32749563761643624
53360,10.6049,1.519639,0.2866342,1.412764,1.38515,1.418442,1.0756495777072463
53368,6.269566,3.378553,0.1107873,1.34739,1.307646,1.351348,2.507479645833797
53488,7.318454,0.4626322,0.0849796,1.391526,1.363042,1.399513,0.33246392809045605
53491,6.588864,0.667912,0.09771141,1.347575,1.310454,1.349896,0.49563994582861803
53537,7.206561,3.052983,0.5373341,1.482044,1.477188,1.508669,2.059981350081374
53602,8.031085,4.187795,0.8336834,1.549713,1.543762,1.582492,2.702303587825617
53611,9.990633,0.5298663,0.08290783,1.406324,1.382502,1.418433,0.3767739866488804
53778,8.832582,3.538546,0.6457585,1.466078,1.457006,1.486989,2.413613736786174
53779,7.21392,0.9498715,0.139289,1.431094,1.418601,1.446975,0.6637380214018086
53902,6.309615,0.7122989,0.1121327,1.444854,1.434039,1.465524,0.4929902260020735
53933,12.82191,0.6350113,0.08428667,1.385428,1.355743,1.390217,0.45835027154063573
54038,9.420935,3.604037,0.2039808,1.411904,1.394465,1.424786,2.5526076843751415
54122,7.961313,0.8272845,0.1410204,1.423758,1.413419,1.440797,0.5810569633322517
54132,13.48557,0.4699628,0.08232562,1.41169,1.391671,1.421767,0.3329079330447903
54232,6.160563,0.9754292,0.08539918,1.407849,1.395644,1.423858,0.6928507247581239
54380,9.288512,1.406148,0.09267769,1.408545,1.39745,1.420162,0.9982982439325687
54560,6.997814,2.585884,0.08192127,1.341541,1.311284,1.349287,1.9275474994800754
54561,7.312743,0.5763216,0.08257741,1.341617,1.311629,1.342547,0.4295723742319902
54565,6.567042,4.179982,0.2828472,1.572567,1.55833,1.611435,2.65806289970475
54703,9.210291,0.4177376,0.08302276,1.381841,1.365262,1.388855,0.3023051132510904
54807,6.04212,1.03342,0.1783223,1.318659,1.288781,1.322308,0.7836900972882299
54811,6.810246,1.118308,0.1432165,1.388627,1.375303,1.399872,0.8053336137062005
54867,6.116551,14.95261,0.2116236,1.398492,1.388332,1.418182,10.691952474522557
54877,7.088823,0.5070589,0.08031822,1.397081,1.386317,1.412306,0.3629416619365663
54888,8.627286,0.659741,0.09860329,1.375187,1.35246,1.384866,0.4797463908544802
54931,9.566216,0.6442584,0.08257852,1.359092,1.337606,1.36245,0.474035900439411
54953,6.647239,0.5923804,0.08283536,1.391238,1.377255,1.404109,0.4257937175379051
55125,6.360061,2.255627,0.1533176,1.266346,1.231678,1.268602,1.781209085036791
55160,6.202533,0.9450535,0.08454618,1.414984,1.411094,1.435217,0.6678898842672426
55166,7.859467,0.4554134,0.08275438,1.341626,1.316186,1.347851,0.3394488478905448
55276,6.169933,3.374839,0.08316955,1.389633,1.380633,1.407579,2.4285829424027785
55338,14.08269,0.5366984,0.08507998,1.419857,1.415353,1.442711,0.37799468538028835
55360,6.777243,5.220707,0.4544116,1.711611,1.683473,1.768941,3.0501714466663277
55464,6.749288,0.6168846,0.08367853,1.408765,1.403585,1.427303,0.4378903507682261
55465,6.965578,1.620421,0.1296299,1.409397,1.401371,1.432658,1.1497264432945435
55561,7.474902,3.959927,0.3721464,1.482583,1.472537,1.513884,2.6709647959001286
55619,11.67536,0.5813011,0.08321776,1.341212,1.317063,1.347225,0.43341477708222115
55741,7.579822,2.282416,0.3805759,1.474691,1.46984,1.50297,1.5477249132191082
55917,7.301801,2.846004,0.3246774,1.258577,1.227642,1.258611,2.2612871520773066
55958,12.91589,0.6390341,0.117276,1.279766,1.24734,1.277689,0.4993366756110102
55980,7.213228,0.6662524,0.1298012,1.263818,1.234362,1.26645,0.527174324151104
56112,8.305064,0.8825953,0.1550886,1.260349,1.229391,1.26542,0.7002784942900736
56138,6.160186,0.7103416,0.08473425,1.391825,1.383498,1.409439,0.5103670360857148
56223,6.720229,2.376244,0.1772545,1.955477,1.91091,2.063351,1.2151735868026061
56224,6.708089,4.128787,0.2729061,1.957347,1.912189,2.076421,2.1093791749751065
56285,6.736693,0.7868668,0.08391478,1.346538,1.334599,1.356021,0.5843628623922978
56334,10.72442,0.4839929,0.08159458,1.377821,1.368119,1.391627,0.3512741495448248
56385,7.152629,5.513324,0.5804025,1.601281,1.582376,1.646643,3.443070891367599
56452,6.72115,2.660004,0.1844149,1.581912,1.559747,1.621291,1.6815119930817894
56506,6.736911,1.232732,0.1240949,1.33109,1.318175,1.33912,0.92610717532248
56674,6.859082,3.333424,0.1879689,1.348074,1.338053,1.361417,2.4727307254646256
56736,7.213892,1.274077,0.2235951,1.496522,1.482632,1.529206,0.8513586836678645
56778,6.203965,2.882372,0.2299473,1.771877,1.733592,1.840367,1.6267336841101274
56802,6.716416,4.127621,0.1349877,1.364696,1.355527,1.381232,3.0245717727611137
56821,8.361696,0.4513853,0.08372204,1.345158,1.336824,1.358372,0.33556303423092304
56873,6.336294,0.5290972,0.08384256,1.322255,1.309134,1.330391,0.40014762659245007
56919,6.987144,13.87891,0.1329189,1.345715,1.336596,1.359551,10.31340960010106
56920,7.246782,6.788573,0.1268804,1.345134,1.337894,1.358,5.046763370786851
56924,7.31946,0.6421079,0.1282107,1.245597,1.218787,1.249692,0.5155021246839868
57099,6.587984,2.303106,0.1361735,1.326116,1.31502,1.333848,1.7367304217730575
57154,6.688964,4.160023,0.5528463,1.301953,1.288113,1.309883,3.195217492490128
57182,6.978879,40.13714,0.2100699,1.325625,1.31405,1.337888,30.277899104196134
57191,6.434769,1.228549,0.111908,1.351857,1.347226,1.368079,0.9087862103758014
57343,10.84271,3.760349,0.1225958,1.269314,1.246213,1.272528,2.9625049436152127
57433,6.046383,4.893543,0.3487634,1.491349,1.478619,1.52191,3.281286271690932
57437,6.270182,0.9951683,0.1934006,1.6948,1.668977,1.755842,0.587189225867359
57550,9.200105,0.4327253,0.08408376,1.317687,1.303918,1.328127,0.32839763919656184
57576,8.218938,1.164533,0.2279227,1.250135,1.226359,1.255027,0.9315257952141169
57612,7.423204,1.960709,0.32379,1.469477,1.463527,1.50292,1.3342903631700258
57613,7.530713,2.5234,0.3197863,1.469404,1.463163,1.501959,1.717294903239681
57674,12.88544,0.9279895,0.1457582,1.355716,1.348991,1.373243,0.6845013999982298
57692,7.20117,2.001587,0.2545164,1.254917,1.232919,1.257571,1.5949955256004977
57756,6.726945,2.068929,0.08837655,1.306318,1.296549,1.316846,1.5837866430685328
57793,7.322965,0.4914193,0.08276415,1.329307,1.322107,1.343608,0.36968081865212477
57794,7.315346,0.5365181,0.0819498,1.329362,1.324738,1.343547,0.40359066981002917
57920,7.013907,1.198448,0.08225118,1.328167,1.321488,1.341545,0.9023323121264117
57952,8.207074,2.210619,0.3336753,1.256906,1.234286,1.259889,1.758778301639104
57966,7.224741,2.070639,0.3546684,1.255258,1.233705,1.257653,1.6495724384947157
58042,7.314222,0.7716918,0.116603,1.231219,1.206639,1.231484,0.6267705420400432
58048,6.398798,1.87101,0.09717004,1.310871,1.302063,1.321611,1.427302915389844
58136,6.717369,3.654278,0.1029726,1.303548,1.292078,1.314092,2.8033321365994963
58180,6.615653,0.8939815,0.1567247,1.300904,1.290878,1.310197,0.6872002084704174
58199,7.504915,1.40903,0.2401839,1.300442,1.292064,1.311802,1.0835008404834663
58200,9.609267,2.688447,0.378765,1.264822,1.245045,1.270654,2.125553635215074
58244,6.042296,2.727636,0.4289841,1.227836,1.205404,1.229561,2.2214986366257383
58250,8.370918,0.7590973,0.1154862,1.329608,1.322504,1.344415,0.5709181202279168
58262,6.589942,1.893395,0.1274426,1.243752,1.222008,1.246109,1.52232519023085
58305,9.963726,1.213412,0.1469505,1.251626,1.22889,1.256551,0.9694685153552259
58365,7.037088,0.9440088,0.1173537,1.261507,1.239933,1.263883,0.7483183208654411
58422,8.447108,1.70805,0.2890222,1.231604,1.208973,1.235146,1.3868499939915753
58471,6.539728,1.055921,0.1827801,1.647651,1.630179,1.710925,0.6408644791888575
58474,7.102656,4.90677,0.6637721,1.252625,1.232765,1.255375,3.917189901207464
58500,10.45135,1.667456,0.09474156,1.3129,1.304836,1.324419,1.2700556021022165
58526,6.11661,3.231043,0.2799511,1.611407,1.591164,1.675947,2.0051067172973682
58584,6.386592,0.6319158,0.0870879,1.308066,1.300938,1.319297,0.483091678860241
58620,6.692518,1.496406,0.09316178,1.312815,1.308048,1.325922,1.1398452942722317
58641,6.98385,1.96927,0.2691322,1.22709,1.205797,1.226887,1.6048293116234345
58656,6.656182,0.6388649,0.117695,1.223511,1.198351,1.227377,0.5221570545749078
58724,6.652558,5.725676,0.4829082,1.40083,1.387295,1.424924,4.087345359536846
58738,9.742628,1.605294,0.2855578,1.238457,1.21872,1.242113,1.2962048742911543
58756,6.655332,0.6104341,0.1190834,1.225254,1.203751,1.228315,0.49821024865048386
58892,6.051094,3.402175,0.5658326,1.454848,1.447556,1.4868,2.3385089026482495
58914,6.056704,1.940404,0.2850455,1.413112,1.400587,1.438327,1.3731423977717265
58924,8.353371,7.55571,0.1465217,1.222155,1.200508,1.222588,6.182284571105956
59044,10.19456,0.8128302,0.1272294,1.24935,1.232061,1.254287,0.6506024732861088
59332,7.31451,1.997934,0.3789506,1.248806,1.232553,1.251287,1.599875400983019
59386,14.2711,2.518285,0.4833725,1.585114,1.565736,1.624552,1.5887090770758445
59579,6.970487,2.511466,0.2683456,1.297383,1.290261,1.308266,1.9357938249537723
59633,7.200055,0.809947,0.131685,1.219298,1.199879,1.221001,0.664273212947122
59680,6.262091,12.63924,0.2146398,1.306996,1.298861,1.32049,9.670450406887243
59709,6.956367,1.40393,0.1729177,1.291941,1.286178,1.304338,1.0866827509924988
59726,6.99091,1.880171,0.2200699,1.30802,1.302975,1.322673,1.4374176235837373
59786,12.28387,0.6255059,0.1248578,1.223737,1.204905,1.22582,0.511144061183081
59819,7.356723,0.692996,0.1189273,1.233153,1.217958,1.234986,0.5619708178952653
59869,9.38355,1.278425,0.2197291,1.212287,1.192902,1.214623,1.0545563880500244
59932,10.72573,10.31194,0.435854,1.335432,1.329338,1.353125,7.72180088540637
60025,7.330577,0.9642985,0.1678934,1.209114,1.190871,1.212198,0.7975248818556397
60141,10.66514,0.7702762,0.1204009,1.246194,1.234087,1.249359,0.6181029598922799
60157,10.94814,4.108024,0.5088206,1.248531,1.234081,1.254544,3.290285944041438
60182,7.497108,2.700329,0.4072655,1.430703,1.420985,1.463783,1.8874140894371507
60205,8.734923,1.431742,0.180435,1.220635,1.202759,1.22214,1.1729485063102403
60241,6.168793,1.059903,0.1788141,1.232204,1.216821,1.232926,0.8601684461339194
60272,7.20733,0.816375,0.1265298,1.218439,1.200831,1.220852,0.6700171284733991
60332,10.00629,1.104544,0.1879897,1.244408,1.230966,1.248816,0.8876059941755438
60401,6.79751,2.160465,0.2028017,1.515966,1.493406,1.554399,1.4251408013108473
60426,6.70077,0.9234288,0.1174772,1.234627,1.220459,1.237251,0.7479415240392443
60457,7.648718,1.24883,0.2098764,1.486309,1.470462,1.535064,0.8402223225453119
60458,7.794504,2.92474,0.2098248,1.485843,1.469971,1.524413,1.9684044680359902
60459,7.475718,3.188748,0.212916,1.487765,1.47929,1.534022,2.1433143003095245
60461,7.288851,1.082579,0.1198628,1.232157,1.218523,1.236785,0.8786047557251226
60513,8.749762,1.480918,0.2686858,1.227224,1.212791,1.231346,1.2067218372522048
60563,6.07065,1.95203,0.128461,1.237148,1.225411,1.241437,1.5778467895514523
60691,6.607278,1.979706,0.1768449,1.466541,1.454049,1.503841,1.3499152086440132
60692,6.734511,2.208087,0.1802295,1.46613,1.443136,1.494289,1.5060649464917846
60746,8.113049,1.202308,0.1165416,1.216489,1.201018,1.218197,0.9883426812737313
60859,6.14554,9.336759,0.1977813,1.373135,1.367222,1.394336,6.799592902373037
60874,6.796553,8.721975,0.5131562,1.415544,1.402025,1.442116,6.16157109916753
60945,9.754954,5.11624,0.6836589,1.214205,1.197274,1.216337,4.213654201720468
60980,6.788419,4.7942,0.4540267,1.570747,1.561255,1.608635,3.0521783584498334
60986,7.200857,1.245041,0.2305563,1.237165,1.225707,1.239515,1.0063661678110842
61045,7.614345,1.926717,0.3689064,1.211576,1.194501,1.211599,1.590256822518769
61105,10.72659,0.6147616,0.1177712,1.214294,1.197193,1.21655,0.5062708042698062
61262,6.944366,1.421297,0.22757,1.445555,1.430799,1.473849,0.9832189020825912
61297,6.711305,1.56162,0.2989884,1.228341,1.218053,1.23283,1.2713244937684243
61312,8.237574,0.7989995,0.1401099,1.233611,1.223808,1.23767,0.6476916142933226
61346,6.258966,1.128054,0.2071637,1.215761,1.200594,1.220165,0.9278583537389338
61449,7.186591,1.716592,0.2758543,1.23994,1.232939,1.246676,1.3844153749374968
61471,6.680852,4.130793,0.1794862,1.458267,1.445443,1.491508,2.832672617565919
61634,13.20299,5.136979,1.004873,1.443462,1.432989,1.473513,3.5587906020387097
61647,6.916452,7.200581,0.3593766,1.219242,1.209138,1.222381,5.905784905703708
61702,6.674691,1.360526,0.1927776,1.438622,1.420237,1.467961,0.945714718668281
61771,6.934362,1.787017,0.1955447,1.227735,1.218123,1.233462,1.455539672649228
61975,9.540289,0.6211161,0.1236151,1.236598,1.228003,1.243445,0.5022781049298154
62027,7.057023,2.244554,0.1312928,1.19568,1.179907,1.198706,1.8772196574334268
62033,6.785081,2.088597,0.3395785,1.412423,1.394712,1.439876,1.4787333539598266
62049,6.702259,1.944935,0.3511892,1.401716,1.39146,1.433986,1.387538559879462
62092,7.782998,2.673277,0.1712783,1.218028,1.207782,1.220317,2.19475824857885
62185,7.217632,0.8292845,0.1411936,1.190002,1.176838,1.191136,0.6968765598713279
62219,7.891282,3.834349,0.5938704,1.422305,1.410638,1.4541,2.695869732581971
62262,7.950676,2.111682,0.1768997,1.443831,1.428788,1.470981,1.4625548280927616
62269,7.293455,1.924678,0.1413621,1.215416,1.205066,1.217669,1.5835549309865922
62272,9.614335,1.164845,0.1876524,1.192193,1.177829,1.191553,0.9770607611351516
62353,6.990443,1.274702,0.2353725,1.222721,1.214122,1.229153,1.0425125601016094
62454,6.713901,0.8107967,0.1444949,1.207416,1.196496,1.212138,0.6715139603914475
62525,6.640007,2.603952,0.1151745,1.205806,1.196517,1.208127,2.1595115632199544
62569,7.645836,1.267754,0.2015102,1.218387,1.210785,1.221454,1.04051832463741
62597,6.177702,11.48257,0.3494636,1.403298,1.390149,1.429569,8.182559940939132
62606,6.696314,0.5127675,0.08137066,1.223459,1.215085,1.229462,0.41911294125916765
62642,6.899413,1.717577,0.3286562,1.208876,1.199341,1.21242,1.4208049460821457
62791,7.077505,5.407255,0.7479172,1.209482,1.201703,1.213494,4.470719696531242
62792,10.56345,0.6391452,0.1224014,1.204282,1.193392,1.208315,0.5307271884824318
62855,9.800377,0.9574009,0.181984,1.206309,1.19661,1.20974,0.7936614084782588
63092,6.997599,0.4882127,0.09447057,1.231164,1.225814,1.239186,0.3965456267402231
63269,6.341813,2.943835,0.2984011,1.179917,1.165493,1.182156,2.4949509160390093
63315,13.43042,1.537502,0.08932401,1.217564,1.208302,1.222702,1.2627689386348477
63369,6.156562,0.9891873,0.09804725,1.215415,1.20824,1.220466,0.8138679381116738
63396,6.551055,2.905324,0.1721875,1.184988,1.172833,1.185899,2.4517750390721256
63643,6.642097,1.390189,0.1886772,1.191671,1.181794,1.194389,1.1665879256942562
63753,6.760744,2.518851,0.3312681,1.373594,1.36226,1.398077,1.833766746214675
63768,6.663237,1.237806,0.1161641,1.178327,1.166051,1.17918,1.050477499030405
63995,7.260692,1.659858,0.3160772,1.193507,1.183871,1.196773,1.3907400626892008
64016,11.69745,1.012176,0.1164447,1.187162,1.175778,1.188712,0.8526014141288214
64103,6.800252,1.228889,0.2307597,1.223318,1.217687,1.229961,1.0045540080338882
64117,8.066672,1.27243,0.212747,1.206948,1.200212,1.213683,1.05425420150661
64126,7.315736,1.047378,0.1622379,1.1747,1.16333,1.177263,0.891613177832638
64186,6.2516,1.683286,0.2374875,1.227596,1.221642,1.235977,1.3712051847676272
64219,8.325826,0.9956993,0.1815421,1.183695,1.173014,1.185086,0.8411789354521224
64229,7.209805,0.9849082,0.1623464,1.204874,1.196842,1.209807,0.8174366780260841
64276,6.432923,1.60467,0.2236732,1.227568,1.221826,1.236474,1.3071943876021532
64305,8.215215,0.7094542,0.13903,1.184644,1.173259,1.18673,0.5988754427490453
64306,9.637467,0.8482333,0.1466082,1.180906,1.16956,1.184668,0.7182902788198213
64307,6.914547,3.163928,0.1564425,1.172412,1.160446,1.174847,2.6986485979331496
64332,7.041804,2.025389,0.1819608,1.236768,1.233458,1.246537,1.6376466726176615
64371,10.63072,0.6620758,0.1220279,1.199263,1.191545,1.203759,0.552068895646743
64452,6.321447,8.54444,0.1375939,1.2132,1.208011,1.218593,7.042894823606989
64459,6.286968,1.887179,0.1156763,1.197145,1.19028,1.20221,1.5763996842487753
64556,7.321101,1.035508,0.1888486,1.195631,1.188413,1.200696,0.8660765737924159
64611,7.355081,0.7200861,0.1215487,1.216641,1.210163,1.225203,0.591864074940759
64623,6.711862,1.633118,0.2527421,1.340704,1.327359,1.360065,1.2181048165739792
64640,11.20276,1.15519,0.1877381,1.188338,1.177929,1.19097,0.9721055793890291
64752,7.947801,0.5812939,0.08475122,1.220593,1.216034,1.227585,0.47623892648900984
64774,9.619171,1.151698,0.1892912,1.18594,1.175449,1.188802,0.9711267011821847
64795,6.143387,1.983133,0.3135122,1.1996,1.193161,1.205057,1.6531618872957652
64833,8.687722,0.4242781,0.08180273,1.221331,1.216312,1.229952,0.3473899376991168
64834,8.60603,0.4361271,0.08169574,1.220999,1.21594,1.229155,0.3571887446263265
64840,7.346383,1.091507,0.1975323,1.168758,1.156533,1.170478,0.9339033401268697
64980,8.767479,0.7578155,0.1286868,1.215371,1.208977,1.222361,0.6235260673489823
65019,6.16811,1.501996,0.260265,1.336183,1.326734,1.358453,1.1240945289679634
65088,6.535978,1.926143,0.1967305,1.17489,1.164924,1.176686,1.6394241163002494
65117,6.649825,0.7770654,0.08235121,1.220706,1.217003,1.229811,0.6365704764292139
65157,6.214204,1.449391,0.1779127,1.228379,1.221641,1.238869,1.179921669126548
65235,10.18538,0.6366583,0.1159039,1.193998,1.18732,1.198742,0.5332155497747904
65261,6.529882,8.741739,0.1753447,1.174787,1.166355,1.177954,7.441126774470606
65262,7.078531,1.965206,0.3063704,1.174701,1.164424,1.1761,1.672941454889372
65362,7.057547,1.07698,0.1159447,1.165904,1.155046,1.166742,0.923729569501434
65365,8.410184,3.322041,0.09778618,1.208386,1.203614,1.215315,2.749155485085064
65414,6.915598,0.9967554,0.1297705,1.218963,1.213269,1.227068,0.8177076744741226
65469,7.844378,0.6805494,0.1209107,1.175195,1.166631,1.17766,0.5790948736167189
65472,7.346325,0.7181529,0.1369957,1.176816,1.166961,1.181857,0.6102507953664803
65573,8.258459,0.6988555,0.1145638,1.236245,1.231343,1.246783,0.5653050164004707
65574,8.548717,0.6284195,0.1153934,1.236657,1.232141,1.246601,0.5081599020585337
65652,7.223071,9.136777,0.1956102,1.171292,1.161193,1.171918,7.800597118395754
65684,6.228776,28.68565,0.2015582,1.216336,1.212219,1.225964,23.583656160797673
65743,7.370964,0.7214431,0.1149059,1.192857,1.186517,1.199048,0.6048026712338528
65771,7.284082,2.050071,0.1165066,1.191408,1.185379,1.196158,1.720712803674308
65772,7.576533,1.215501,0.1170228,1.191626,1.184881,1.195071,1.0200356487689928
65797,8.329762,2.402556,0.2698092,1.215886,1.210426,1.22363,1.9759714315322325
65886,6.198017,3.878935,0.3990944,1.318668,1.307165,1.336255,2.9415554180430554
65920,6.555464,0.4138887,0.08200211,1.203646,1.197801,1.210125,0.3438624811614046
66075,11.1596,0.9770436,0.185946,1.204275,1.199078,1.209678,0.8113126985115526
66103,7.298727,2.242578,0.3854068,1.185687,1.178098,1.191195,1.8913743677715957
66160,8.167942,1.80221,0.09385279,1.204814,1.19988,1.211383,1.495840851782931
66169,7.02313,0.8525176,0.1359652,1.174347,1.167455,1.176494,0.7259503366551794
66217,6.219212,3.245598,0.6382866,1.31431,1.30344,1.335627,2.4694311083382154
66241,8.057527,1.249051,0.1774457,1.171717,1.164975,1.174814,1.0660005786380158
66284,6.96429,0.6126224,0.08133293,1.213458,1.208724,1.22028,0.5048566987897398
66401,8.966703,0.5877975,0.08245151,1.204125,1.199297,1.212671,0.4881532232949237
66458,9.475203,7.029122,0.1784837,1.166848,1.157183,1.168944,6.024025408622202
66480,9.806385,1.230501,0.2357192,1.202956,1.198527,1.20985,1.0228977618466513
66543,12.39601,5.986609,0.1285266,1.219895,1.214841,1.229728,4.907478922366269
66584,7.042783,1.548619,0.1330236,1.162769,1.15273,1.165791,1.3318371920820042
66623,6.580933,1.799737,0.1945137,1.199968,1.196005,1.207728,1.4998208285554282
66706,6.891822,1.740773,0.1631586,1.174608,1.167489,1.177978,1.4820033577159357
66722,7.120317,0.5515397,0.08222516,1.19615,1.191277,1.203634,0.46109576558123977
66725,12.00351,1.719499,0.2925971,1.165983,1.155928,1.169496,1.4747204719108256
66732,7.185227,0.4155437,0.08189455,1.196237,1.191399,1.202691,0.3473757290570347
66784,7.011544,2.391,0.1295748,1.183539,1.176952,1.188291,2.0202122616998683
66836,7.577915,1.310348,0.1144375,1.186078,1.179574,1.192771,1.1047738850227389
66921,6.247862,2.632396,0.1754729,1.181723,1.175033,1.186166,2.2275914067848386
66923,7.336776,0.6425234,0.1159731,1.165401,1.156717,1.16836,0.5513324598142614
66945,7.422123,3.960827,0.1994873,1.186219,1.180811,1.191323,3.3390352034489417
66968,7.053576,1.320976,0.2321311,1.191042,1.185507,1.197304,1.1090927104165933
66971,8.273611,3.250484,0.4786485,1.166184,1.157911,1.168264,2.7872822813552576
67017,11.90892,1.077903,0.115754,1.183055,1.175628,1.187565,0.9111182489402437
67031,8.542472,0.8099237,0.1144768,1.176641,1.170961,1.181289,0.6883354396115723
67076,8.263569,9.311027,0.1247968,1.192477,1.188114,1.198338,7.808139695776102
67085,7.189069,0.6331722,0.1147323,1.192105,1.186504,1.198823,0.531137945063564
67098,6.953135,5.209876,0.7119923,1.163462,1.156254,1.165363,4.477908174052956
67108,6.589571,1.458285,0.1291452,1.190961,1.18536,1.197271,1.2244607506039242
67199,6.283432,4.027256,0.1340212,1.201234,1.196897,1.209065,3.3525990772821954
67227,12.32494,1.055824,0.209528,1.171332,1.165038,1.173993,0.9013874802361757
67236,11.18094,2.74949,0.391954,1.309133,1.303551,1.328387,2.100237332646874
67244,6.695463,3.112267,0.1802529,1.235767,1.229343,1.248067,2.518490136085524
67254,6.49915,6.057118,0.4470661,1.300925,1.287905,1.318856,4.656008609258796
67342,7.296868,0.5540948,0.1087405,1.207738,1.2023,1.217596,0.4587872535268411
67352,6.166823,2.997526,0.5026218,1.298638,1.28896,1.318821,2.3082075220346243
67398,6.108714,2.574238,0.4921117,1.29745,1.284983,1.313009,1.984074916181741
67433,6.983089,4.950908,0.1727954,1.183197,1.178596,1.188403,4.184347999530087
67452,7.204482,0.9348482,0.1190016,1.163523,1.155413,1.167133,0.8034634467904802
67495,7.204372,1.056841,0.1973234,1.177054,1.170107,1.182082,0.8978695964671118
67529,7.324576,0.6727181,0.1328784,1.211219,1.208149,1.22148,0.5554058349480977
67576,6.411989,2.91234,0.1300382,1.198746,1.193114,1.206395,2.429488815812524
67583,6.698029,0.5950625,0.116136,1.177923,1.171754,1.183357,0.505179455702962
67625,8.282924,0.6836827,0.1265066,1.190111,1.184665,1.195871,0.574469692322817
67626,13.91305,5.035461,0.7449711,1.183335,1.177936,1.187941,4.255313161530758
67631,6.196194,4.663711,0.3630215,1.297995,1.288924,1.31362,3.5930115293202207
67670,10.41836,0.9542149,0.1831443,1.217801,1.213219,1.229339,0.7835556876698245
67681,8.358417,1.286349,0.2433645,1.174858,1.167379,1.178614,1.0948974259016835
67710,6.660027,1.410484,0.1417325,1.172258,1.167496,1.17666,1.2032197690269548
67805,6.011497,4.197112,0.1203165,1.205319,1.200209,1.214371,3.4821586650504965
67808,8.747012,1.838047,0.1584775,1.167609,1.161299,1.17111,1.5741973554503264
67832,7.199918,0.6702227,0.1209436,1.168126,1.161229,1.171181,0.5737589095696868
67840,10.64111,4.104659,0.1766194,1.16518,1.157571,1.168156,3.522768155993065
67891,10.91798,2.10961,0.2571756,1.173901,1.167449,1.177025,1.7970936220345666
67901,6.412159,5.618719,0.1213238,1.17094,1.164587,1.175241,4.798468751601277
67945,7.314013,0.7075121,0.1185574,1.170035,1.162979,1.173467,0.604693107471144
68001,7.941125,0.4185496,0.08072563,1.188559,1.183595,1.19672,0.3521487784788135
68024,6.178603,4.540574,0.4775026,1.292954,1.28597,1.309891,3.5117830951449167
68111,8.234395,1.974757,0.2897767,1.297862,1.288945,1.31485,1.5215462044500878
68206,11.24035,0.8746579,0.1562546,1.172636,1.165729,1.176976,0.7458903700722134
68213,6.910528,3.075953,0.1802979,1.185058,1.179464,1.191708,2.5956138855650948
68233,9.98103,0.778464,0.1354485,1.165122,1.158949,1.169696,0.6681394738061766
68272,14.83038,0.5394523,0.08871982,1.183903,1.179735,1.189092,0.45565582653308595
68280,7.015079,0.7464354,0.1284055,1.211826,1.206428,1.221813,0.6159592218684861
68283,10.35435,2.636867,0.1185342,1.163166,1.15535,1.167605,2.266973931493871
68341,7.689547,5.540458,0.1649353,1.172746,1.168178,1.178428,4.724346107341232
68371,6.518984,1.098048,0.0856745,1.178777,1.17332,1.184263,0.9315146121785545
68373,12.10422,0.6240961,0.08752552,1.183477,1.179504,1.189784,0.5273411312598387
68478,8.271704,0.5491377,0.08418798,1.179447,1.174543,1.18516,0.4655891277861574
68486,8.125199,6.406925,0.2612968,1.175889,1.170926,1.180718,5.448579755402084
68603,9.06269,1.699283,0.2508259,1.180936,1.176096,1.187665,1.43892895127255
68615,6.718525,0.4943089,0.09779261,1.183749,1.179002,1.189299,0.4175791489580984
68626,7.369226,0.6820983,0.1174002,1.162888,1.155913,1.166681,0.5865554550395223
68668,7.722538,2.518874,0.329406,1.176734,1.172487,1.18261,2.1405636278037345
68704,6.989303,1.313456,0.1525995,1.189104,1.185519,1.196309,1.1045762187327601
68727,6.928235,1.651676,0.08509385,1.176173,1.172713,1.181497,1.4042798125785918
68759,9.594584,0.6723433,0.130334,1.173059,1.167677,1.176972,0.5731538652361049
68837,7.46488,1.51195,0.1251615,1.169212,1.164491,1.174668,1.2931358898129681
68841,6.039854,0.6443831,0.1218886,1.165361,1.159221,1.170484,0.5529471983359662
68895,10.47363,0.8949086,0.1719552,1.174401,1.169197,1.178675,0.762012804825609
68920,6.714239,0.9319729,0.1647439,1.158159,1.151172,1.162091,0.8047020314136488
68922,7.942672,4.416971,0.8326487,1.280683,1.277314,1.29709,3.448918272515525
68925,9.342409,0.7930364,0.153753,1.166239,1.160268,1.16984,0.6799947523620801
68963,7.434615,0.7543181,0.1321047,1.166186,1.160297,1.17026,0.6468248632722396
69076,7.002549,0.8436896,0.1228902,1.162887,1.15807,1.166718,0.7255129690159061
69093,7.334361,0.4710764,0.08288257,1.178586,1.173242,1.183642,0.39969624617974425
69099,8.649756,0.9870685,0.1502697,1.175216,1.170475,1.181073,0.8399038985173789
69156,8.218405,5.610237,0.9633904,1.277454,1.270919,1.294657,4.391733087845041
69186,8.382584,3.078101,0.1815061,1.170181,1.165155,1.175444,2.630448622905346
69215,6.320638,0.7193172,0.1395781,1.169816,1.163949,1.174264,0.6148977275058641
69228,7.250498,1.126497,0.1424108,1.175234,1.171218,1.180816,0.9585299608418411
69241,6.205824,2.604222,0.15711,1.188681,1.182115,1.195461,2.1908501944592365
69246,6.407736,2.313278,0.1135127,1.201916,1.198056,1.212075,1.924658628390004
69285,6.336344,1.188409,0.1157765,1.201693,1.198017,1.210892,0.9889455959217538
69375,6.502434,0.5607886,0.08202812,1.176749,1.172993,1.182093,0.476557532659896
69376,6.956174,0.818457,0.08214556,1.177272,1.171574,1.182643,0.6952148696308075
69391,8.380701,2.243709,0.2713172,1.201136,1.199307,1.211946,1.8679891369503536
69456,7.333745,0.7184318,0.1139452,1.170073,1.165804,1.17553,0.6140059637304681
69457,14.53113,1.620427,0.2643988,1.171904,1.166994,1.177679,1.3827301553710885
69486,8.595776,1.612936,0.2015412,1.176382,1.170501,1.181481,1.3710988437429337
69538,8.265134,0.9103855,0.135679,1.176317,1.172745,1.183225,0.7739287113932724
69589,7.287405,2.077229,0.3181159,1.165929,1.161447,1.171072,1.7816084855938912
69597,9.381001,0.9348905,0.1400591,1.158925,1.15412,1.163101,0.806687663136096
69607,7.336725,0.6258184,0.1224872,1.203229,1.197096,1.212635,0.5201157884326258
69676,6.714691,1.415893,0.2692458,1.18384,1.179066,1.190608,1.1960171982700365
69713,6.836916,3.828483,0.1201101,1.200612,1.196979,1.209648,3.1887762241256956
69823,6.703905,1.050481,0.1928559,1.162063,1.15705,1.166464,0.9039793883808365
69846,6.071653,0.7607377,0.1425789,1.19522,1.191416,1.204788,0.6364834089121668
69855,7.40388,0.6615436,0.1244393,1.177987,1.174766,1.185216,0.5615882008884648
69856,11.21423,1.733751,0.2467701,1.173473,1.168557,1.179909,1.4774528259278228
69954,6.443092,2.973705,0.5164879,1.156114,1.152134,1.160149,2.572155514075601
69969,7.34321,2.309851,0.1174182,1.164028,1.159622,1.169378,1.984360341847447
70051,7.337213,1.208981,0.1529589,1.164831,1.160251,1.169945,1.0379024940098607
70068,6.125692,1.497309,0.1644987,1.158355,1.153758,1.162664,1.292616684867765
70089,6.238663,1.751747,0.1744629,1.155143,1.14948,1.159594,1.516476315053634
70125,7.363791,0.5802718,0.0895099,1.179666,1.17447,1.185876,0.49189499400677816
70146,12.83143,1.74168,0.298038,1.160235,1.155332,1.164707,1.5011441647597255
70174,8.855038,1.336737,0.2174419,1.173839,1.170259,1.18095,1.1387737159866047
70189,9.542647,0.6535152,0.08276575,1.174961,1.170768,1.181926,0.5562016100959947
70235,11.31735,0.7597337,0.1226291,1.166403,1.162429,1.171157,0.6513475188249687
70437,10.99047,1.776113,0.1243044,1.177002,1.173416,1.183451,1.5090144281827897
70448,7.057166,1.225821,0.1941825,1.18415,1.180335,1.192243,1.0351906430773128
70455,8.615154,0.6347968,0.09338451,1.16789,1.164872,1.174655,0.5435416006644461
70541,6.777582,1.559089,0.1456106,1.201653,1.198215,1.212416,1.2974535910117146
70573,6.142745,0.580071,0.08090111,1.170232,1.166712,1.177333,0.4956888890408056
70579,6.027724,1.29011,0.1569616,1.154745,1.149858,1.159759,1.117225015046612
70592,6.220242,2.311724,0.1215829,1.202219,1.199632,1.214092,1.9228809393296895
70619,7.857866,0.9314438,0.1788141,1.165095,1.161327,1.170141,0.7994573833035075
70626,6.455278,0.9535071,0.1288521,1.155509,1.150611,1.159549,0.8251836203785519
70671,9.753398,0.999317,0.1566196,1.159799,1.156445,1.164038,0.8616294720033385
70674,6.423507,1.070335,0.1668278,1.172206,1.167998,1.178492,0.9130946267123696
70679,7.319074,1.415025,0.1335434,1.162131,1.157809,1.167606,1.217612300162374
70718,9.014582,0.7914027,0.1456128,1.160063,1.155768,1.165434,0.6822066560178197
70814,8.162501,5.693227,0.1675825,1.156477,1.151594,1.161081,4.922905513901271
70836,6.882122,1.482257,0.2112439,1.164899,1.161285,1.171587,1.2724339191638074
70856,8.890938,1.837608,0.2808948,1.182876,1.177955,1.191171,1.5535085672547249
70879,8.494482,1.143629,0.1212439,1.177653,1.173708,1.185007,0.9711086372641177
70926,9.304008,1.704854,0.321979,1.158819,1.155579,1.164486,1.471199557480504
70935,6.70073,0.8439713,0.08241464,1.164369,1.159955,1.17096,0.7248314752453904
70970,9.531518,0.8879085,0.1156153,1.156342,1.151477,1.160118,0.7678597681308817
71025,14.44124,2.592743,0.4807614,1.188739,1.183903,1.197155,2.1810868491737883
71034,6.000305,0.478702,0.08860209,1.164842,1.161018,1.172652,0.41095873946852884
71077,6.578483,3.450391,0.1456695,1.195664,1.192116,1.206167,2.885753020915575
71111,6.965146,0.9384876,0.1515947,1.192692,1.187287,1.20497,0.7868650078980993
71114,10.52419,0.6040293,0.1146189,1.200222,1.19421,1.209761,0.5032646460404826
71139,7.013429,7.841984,0.2988439,1.188979,1.184349,1.198668,6.595561401841412
71159,6.119815,1.7778,0.2002556,1.155705,1.151647,1.160209,1.538281827975132
71166,6.222827,0.8015339,0.1265867,1.168686,1.163769,1.175186,0.6858419626828764
71211,7.418785,1.050728,0.1257489,1.153462,1.149691,1.158733,0.9109342136975471
71295,9.757601,1.59101,0.2514088,1.156465,1.151957,1.162,1.375752832986731
71299,10.63832,0.888449,0.173202,1.157065,1.152734,1.163095,0.7678470958848466
71340,8.405498,3.787227,0.6435125,1.155382,1.151657,1.160241,3.2779002961790997
71386,6.053619,1.452046,0.1767168,1.178048,1.174489,1.185528,1.2325864480904003
71459,14.08104,1.776595,0.336318,1.183097,1.180422,1.191632,1.5016477938833417
71481,7.334629,1.489586,0.2118489,1.187076,1.182443,1.19507,1.2548362531126904
71501,6.476268,0.444177,0.08651268,1.156172,1.153023,1.162146,0.3841789975885941
71545,6.710303,1.35182,0.1120776,1.159608,1.15723,1.16625,1.165756014101317
71551,6.652495,0.5961566,0.1096276,1.157094,1.154056,1.162807,0.5152188154117124
71562,8.584737,3.692584,0.1346719,1.157586,1.15377,1.164713,3.1899003616146016
71673,6.355011,2.437455,0.1159996,1.15204,1.149017,1.157134,2.115772889830214
71674,6.127561,2.533649,0.1157274,1.151631,1.147166,1.157236,2.200052794688576
71675,6.058555,2.167767,0.1149041,1.151542,1.147141,1.156618,1.882490608245292
71686,6.610951,0.5297706,0.09943329,1.156873,1.151905,1.161892,0.4579332389985763
71733,9.830345,0.579664,0.08928377,1.164138,1.160921,1.170278,0.49793409372428354
71801,6.873653,4.313801,0.8108242,1.173461,1.169642,1.181565,3.676134954634197
71811,6.677515,0.5841817,0.1160086,1.183001,1.179955,1.191349,0.49381336110451307
71812,7.333437,0.6575763,0.1195279,1.183791,1.180592,1.194214,0.5554834426009321
71825,8.750138,3.698969,0.1870384,1.184932,1.181925,1.195599,3.1216719609226518
71826,9.940655,0.5422569,0.08432764,1.158713,1.154942,1.164996,0.4679820628576705
71833,11.86911,5.890553,1.060747,1.190935,1.185956,1.199388,4.946158270602509
71861,6.081204,0.7315191,0.1228464,1.174482,1.169671,1.182962,0.6228440282609695
71904,6.716874,0.7368593,0.1171829,1.171836,1.168568,1.179465,0.6288075293812444
71906,6.683832,0.8508569,0.1137411,1.179945,1.175765,1.190034,0.7210987800278826
71913,11.8051,2.990807,0.1843038,1.179701,1.175516,1.188947,2.5352246035224177
71984,7.064166,1.565387,0.2415854,1.160265,1.156337,1.165924,1.3491633376857872
72002,6.066597,0.5881886,0.08487084,1.153766,1.149978,1.16009,0.5097988673613193
72026,8.26156,0.9320414,0.1181314,1.153295,1.150532,1.158852,0.8081552421540023
72037,6.781839,0.6421366,0.1175915,1.15042,1.146101,1.154985,0.5581757966655656
72074,9.118572,0.7881606,0.1329817,1.167636,1.165252,1.174968,0.6750053955170962
72098,6.228578,7.001074,0.1357388,1.154352,1.1501,1.159624,6.064938597585485
72100,11.71074,0.814324,0.1089098,1.155264,1.152499,1.161906,0.7048813085147637
72142,7.200572,2.206852,0.3965809,1.175405,1.172362,1.183782,1.877524768058669
72166,6.579295,1.520413,0.242483,1.153056,1.149989,1.158985,1.3185942400022201
72216,7.496133,0.719087,0.1335286,1.16683,1.163526,1.174042,0.6162740073532562
72330,7.186762,2.372814,0.3332602,1.166041,1.161511,1.172464,2.034931876323388
72332,9.087271,1.360713,0.1334238,1.16648,1.164695,1.173619,1.166512070502709
72343,7.181241,0.922469,0.1728364,1.166035,1.162362,1.174068,0.7911160471169391
72345,6.21413,8.643141,0.1936058,1.182456,1.177955,1.193484,7.309482128721915
72356,7.188222,1.673432,0.2676999,1.165874,1.163116,1.171989,1.4353455004571676
72361,7.187929,0.9986736,0.1786619,1.165954,1.162825,1.174223,0.8565291598124798
72362,6.843147,1.711372,0.1383032,1.164504,1.162754,1.171633,1.4696145311651998
72430,7.645608,0.8504366,0.1680762,1.174336,1.16975,1.183085,0.7241850713935364
72444,7.85271,0.7767917,0.1012831,1.151177,1.148085,1.157077,0.6747804203871343
72485,6.981423,1.361072,0.1547663,1.17873,1.174865,1.189772,1.1546936109202277
72496,6.912604,0.6002545,0.1129192,1.150211,1.145243,1.155257,0.5218646839579868
72698,6.177585,10.23619,0.2335213,1.174168,1.170956,1.184511,8.717824025182086
72700,6.373976,0.641755,0.1234007,1.169715,1.1659,1.179642,0.5486421906190824
72714,6.63668,2.37365,0.1190517,1.17725,1.172972,1.186009,2.016266723295817
72771,6.260705,1.443676,0.1640891,1.150489,1.148185,1.156504,1.254836856328048
72793,6.711206,1.603754,0.1568371,1.149913,1.146779,1.155946,1.3946742057877421
72826,7.199897,1.99593,0.3567949,1.164814,1.161385,1.172841,1.7135182097742643
72835,6.132991,3.316152,0.1221309,1.146916,1.144751,1.152714,2.891364319618874
72923,7.320664,1.013307,0.139683,1.155467,1.152219,1.162651,0.8769674945281863
72943,6.716284,0.7739206,0.1304125,1.171462,1.168428,1.180389,0.6606450742747096
72947,8.192952,2.947075,0.1214056,1.173791,1.169258,1.182559,2.5107323194674347
72971,6.959255,1.019731,0.1173585,1.15207,1.149802,1.157554,0.8851293758191776
72972,7.542582,0.9250437,0.1153093,1.152604,1.149667,1.158084,0.8025685317767421
73141,14.88351,6.886208,0.9913888,1.16891,1.163986,1.176404,5.891136186703853
73197,6.692398,3.41904,0.6559099,1.163145,1.159984,1.171239,2.9394787408276692
73201,12.76361,0.5963776,0.118459,1.168014,1.16468,1.177171,0.5105911401746897
73220,8.307212,1.919424,0.2377975,1.15914,1.15386,1.165965,1.6559035146746726
73243,12.84532,2.282842,0.4068193,1.167343,1.162553,1.174899,1.9555880319666115
73265,9.56353,1.338229,0.1394368,1.159142,1.155572,1.166606,1.1544996212715957
73323,12.06861,4.713681,0.5242935,1.162316,1.158455,1.170208,4.0554212451691285
73329,6.280235,3.287584,0.29959,1.158226,1.153618,1.16581,2.838465031867701
73337,6.670474,0.774469,0.1254904,1.154069,1.150428,1.161646,0.6710768593558963
73408,6.761542,46.23381,0.5309839,1.167674,1.1645,1.176028,39.59479272468171
73449,8.830675,4.503479,0.1703026,1.158946,1.155151,1.166544,3.8858402375951937
73547,7.307336,2.538815,0.4306414,1.169007,1.164182,1.178107,2.1717705710915336
73676,8.093818,1.467989,0.2185664,1.160183,1.157308,1.167235,1.2653081453529313
