wavelength_approx_A,flux_approx,pixel_x,pixel_y
3800.483675937122,21.5979381443299,122,150.5
3806.5296251511486,19.742268041237114,123,168.5
3812.5755743651753,19.381443298969074,124,172.0
3818.621523579202,18.195876288659797,125,183.5
3824.6674727932286,17.010309278350515,126,195.0
3830.7134220072553,14.07216494845361,127,223.5
3836.7593712212815,21.855670103092784,128,148.0
3842.805320435308,23.092783505154642,129,136.0
3848.851269649335,20.670103092783506,130,159.5
3854.8972188633616,21.75257731958763,131,149.0
3860.9431680773882,22.422680412371136,132,142.5
3866.989117291415,20.051546391752577,133,165.5
3873.035066505441,18.556701030927837,134,180.0
3879.081015719468,13.814432989690722,135,226.0
3885.1269649334945,12.835051546391753,136,235.5
3891.172914147521,14.948453608247425,137,215.0
3897.218863361548,18.402061855670105,138,181.5
3903.2648125755745,19.742268041237114,139,168.5
3909.3107617896007,23.917525773195877,140,128.0
3915.3567110036274,25.979381443298973,141,108.0
3921.402660217654,23.8659793814433,142,128.5
3927.448609431681,22.835051546391753,143,138.5
3933.4945586457075,22.216494845360828,144,144.5
3939.540507859734,20.206185567010312,145,164.0
3945.5864570737604,18.917525773195877,146,176.5
3951.632406287787,17.835051546391753,147,187.0
3957.6783555018137,16.855670103092784,148,196.5
3963.7243047158404,13.350515463917526,149,230.5
3969.770253929867,11.546391752577321,150,248.0
3975.8162031438937,15.000000000000002,151,214.5
3981.86215235792,19.329896907216497,152,172.5
3987.9081015719466,22.010309278350515,153,146.5
3993.9540507859733,22.628865979381445,154,140.5
4000.0,24.63917525773196,155,121.0
4006.0459492140267,24.07216494845361,156,126.5
4012.0918984280534,24.690721649484537,157,120.5
4018.13784764208,25.360824742268044,158,114.0
4024.1837968561063,26.288659793814436,159,105.0
4030.229746070133,27.216494845360828,160,96.0
4036.2756952841596,27.01030927835052,161,98.0
4042.3216444981863,25.154639175257735,162,116.0
4048.367593712213,25.515463917525775,163,112.5
4054.4135429262396,26.54639175257732,164,102.5
4060.459492140266,22.474226804123713,165,142.0
4066.5054413542925,22.16494845360825,166,145.0
4072.551390568319,18.969072164948454,167,176.0
4078.597339782346,16.5979381443299,168,199.0
4084.6432889963726,16.082474226804123,169,204.0
4090.6892382103993,14.175257731958764,170,222.5
4096.735187424426,11.34020618556701,171,250.0
4102.781136638452,11.030927835051548,172,253.0
4108.827085852479,15.979381443298971,173,205.0
4114.8730350665055,17.061855670103093,174,194.5
4120.918984280532,19.12371134020619,175,174.5
4126.964933494559,19.742268041237114,176,168.5
4133.010882708585,22.216494845360828,177,144.5
4139.056831922612,21.95876288659794,178,147.0
4145.102781136638,23.247422680412374,179,134.5
4151.148730350665,22.938144329896907,180,137.5
4157.194679564692,26.18556701030928,181,106.0
4163.240628778718,26.443298969072167,182,103.5
4169.286577992745,26.75257731958763,183,100.5
4175.332527206771,26.649484536082475,184,101.5
4181.3784764207985,26.54639175257732,185,102.5
4187.424425634825,26.443298969072167,186,103.5
4193.470374848851,24.690721649484537,187,120.5
4199.516324062878,25.206185567010312,188,115.5
4205.562273276904,26.340206185567013,189,104.5
4211.608222490931,27.835051546391753,190,90.0
4217.654171704958,26.855670103092784,191,99.5
4223.700120918984,25.824742268041238,192,109.5
4229.746070133011,26.649484536082475,193,101.5
4235.792019347037,25.567010309278352,194,112.0
4241.837968561064,26.18556701030928,195,106.0
4247.883917775091,24.63917525773196,196,121.0
4253.929866989118,25.61855670103093,197,111.5
4259.975816203144,25.000000000000004,198,117.5
4266.02176541717,24.43298969072165,199,123.0
4272.067714631197,24.381443298969074,200,123.5
4278.1136638452235,24.12371134020619,201,126.0
4284.159613059251,23.195876288659797,202,135.0
4290.205562273277,22.835051546391753,203,138.5
4296.251511487303,20.927835051546392,204,157.0
4302.29746070133,19.175257731958766,205,174.0
4308.3434099153565,18.350515463917528,206,182.0
4314.389359129384,18.453608247422682,207,181.0
4320.43530834341,14.484536082474229,208,219.5
4326.481257557437,12.989690721649486,209,234.0
4332.527206771463,10.97938144329897,210,253.5
4338.573155985489,10.927835051546392,211,254.0
4344.6191051995165,14.587628865979383,212,218.5
4350.665054413543,15.463917525773198,213,210.0
4356.71100362757,15.77319587628866,214,207.0
4362.756952841596,17.989690721649485,215,185.5
4368.802902055622,17.52577319587629,216,190.0
4374.8488512696495,19.690721649484537,217,169.0
4380.894800483676,20.0,218,166.0
4386.940749697703,19.63917525773196,219,169.5
4392.986698911729,21.18556701030928,220,154.5
4399.032648125756,21.54639175257732,221,151.0
4405.078597339782,22.113402061855673,222,145.5
4411.124546553809,22.061855670103096,223,146.0
4417.170495767836,22.319587628865982,224,143.5
4423.216444981862,22.37113402061856,225,143.0
4429.262394195889,22.783505154639176,226,139.0
4435.308343409915,22.16494845360825,227,145.0
4441.3542926239425,23.092783505154642,228,136.0
4447.400241837969,23.402061855670105,229,133.0
4453.446191051995,22.835051546391753,230,138.5
4459.492140266022,24.12371134020619,231,126.0
4465.538089480048,23.814432989690722,232,129.0
4471.584038694075,23.14432989690722,233,135.5
4477.629987908102,22.989690721649485,234,137.0
4483.675937122128,23.350515463917528,235,133.5
4489.721886336155,23.041237113402065,236,136.5
4495.767835550181,23.041237113402065,237,136.5
4501.813784764208,23.092783505154642,238,136.0
4507.8597339782345,23.814432989690722,239,129.0
4513.905683192261,23.29896907216495,240,134.0
4519.951632406288,22.216494845360828,241,144.5
4525.997581620314,22.577319587628867,242,141.0
4532.043530834341,22.88659793814433,243,138.0
4538.0894800483675,22.577319587628867,244,141.0
4544.135429262395,22.474226804123713,245,142.0
4550.181378476421,23.65979381443299,246,130.5
4556.227327690447,22.422680412371136,247,142.5
4562.273276904474,22.37113402061856,248,143.0
4568.3192261185,22.37113402061856,249,143.0
4574.3651753325275,23.711340206185568,250,130.0
4580.411124546554,22.37113402061856,251,143.0
4586.457073760581,21.90721649484536,252,147.5
4592.503022974607,21.804123711340207,253,148.5
4598.548972188633,21.443298969072167,254,152.0
4604.5949214026605,22.319587628865982,255,143.5
4610.640870616687,21.39175257731959,256,152.5
4616.686819830714,20.97938144329897,257,156.5
4622.73276904474,21.082474226804127,258,155.5
4628.778718258766,21.701030927835053,259,149.5
4634.824667472793,20.876288659793815,260,157.5
4640.87061668682,20.97938144329897,261,156.5
4646.916565900847,21.54639175257732,262,151.0
4652.962515114873,22.268041237113405,263,144.0
4659.008464328899,21.855670103092784,264,148.0
4665.054413542926,21.18556701030928,265,154.5
4671.100362756953,21.18556701030928,266,154.5
4677.14631197098,21.18556701030928,267,154.5
4683.192261185006,21.288659793814436,268,153.5
4689.238210399033,19.63917525773196,269,169.5
4695.284159613059,20.051546391752577,270,165.5
4701.3301088270855,21.082474226804127,271,155.5
4707.376058041113,20.206185567010312,272,164.0
4713.422007255139,19.226804123711343,273,173.5
4719.467956469166,21.082474226804127,274,155.5
4725.513905683192,20.876288659793815,275,157.5
4731.559854897219,20.61855670103093,276,160.0
4737.605804111246,20.25773195876289,277,163.5
4743.651753325272,19.587628865979383,278,170.0
4749.697702539299,19.536082474226806,279,170.5
4755.743651753325,19.536082474226806,280,170.5
4761.789600967352,19.84536082474227,281,167.5
4767.8355501813785,17.835051546391753,282,187.0
4773.881499395406,18.453608247422682,283,181.0
4779.927448609432,17.938144329896907,284,186.0
4785.973397823458,17.52577319587629,285,190.0
4792.019347037485,16.443298969072167,286,200.5
4798.065296251511,17.061855670103093,287,194.5
4804.111245465538,17.422680412371136,288,191.0
4810.157194679565,14.845360824742269,289,216.0
4816.203143893591,15.463917525773198,290,210.0
4822.249093107618,13.144329896907218,291,232.5
4828.295042321644,13.09278350515464,292,233.0
4834.3409915356715,13.29896907216495,293,231.0
4840.386940749698,11.030927835051548,294,253.0
4846.432889963724,10.567010309278352,295,257.5
4852.478839177751,7.731958762886599,296,285.0
4858.524788391777,7.268041237113403,297,289.5
4864.570737605804,9.329896907216495,298,269.5
4870.616686819831,10.97938144329897,299,253.5
4876.662636033858,10.77319587628866,300,255.5
4882.708585247884,12.628865979381445,301,237.5
4888.75453446191,12.835051546391753,302,235.5
4894.800483675937,13.814432989690722,303,226.0
4900.846432889964,15.000000000000002,304,214.5
4906.892382103991,14.587628865979383,305,218.5
4912.938331318017,14.63917525773196,306,218.0
4918.984280532044,15.567010309278352,307,209.0
4925.03022974607,16.443298969072167,308,200.5
4931.0761789600965,15.876288659793815,309,206.0
4937.122128174124,15.979381443298971,310,205.0
4943.16807738815,15.721649484536083,311,207.5
4949.214026602176,15.824742268041238,312,206.5
4955.259975816203,16.855670103092784,313,196.5
4961.305925030229,16.54639175257732,314,199.5
4967.351874244257,15.61855670103093,315,208.5
4973.397823458283,16.649484536082475,316,198.5
4979.44377267231,16.95876288659794,317,195.5
4985.489721886336,16.18556701030928,318,203.0
4991.535671100362,16.1340206185567,319,203.5
4997.5816203143895,16.23711340206186,320,202.5
5003.627569528416,17.216494845360828,321,193.0
5009.673518742443,16.443298969072167,322,200.5
5015.719467956469,16.90721649484536,323,196.0
5021.765417170496,16.494845360824744,324,200.0
5027.811366384522,16.95876288659794,325,195.5
5033.857315598549,16.75257731958763,326,197.5
5039.903264812576,16.18556701030928,327,203.0
5045.949214026602,15.61855670103093,328,208.5
5051.995163240629,16.855670103092784,329,196.5
5058.041112454655,16.5979381443299,330,199.0
5064.0870616686825,16.5979381443299,331,199.0
5070.133010882709,16.494845360824744,332,200.0
5076.178960096735,16.649484536082475,333,198.5
5082.224909310762,16.39175257731959,334,201.0
5088.270858524788,16.030927835051546,335,204.5
5094.3168077388145,16.649484536082475,336,198.5
5100.362756952842,17.11340206185567,337,194.0
5106.408706166869,15.515463917525775,338,209.5
5112.454655380895,15.309278350515465,339,211.5
5118.500604594921,16.030927835051546,340,204.5
5124.546553808948,15.051546391752579,341,214.0
5130.592503022975,15.979381443298971,342,205.0
5136.638452237001,15.876288659793815,343,206.0
5142.684401451028,16.1340206185567,344,203.5
5148.730350665054,16.39175257731959,345,201.0
5154.776299879081,15.515463917525775,346,209.5
5160.8222490931075,14.226804123711341,347,222.0
5166.868198307135,15.927835051546394,348,205.5
5172.914147521161,15.61855670103093,349,208.5
5178.960096735187,15.000000000000002,350,214.5
5185.006045949214,16.082474226804123,351,204.0
5191.0519951632405,15.463917525773198,352,210.0
5197.097944377268,16.030927835051546,353,204.5
5203.143893591294,15.154639175257733,354,213.0
5209.189842805321,15.000000000000002,355,214.5
5215.235792019347,14.536082474226806,356,219.0
5221.281741233373,15.309278350515465,357,211.5
5227.3276904474005,14.845360824742269,358,216.0
5233.373639661427,14.793814432989691,359,216.5
5239.419588875453,15.309278350515465,360,211.5
5245.46553808948,15.412371134020619,361,210.5
5251.511487303507,15.000000000000002,362,214.5
5257.5574365175335,14.278350515463918,363,221.5
5263.60338573156,14.793814432989691,364,216.5
5269.649334945587,14.381443298969073,365,220.5
5275.695284159613,15.000000000000002,366,214.5
5281.741233373639,14.484536082474229,367,219.5
5287.787182587666,14.226804123711341,368,222.0
5293.833131801693,14.43298969072165,369,220.0
5299.87908101572,14.484536082474229,370,219.5
5305.925030229746,14.690721649484537,371,217.5
5311.970979443773,14.536082474226806,372,219.0
5318.016928657799,14.742268041237114,373,217.0
5324.062877871826,14.381443298969073,374,220.5
5330.108827085853,15.051546391752579,375,214.0
5336.154776299879,12.731958762886599,376,236.5
5342.200725513906,14.43298969072165,377,220.0
5348.246674727932,14.742268041237114,378,217.0
5354.292623941959,14.742268041237114,379,217.0
5360.338573155986,14.381443298969073,380,220.5
5366.384522370012,14.484536082474229,381,219.5
5372.430471584039,13.402061855670103,382,230.0
5378.476420798065,13.402061855670103,383,230.0
5384.522370012091,13.762886597938145,384,226.5
5390.568319226119,13.814432989690722,385,226.0
5396.614268440146,13.247422680412372,386,231.5
5402.660217654172,13.814432989690722,387,226.0
5408.706166868198,13.762886597938145,388,226.5
5414.752116082225,13.762886597938145,389,226.5
5420.7980652962515,13.917525773195877,390,225.0
5426.844014510278,13.917525773195877,391,225.0
5432.889963724305,13.814432989690722,392,226.0
5438.935912938331,13.556701030927837,393,228.5
5444.981862152358,13.762886597938145,394,226.5
5451.027811366384,13.762886597938145,395,226.5
5457.0737605804115,13.247422680412372,396,231.5
5463.119709794438,13.195876288659795,397,232.0
5469.165659008464,13.247422680412372,398,231.5
5475.211608222491,13.556701030927837,399,228.5
5481.257557436517,13.402061855670103,400,230.0
5487.3035066505445,13.29896907216495,401,231.0
5493.349455864571,13.45360824742268,402,229.5
5499.395405078598,12.371134020618557,403,240.0
5505.441354292624,12.783505154639176,404,236.0
5511.48730350665,13.195876288659795,405,232.0
5517.533252720677,12.88659793814433,406,235.0
5523.579201934704,13.195876288659795,407,232.0
5529.625151148731,12.88659793814433,408,235.0
5535.671100362757,12.52577319587629,409,238.5
5541.717049576784,12.628865979381445,410,237.5
5547.76299879081,12.680412371134022,411,237.0
5553.808948004837,12.989690721649486,412,234.0
5559.854897218864,13.350515463917526,413,230.5
5565.90084643289,11.958762886597938,414,244.0
5571.946795646916,15.20618556701031,415,212.5
5577.992744860943,15.77319587628866,416,207.0
5584.03869407497,12.52577319587629,417,238.5
5590.084643288997,12.474226804123711,418,239.0
5596.130592503023,11.701030927835053,419,246.5
5602.17654171705,12.628865979381445,420,237.5
5608.222490931076,12.113402061855671,421,242.5
5614.268440145102,11.855670103092784,422,245.0
5620.31438935913,11.391752577319588,423,249.5
5626.360338573156,12.31958762886598,424,240.5
5632.406287787183,11.855670103092784,425,245.0
5638.452237001209,12.31958762886598,426,240.5
5644.498186215236,12.31958762886598,427,240.5
5650.5441354292625,11.804123711340207,428,245.5
5656.590084643289,11.958762886597938,429,244.0
5662.636033857316,12.422680412371134,430,239.5
5668.681983071342,12.216494845360826,431,241.5
5674.727932285369,11.907216494845361,432,244.5
5680.773881499395,11.75257731958763,433,246.0
5686.819830713423,10.515463917525773,434,258.0
5692.865779927449,11.237113402061857,435,251.0
5698.911729141475,12.268041237113403,436,241.0
5704.957678355502,11.391752577319588,437,249.5
5711.003627569528,11.855670103092784,438,245.0
5717.049576783555,11.649484536082475,439,247.0
5723.095525997582,11.804123711340207,440,245.5
5729.141475211609,11.494845360824742,441,248.5
5735.187424425635,11.443298969072165,442,249.0
5741.233373639661,10.97938144329897,443,253.5
5747.279322853688,11.288659793814434,444,250.5
5753.325272067715,11.649484536082475,445,247.0
5759.371221281741,11.804123711340207,446,245.5
5765.417170495768,11.494845360824742,447,248.5
5771.463119709794,10.721649484536083,448,256.0
5777.509068923821,11.391752577319588,449,249.5
5783.555018137848,10.670103092783506,450,256.5
5789.600967351875,10.515463917525773,451,258.0
5795.646916565901,10.103092783505156,452,262.0
5801.692865779927,11.855670103092784,453,245.0
5807.738814993954,10.77319587628866,454,255.5
5813.7847642079805,10.97938144329897,455,253.5
5819.830713422008,11.546391752577321,456,248.0
5825.876662636034,11.443298969072165,457,249.0
5831.922611850061,11.288659793814434,458,250.5
5837.968561064087,11.288659793814434,459,250.5
5844.014510278113,10.567010309278352,460,257.5
5850.060459492141,10.0,461,263.0
5856.106408706167,9.948453608247423,462,263.5
5862.152357920193,10.61855670103093,463,257.0
5868.19830713422,10.61855670103093,464,257.0
5874.244256348247,10.876288659793815,465,254.5
5880.2902055622735,10.154639175257733,466,261.5
5886.3361547763,11.134020618556702,467,252.0
5892.382103990327,10.876288659793815,468,254.5
5898.428053204353,9.742268041237114,469,265.5
5904.474002418379,10.360824742268042,470,259.5
5910.519951632406,10.051546391752579,471,262.5
5916.565900846433,11.030927835051548,472,253.0
5922.61185006046,10.103092783505156,473,262.0
5928.657799274486,10.257731958762887,474,260.5
5934.703748488513,10.103092783505156,475,262.0
5940.749697702539,10.051546391752579,476,262.5
5946.795646916566,9.43298969072165,477,268.5
5952.841596130593,10.051546391752579,478,262.5
5958.887545344619,10.515463917525773,479,258.0
5964.933494558646,10.515463917525773,480,258.0
5970.979443772672,10.051546391752579,481,262.5
5977.025392986699,10.360824742268042,482,259.5
5983.071342200726,9.793814432989691,483,265.0
5989.117291414752,9.742268041237114,484,265.5
5995.163240628779,10.412371134020619,485,259.0
6001.209189842805,10.412371134020619,486,259.0
6007.2551390568315,9.690721649484537,487,266.0
6013.301088270859,9.587628865979383,488,267.0
6019.347037484886,9.536082474226804,489,267.5
6025.392986698912,10.0,490,263.0
6031.438935912938,9.742268041237114,491,265.5
6037.484885126965,9.329896907216495,492,269.5
6043.5308343409915,9.226804123711341,493,270.5
6049.576783555018,9.484536082474227,494,268.0
6055.622732769045,10.051546391752579,495,262.5
6061.668681983072,9.07216494845361,496,272.0
6067.714631197098,9.226804123711341,497,270.5
6073.7605804111245,9.845360824742269,498,264.5
6079.806529625152,9.43298969072165,499,268.5
6085.852478839178,9.226804123711341,500,270.5
6091.898428053204,9.226804123711341,501,270.5
6097.944377267231,9.278350515463918,502,270.0
6103.990326481258,9.329896907216495,503,269.5
6110.036275695284,9.381443298969073,504,269.0
6116.082224909311,9.278350515463918,505,270.0
6122.128174123338,9.07216494845361,506,272.0
6128.174123337364,9.536082474226804,507,267.5
6134.22007255139,8.8659793814433,508,274.0
6140.2660217654175,9.175257731958764,509,271.0
6146.311970979444,9.793814432989691,510,265.0
6152.35792019347,9.587628865979383,511,267.0
6158.403869407497,9.536082474226804,512,267.5
6164.449818621524,8.969072164948454,513,273.0
6170.49576783555,9.123711340206187,514,271.5
6176.541717049577,9.484536082474227,515,268.0
6182.587666263604,8.711340206185568,516,275.5
6188.63361547763,8.608247422680414,517,276.5
6194.679564691656,9.175257731958764,518,271.0
6200.725513905683,8.8659793814433,519,274.0
6206.7714631197105,9.07216494845361,520,272.0
6212.817412333737,9.329896907216495,521,269.5
6218.863361547763,9.329896907216495,522,269.5
6224.90931076179,8.29896907216495,523,279.5
6230.955259975816,8.608247422680414,524,276.5
6237.0012091898425,8.8659793814433,525,274.0
6243.04715840387,8.09278350515464,526,281.5
6249.093107617897,8.144329896907218,527,281.0
6255.139056831922,8.29896907216495,528,279.5
6261.185006045949,8.350515463917526,529,279.0
6267.230955259976,8.8659793814433,530,274.0
6273.276904474003,8.762886597938145,531,275.0
6279.322853688029,8.8659793814433,532,274.0
6285.368802902056,8.917525773195877,533,273.5
6291.414752116082,8.608247422680414,534,276.5
6297.460701330108,8.814432989690722,535,274.5
6303.5066505441355,8.29896907216495,536,279.5
6309.552599758163,8.505154639175258,537,277.5
6315.598548972189,8.814432989690722,538,274.5
6321.644498186215,8.350515463917526,539,279.0
6327.690447400242,7.938144329896907,540,283.0
6333.736396614268,8.195876288659795,541,280.5
6339.782345828295,8.29896907216495,542,279.5
6345.828295042322,8.350515463917526,543,279.0
6351.874244256349,8.45360824742268,544,278.0
6357.920193470375,8.247422680412372,545,280.0
6363.966142684401,7.577319587628867,546,286.5
6370.0120918984285,7.5257731958762895,547,287.0
6376.058041112455,7.731958762886599,548,285.0
6382.103990326481,8.09278350515464,549,281.5
6388.149939540508,8.762886597938145,550,275.0
6394.195888754535,8.09278350515464,551,281.5
6400.241837968561,7.9896907216494855,552,282.5
6406.287787182588,7.938144329896907,553,283.0
6412.333736396615,7.9896907216494855,554,282.5
6418.379685610641,8.144329896907218,555,281.0
6424.425634824667,7.938144329896907,556,283.0
6430.471584038694,7.422680412371134,557,288.0
6436.5175332527215,7.422680412371134,558,288.0
6442.563482466747,7.577319587628867,559,286.5
6448.609431680774,7.628865979381444,560,286.0
6454.655380894801,7.577319587628867,561,286.5
6460.701330108827,7.5257731958762895,562,287.0
6466.7472793228535,7.31958762886598,563,289.0
6472.793228536881,6.855670103092784,564,293.5
6478.839177750907,7.010309278350516,565,292.0
6484.885126964933,6.804123711340207,566,294.0
6490.93107617896,6.701030927835052,567,295.0
6496.977025392987,6.855670103092784,568,293.5
6503.022974607014,6.5979381443298974,569,296.0
6509.06892382104,6.75257731958763,570,294.5
6515.114873035067,6.134020618556701,571,300.5
6521.160822249093,6.340206185567011,572,298.5
6527.206771463119,6.340206185567011,573,298.5
6533.2527206771465,5.670103092783505,574,305.0
6539.298669891174,5.670103092783505,575,305.0
6545.3446191052,5.360824742268042,576,308.0
6551.390568319226,4.948453608247423,577,312.0
6557.436517533253,4.3298969072164954,578,318.0
6563.482466747279,3.814432989690722,579,323.0
6569.528415961306,4.948453608247423,580,312.0
6575.574365175333,4.896907216494846,581,312.5
6581.62031438936,5.463917525773196,582,307.0
6587.666263603385,5.515463917525774,583,306.5
6593.712212817412,5.927835051546392,584,302.5
6599.7581620314395,5.773195876288661,585,304.0
6605.804111245466,5.927835051546392,586,302.5
6611.850060459492,6.082474226804124,587,301.0
6617.896009673519,6.030927835051547,588,301.5
6623.941958887545,6.494845360824743,589,297.0
6629.9879081015715,6.54639175257732,590,296.5
6636.033857315599,6.649484536082475,591,295.5
6642.079806529626,7.010309278350516,592,292.0
6648.125755743652,6.855670103092784,593,293.5
6654.171704957678,6.288659793814434,594,299.0
6660.217654171705,6.649484536082475,595,295.5
6666.263603385732,6.958762886597938,596,292.5
6672.309552599758,6.5979381443298974,597,296.0
6678.355501813785,6.804123711340207,598,294.0
6684.401451027812,6.5979381443298974,599,296.0
6690.447400241838,6.855670103092784,600,293.5
6696.4933494558645,6.649484536082475,601,295.5
6702.539298669892,6.855670103092784,602,293.5
6708.585247883918,6.701030927835052,603,295.0
6714.631197097944,7.31958762886598,604,289.0
6720.677146311971,7.0618556701030935,605,291.5
6726.723095525998,6.855670103092784,606,293.5
6732.769044740024,6.907216494845361,607,293.0
6738.814993954051,6.958762886597938,608,292.5
6744.860943168078,7.0618556701030935,609,291.5
6750.906892382104,6.5979381443298974,610,296.0
6756.95284159613,6.54639175257732,611,296.5
6762.9987908101575,6.649484536082475,612,295.5
6769.044740024184,6.494845360824743,613,297.0
6775.09068923821,6.855670103092784,614,293.5
6781.136638452237,6.75257731958763,615,294.5
6787.182587666264,6.54639175257732,616,296.5
6793.22853688029,6.855670103092784,617,293.5
6799.274486094317,6.701030927835052,618,295.0
6805.320435308344,6.391752577319588,619,298.0
6811.36638452237,6.443298969072165,620,297.5
6817.412333736396,6.804123711340207,621,294.0
6823.458282950423,6.391752577319588,622,298.0
6829.5042321644505,6.082474226804124,623,301.0
6835.550181378477,6.494845360824743,624,297.0
6841.596130592503,6.701030927835052,625,295.0
6847.64207980653,6.5979381443298974,626,296.0
6853.688029020556,6.54639175257732,627,296.5
6859.7339782345825,6.443298969072165,628,297.5
6865.77992744861,6.54639175257732,629,296.5
6871.825876662637,6.855670103092784,630,293.5
6877.871825876662,6.75257731958763,631,294.5
6883.917775090689,6.5979381443298974,632,296.0
6889.963724304716,6.443298969072165,633,297.5
6896.009673518743,6.804123711340207,634,294.0
6902.055622732769,6.907216494845361,635,293.0
6908.101571946796,6.237113402061856,636,299.5
6914.147521160822,6.391752577319588,637,298.0
6920.193470374848,6.54639175257732,638,296.5
6926.2394195888755,6.494845360824743,639,297.0
6932.285368802903,6.701030927835052,640,295.0
6938.331318016929,6.5979381443298974,641,296.0
6944.377267230955,6.5979381443298974,642,296.0
6950.423216444982,7.216494845360825,643,290.0
6956.4691656590085,6.237113402061856,644,299.5
6962.515114873035,6.185567010309279,645,300.0
6968.561064087062,6.54639175257732,646,296.5
6974.607013301089,6.75257731958763,647,294.5
6980.652962515115,6.391752577319588,648,298.0
6986.698911729141,5.979381443298969,649,302.0
6992.7448609431685,6.134020618556701,650,300.5
6998.790810157195,5.927835051546392,651,302.5
7004.836759371221,5.979381443298969,652,302.0
7010.882708585248,5.824742268041238,653,303.5
7016.928657799275,6.288659793814434,654,299.0
7022.9746070133015,5.927835051546392,655,302.5
7029.020556227328,6.340206185567011,656,298.5
7035.066505441355,5.876288659793815,657,303.0
7041.112454655381,5.927835051546392,658,302.5
7047.158403869407,6.185567010309279,659,300.0
7053.204353083434,5.927835051546392,660,302.5
7059.2503022974615,5.618556701030928,661,305.5
7065.296251511487,5.721649484536083,662,304.5
7071.342200725514,5.876288659793815,663,303.0
7077.388149939541,5.824742268041238,664,303.5
7083.434099153567,5.927835051546392,665,302.5
7089.480048367594,5.876288659793815,666,303.0
7095.525997581621,5.412371134020619,667,307.5
7101.571946795647,5.567010309278351,668,306.0
7107.617896009673,6.030927835051547,669,301.5
7113.6638452237,5.979381443298969,670,302.0
7119.709794437727,6.237113402061856,671,299.5
7125.755743651754,6.134020618556701,672,300.5
7131.80169286578,5.876288659793815,673,303.0
7137.847642079807,5.927835051546392,674,302.5
7143.893591293833,5.670103092783505,675,305.0
7149.939540507859,5.721649484536083,676,304.5
7155.985489721887,5.618556701030928,677,305.5
7162.031438935914,5.773195876288661,678,304.0
7168.07738814994,5.567010309278351,679,306.0
7174.123337363966,5.515463917525774,680,306.5
7180.169286577993,5.257731958762887,681,309.0
7186.2152357920195,5.154639175257732,682,310.0
7192.261185006046,5.412371134020619,683,307.5
7198.307134220073,5.360824742268042,684,308.0
7204.3530834341,6.082474226804124,685,301.0
7210.399032648125,5.773195876288661,686,304.0
7216.444981862152,5.721649484536083,687,304.5
7222.49093107618,5.927835051546392,688,302.5
7228.536880290206,5.154639175257732,689,310.0
7234.582829504232,5.154639175257732,690,310.0
7240.628778718259,5.824742268041238,691,303.5
7246.674727932285,6.907216494845361,692,293.0
7252.720677146312,5.463917525773196,693,307.0
7258.766626360339,5.206185567010309,694,309.5
7264.812575574366,5.670103092783505,695,305.0
7270.858524788392,4.948453608247423,696,312.0
7276.904474002418,4.896907216494846,697,312.5
7282.950423216445,4.742268041237113,698,314.0
7288.996372430472,4.7938144329896915,699,313.5
7295.042321644498,5.670103092783505,700,305.0
7301.088270858525,5.876288659793815,701,303.0
7307.134220072552,5.824742268041238,702,303.5
7313.180169286578,5.670103092783505,703,305.0
7319.226118500605,5.103092783505155,704,310.5
7325.272067714632,5.103092783505155,705,310.5
7331.318016928658,5.463917525773196,706,307.0
7337.363966142684,5.824742268041238,707,303.5
7343.409915356711,5.309278350515465,708,308.5
7349.455864570738,5.051546391752578,709,311.0
7355.501813784764,5.154639175257732,710,310.0
7361.547762998791,4.896907216494846,711,312.5
7367.593712212818,6.082474226804124,712,301.0
7373.639661426844,4.896907216494846,713,312.5
7379.68561064087,4.690721649484536,714,314.5
7385.731559854898,4.7938144329896915,715,313.5
7391.777509068924,4.690721649484536,716,314.5
7397.82345828295,5.206185567010309,717,309.5
7403.869407496977,4.948453608247423,718,312.0
7409.915356711004,5.051546391752578,719,311.0
7415.9613059250305,5.0,720,311.5
7422.007255139057,5.154639175257732,721,310.0
7428.053204353084,5.721649484536083,722,304.5
7434.09915356711,4.7938144329896915,723,313.5
7440.145102781136,5.0,724,311.5
7446.191051995163,5.103092783505155,725,310.5
7452.237001209191,4.896907216494846,726,312.5
7458.282950423217,5.309278350515465,727,308.5
7464.328899637243,4.845360824742269,728,313.0
7470.37484885127,5.360824742268042,729,308.0
7476.420798065296,5.154639175257732,730,310.0
7482.466747279323,5.051546391752578,731,311.0
7488.51269649335,5.0,732,311.5
7494.558645707377,4.948453608247423,733,312.0
7500.604594921402,4.845360824742269,734,313.0
7506.650544135429,5.309278350515465,735,308.5
7512.696493349456,5.257731958762887,736,309.0
7518.742442563483,5.567010309278351,737,306.0
7524.788391777509,5.360824742268042,738,308.0
7530.834340991536,5.206185567010309,739,309.5
7536.880290205562,5.154639175257732,740,310.0
7542.9262394195885,5.309278350515465,741,308.5
7548.972188633616,5.154639175257732,742,310.0
7555.018137847643,4.742268041237113,743,314.0
7561.064087061669,4.278350515463917,744,318.5
7567.110036275695,4.845360824742269,745,313.0
7573.155985489722,4.43298969072165,746,317.0
7579.2019347037485,4.690721649484536,747,314.5
7585.247883917775,4.587628865979382,748,315.5
7591.293833131802,4.381443298969073,749,317.5
7597.339782345829,5.773195876288661,750,304.0
7603.385731559855,5.463917525773196,751,307.0
7609.431680773881,4.639175257731959,752,315.0
7615.477629987909,5.0,753,311.5
7621.523579201935,4.845360824742269,754,313.0
7627.569528415961,4.639175257731959,755,315.0
7633.615477629988,5.0,756,311.5
7639.661426844015,4.896907216494846,757,312.5
7645.7073760580415,4.536082474226805,758,316.0
7651.753325272068,4.7938144329896915,759,313.5
7657.799274486095,5.051546391752578,760,311.0
7663.845223700121,5.103092783505155,761,310.5
7669.891172914147,4.587628865979382,762,315.5
7675.937122128174,4.381443298969073,763,317.5
7681.983071342202,4.484536082474227,764,316.5
7688.029020556227,4.22680412371134,765,319.0
7694.074969770254,4.381443298969073,766,317.5
7700.120918984281,4.948453608247423,767,312.0
7706.166868198307,4.896907216494846,768,312.5
7712.212817412334,6.340206185567011,769,298.5
7718.258766626361,5.773195876288661,770,304.0
7724.304715840387,4.587628865979382,771,315.5
7730.350665054413,4.587628865979382,772,315.5
7736.39661426844,4.587628865979382,773,315.5
7742.442563482467,4.381443298969073,774,317.5
7748.488512696494,3.350515463917526,775,327.5
7754.53446191052,2.6288659793814433,776,334.5
7760.580411124547,4.22680412371134,777,319.0
7766.626360338573,4.948453608247423,778,312.0
7772.6723095525995,4.948453608247423,779,312.0
7778.718258766627,4.43298969072165,780,317.0
7784.764207980654,4.43298969072165,781,317.0
7790.81015719468,5.927835051546392,782,302.5
7796.856106408706,4.3298969072164954,783,318.0
7802.902055622733,4.587628865979382,784,315.5
7808.9480048367595,4.639175257731959,785,315.0
7814.993954050786,4.22680412371134,786,319.0
7821.039903264813,6.5979381443298974,787,296.0
7827.08585247884,4.845360824742269,788,313.0
7833.131801692865,4.7938144329896915,789,313.5
7839.1777509068925,4.845360824742269,790,313.0
7845.22370012092,3.8659793814432994,791,322.5
7851.269649334946,5.927835051546392,792,302.5
7857.315598548972,4.587628865979382,793,315.5
7863.361547762999,4.175257731958763,794,319.5
7869.407496977025,5.360824742268042,795,308.0
7875.453446191052,4.742268041237113,796,314.0
7881.499395405079,4.22680412371134,797,319.0
7887.545344619106,5.412371134020619,798,307.5
7893.591293833132,4.845360824742269,799,313.0
7899.637243047158,4.072164948453609,800,320.5
7905.6831922611855,3.8659793814432994,801,322.5
7911.729141475212,5.618556701030928,802,305.5
7917.775090689238,5.360824742268042,803,308.0
7923.821039903265,3.65979381443299,804,324.5
7929.866989117292,4.587628865979382,805,315.5
7935.912938331318,4.3298969072164954,806,318.0
7941.958887545345,4.896907216494846,807,312.5
7948.004836759372,4.7938144329896915,808,313.5
7954.050785973398,4.020618556701031,809,321.0
7960.096735187424,5.618556701030928,810,305.5
7966.142684401451,5.773195876288661,811,304.0
7972.1886336154785,5.0,812,311.5
7978.234582829504,4.484536082474227,813,316.5
7984.280532043531,4.072164948453609,814,320.5
7990.326481257558,5.412371134020619,815,307.5
7996.372430471584,4.896907216494846,816,312.5
8002.4183796856105,4.7938144329896915,817,313.5
8008.464328899638,4.22680412371134,818,319.0
8014.510278113664,3.814432989690722,819,323.0
8020.55622732769,5.515463917525774,820,306.5
8026.602176541717,5.618556701030928,821,305.5
8032.648125755744,4.22680412371134,822,319.0
8038.694074969771,4.278350515463917,823,318.5
8044.740024183797,3.9175257731958766,824,322.0
8050.785973397824,4.020618556701031,825,321.0
8056.83192261185,3.6082474226804124,826,325.0
8062.877871825876,3.65979381443299,827,324.5
8068.9238210399035,4.175257731958763,828,319.5
8074.969770253931,4.22680412371134,829,319.0
8081.015719467957,3.9690721649484537,830,321.5
8087.061668681983,3.5567010309278353,831,325.5
8093.10761789601,4.587628865979382,832,315.5
8099.153567110036,3.8659793814432994,833,322.5
8105.199516324063,3.4536082474226806,834,326.5
8111.24546553809,3.814432989690722,835,323.0
8117.291414752116,3.5567010309278353,836,325.5
8123.337363966143,4.123711340206186,837,320.0
8129.383313180169,3.8659793814432994,838,322.5
8135.4292623941965,4.020618556701031,839,321.0
8141.475211608223,3.6082474226804124,840,325.0
8147.521160822249,3.814432989690722,841,323.0
8153.567110036276,3.9175257731958766,842,322.0
8159.613059250302,3.711340206185567,843,324.0
8165.659008464329,3.9175257731958766,844,322.0
8171.704957678356,3.041237113402062,845,330.5
8177.750906892383,4.278350515463917,846,318.5
8183.796856106409,4.072164948453609,847,320.5
8189.842805320435,3.814432989690722,848,323.0
8195.888754534462,4.123711340206186,849,320.0
8201.934703748488,3.2989690721649487,850,328.0
8207.980652962517,3.6082474226804124,851,325.0
8214.026602176542,3.814432989690722,852,323.0
8220.072551390567,3.4020618556701034,853,327.0
8226.118500604596,3.8659793814432994,854,322.5
8232.164449818622,4.020618556701031,855,321.0
8238.210399032649,3.814432989690722,856,323.0
8244.256348246676,3.5567010309278353,857,325.5
8250.302297460701,3.6082474226804124,858,325.0
8256.348246674728,3.7628865979381447,859,323.5
8262.394195888755,3.7628865979381447,860,323.5
8268.44014510278,3.350515463917526,861,327.5
8274.486094316808,3.350515463917526,862,327.5
8280.532043530835,4.3298969072164954,863,318.0
8286.57799274486,4.587628865979382,864,315.5
8292.623941958887,4.742268041237113,865,314.0
8298.669891172915,3.9175257731958766,866,322.0
8304.71584038694,2.8865979381443303,867,332.0
8310.761789600969,3.9690721649484537,868,321.5
8316.807738814994,3.5567010309278353,869,325.5
8322.853688029021,3.2989690721649487,870,328.0
8328.899637243048,4.175257731958763,871,319.5
8334.945586457074,4.175257731958763,872,319.5
8340.9915356711,4.22680412371134,873,319.0
8347.037484885128,2.2680412371134024,874,338.0
8353.083434099153,4.020618556701031,875,321.0
8359.12938331318,2.9381443298969074,876,331.5
8365.175332527208,3.65979381443299,877,324.5
8371.221281741233,3.0927835051546393,878,330.0
8377.26723095526,3.711340206185567,879,324.0
8383.313180169287,4.690721649484536,880,314.5
8389.359129383312,3.7628865979381447,881,323.5
8395.405078597341,3.4536082474226806,882,326.5
8401.451027811367,0.4639175257731959,883,355.5
8407.496977025392,3.4536082474226806,884,326.5
8413.542926239421,4.3298969072164954,885,318.0
8419.588875453446,3.195876288659794,886,329.0
8425.634824667473,2.4742268041237114,887,336.0
8431.6807738815,2.11340206185567,888,339.5
8437.726723095526,3.5567010309278353,889,325.5
8443.772672309553,3.2989690721649487,890,328.0
8449.81862152358,2.8865979381443303,891,332.0
8455.864570737605,3.8659793814432994,892,322.5
8461.910519951633,4.020618556701031,893,321.0
8467.95646916566,3.0927835051546393,894,330.0
8474.002418379685,3.195876288659794,895,329.0
8480.048367593712,2.9896907216494846,896,331.0
8486.09431680774,2.8350515463917527,897,332.5
8492.140266021765,3.4536082474226806,898,326.5
8498.186215235793,2.8350515463917527,899,332.5
8504.232164449819,3.350515463917526,900,327.5
8510.278113663844,2.731958762886598,901,333.5
8516.324062877873,3.505154639175258,902,326.0
8522.370012091898,3.144329896907217,903,329.5
8528.415961305926,3.5567010309278353,904,325.5
8534.461910519953,2.8350515463917527,905,332.5
8540.507859733978,3.0927835051546393,906,330.0
8546.553808948005,3.65979381443299,907,324.5
8552.599758162032,3.2474226804123716,908,328.5
8558.645707376058,3.350515463917526,909,327.5
8564.691656590085,3.4020618556701034,910,327.0
8570.737605804112,3.0927835051546393,911,330.0
8576.783555018137,2.7835051546391756,912,333.0
8582.829504232164,3.4536082474226806,913,326.5
8588.875453446191,4.278350515463917,914,318.5
8594.921402660217,3.2989690721649487,915,328.0
8600.967351874246,2.8865979381443303,916,332.0
8607.013301088271,2.4226804123711343,917,336.5
8613.059250302298,3.041237113402062,918,330.5
8619.105199516325,3.041237113402062,919,330.5
8625.15114873035,3.144329896907217,920,329.5
8631.197097944378,4.072164948453609,921,320.5
8637.243047158405,3.814432989690722,922,323.0
8643.28899637243,2.577319587628866,923,335.0
8649.334945586457,2.4742268041237114,924,336.0
8655.380894800484,2.3195876288659796,925,337.5
8661.42684401451,3.65979381443299,926,324.5
8667.472793228537,2.8865979381443303,927,332.0
8673.518742442564,3.9175257731958766,928,322.0
8679.56469165659,2.680412371134021,929,334.0
8685.610640870618,2.731958762886598,930,333.5
8691.656590084644,3.144329896907217,931,329.5
8697.702539298669,3.041237113402062,932,330.5
8703.748488512698,3.2474226804123716,933,328.5
8709.794437726723,3.0927835051546393,934,330.0
8715.84038694075,3.2989690721649487,935,328.0
8721.886336154777,3.0927835051546393,936,330.0
8727.932285368803,2.577319587628866,937,335.0
8733.97823458283,3.65979381443299,938,324.5
8740.024183796857,3.711340206185567,939,324.0
8746.070133010882,3.2474226804123716,940,328.5
8752.11608222491,2.8865979381443303,941,332.0
8758.162031438937,4.072164948453609,942,320.5
8764.207980652962,5.412371134020619,943,307.5
8770.253929866989,2.731958762886598,944,333.5
8776.299879081016,1.2371134020618557,945,348.0
8782.345828295041,1.5463917525773196,946,345.0
8788.39177750907,3.505154639175258,947,326.0
8794.437726723096,2.7835051546391756,948,333.0
8800.483675937123,2.577319587628866,949,335.0
8806.52962515115,2.8350515463917527,950,332.5
8812.575574365175,2.8350515463917527,951,332.5
8818.621523579202,3.144329896907217,952,329.5
8824.66747279323,3.350515463917526,953,327.5
8830.713422007255,2.4742268041237114,954,336.0
8836.759371221282,2.4226804123711343,955,336.5
8842.80532043531,1.2371134020618557,956,348.0
8848.851269649334,3.505154639175258,957,326.0
8854.897218863362,3.9175257731958766,958,322.0
8860.943168077389,2.8350515463917527,959,332.5
8866.989117291414,2.731958762886598,960,333.5
8873.035066505443,2.4742268041237114,961,336.0
8879.081015719468,2.061855670103093,962,340.0
8885.126964933494,-0.2577319587628866,963,362.5
8891.172914147523,0.5670103092783506,964,354.5
8897.218863361548,3.4536082474226806,965,326.5
8903.264812575575,2.4742268041237114,966,336.0
8909.310761789602,2.11340206185567,967,339.5
8915.356711003627,2.525773195876289,968,335.5
8921.402660217655,4.020618556701031,969,321.0
8927.448609431682,1.9587628865979383,970,341.0
8933.494558645707,2.11340206185567,971,339.5
8939.540507859734,1.8556701030927836,972,342.0
8945.586457073761,1.0824742268041239,973,349.5
8951.632406287787,2.6288659793814433,974,334.5
8957.678355501814,2.9381443298969074,975,331.5
8963.72430471584,1.4948453608247423,976,345.5
8969.770253929866,3.711340206185567,977,324.0
8975.816203143895,3.144329896907217,978,329.5
8981.86215235792,3.0927835051546393,979,330.0
8987.908101571946,2.8350515463917527,980,332.5
8993.954050785975,2.7835051546391756,981,333.0
9000.0,3.65979381443299,982,324.5
9006.045949214027,1.3917525773195878,983,346.5
9012.091898428054,2.3195876288659796,984,337.5
9018.13784764208,3.195876288659794,985,329.0
9024.183796856107,2.9896907216494846,986,331.0
9030.229746070134,2.4742268041237114,987,336.0
9036.27569528416,2.3711340206185567,988,337.0
9042.321644498186,2.4742268041237114,989,336.0
9048.367593712213,2.8865979381443303,990,332.0
9054.413542926239,2.9896907216494846,991,331.0
9060.459492140266,2.577319587628866,992,335.0
9066.505441354293,2.0103092783505154,993,340.5
9072.551390568318,2.1649484536082477,994,339.0
9078.597339782347,2.9381443298969074,995,331.5
9084.643288996373,2.7835051546391756,996,333.0
9090.6892382104,3.2474226804123716,997,328.5
9096.735187424427,3.5567010309278353,998,325.5
9102.781136638452,3.2989690721649487,999,328.0
9108.82708585248,3.8659793814432994,1000,322.5
9114.873035066506,2.7835051546391756,1001,333.0
9120.918984280532,2.680412371134021,1002,334.0
9126.964933494559,2.6288659793814433,1003,334.5
9133.010882708586,1.5463917525773196,1004,345.0
9139.056831922611,3.505154639175258,1005,326.0
9145.102781136638,4.278350515463917,1006,318.5
9151.148730350666,3.0927835051546393,1007,330.0
9157.19467956469,2.731958762886598,1008,333.5
9163.24062877872,3.0927835051546393,1009,330.0
9169.286577992745,1.8041237113402062,1010,342.5
9175.33252720677,2.8865979381443303,1011,332.0
9181.3784764208,3.5567010309278353,1012,325.5
9187.424425634825,3.2474226804123716,1013,328.5
9193.470374848852,3.041237113402062,1014,330.5
9199.516324062879,2.8865979381443303,1015,332.0
9205.562273276904,2.8350515463917527,1016,332.5
